actual_cleared,algorithm,average_time_s,clear_attempts,cleared,coverage_certificate,dataset,directional,distance_m,failed_clears,fallback_count,full_scan_count,local_pipeline_wall_s,measures,mesh_nodes,mode,official_validated,pending_nodes,pending_tracks,recoveries,route_calls,seed,selected_candidate,shared_measures,status,strategy_wall_s_excluding_init,stress,study_config,switches,total,virtual_time_s
14,candidate,592.8624207060208,14,14,,minimal,14,31870.36944942145,0,0,22,4.65893929998856,314,22,q4,False,0,0,0,35,2,,35,complete_coverage,3.603025600023102,edge,defer22,286,14,8300.07388988429
14,original,576.7737073518127,62,14,32_triangles_exact_coordinate_checks,minimal,14,26664.15951462693,48,8,25,5.256062500004191,426,25,q4,False,0,0,16,38,2,ring_multi_optical,12,complete_coverage,5.185363499971572,edge,previous,398,14,8074.831902925379
16,candidate,583.3313094694288,76,16,,minimal,16,35301.504757554234,60,10,22,4.345651799987536,341,22,q4,False,0,0,20,37,8,,71,complete_upper_bound,3.7121450999984518,edge,defer22,308,16,9333.30095151086
16,original,395.3396394293741,17,16,32_triangles_exact_coordinate_checks,minimal,16,19382.171154349915,1,0,25,2.9442543999757618,396,25,q4,False,0,0,0,40,8,ring_multi_optical,0,complete_upper_bound,2.918944699980784,edge,previous,386,16,6325.434230869985
14,candidate,449.5217621339971,17,14,,minimal,14,23226.523349379797,3,3,22,4.001396600040607,263,22,q4,False,0,0,0,35,2,,37,complete_coverage,3.2769391000038013,extreme,defer22,254,14,6293.304669875959
14,original,448.35003547025724,34,14,32_triangles_exact_coordinate_checks,minimal,14,22489.502482918004,20,4,25,4.560994100000244,276,25,q4,False,0,0,0,38,2,ring_multi_optical,30,complete_coverage,4.5086195999756455,extreme,previous,269,14,6276.900496583601
16,candidate,416.4221166524154,30,16,,minimal,16,25653.769332193242,14,4,22,3.547992100007832,237,22,q4,False,0,0,0,37,8,,49,complete_upper_bound,3.008393600001,extreme,defer22,225,16,6662.753866438647
16,original,394.28729255739006,27,16,32_triangles_exact_coordinate_checks,minimal,16,23292.983404591203,11,5,25,3.78265750000719,259,25,q4,False,0,0,0,40,8,ring_multi_optical,34,complete_upper_bound,3.7473739000270143,extreme,previous,242,16,6308.596680918241
14,candidate,415.1430478784959,16,14,,minimal,5,20540.013351494705,2,1,22,4.969777400023304,273,22,q4,False,0,0,0,35,2,,38,complete_coverage,4.034861900028773,random,defer22,263,14,5812.002670298943
14,original,422.69293718695826,31,14,32_triangles_exact_coordinate_checks,minimal,5,21828.505603087084,17,2,25,5.9200885000173,241,25,q4,False,0,0,0,38,2,ring_multi_optical,36,complete_coverage,5.852445899974555,random,previous,226,14,5917.701120617416
16,candidate,373.89327744073677,19,16,,minimal,6,22996.46219525894,3,2,22,4.505791699979454,218,22,q4,False,0,0,0,37,8,,37,complete_upper_bound,3.7641557999886572,random,defer22,204,16,5982.292439051788
16,original,354.18685200626396,22,16,32_triangles_exact_coordinate_checks,minimal,6,21034.94816050111,6,3,22,5.351592299994081,229,25,q4,False,3,0,0,37,8,ring_multi_optical,38,complete_upper_bound,5.308860899996944,random,previous,217,16,5666.989632100223
