actual_cleared,algorithm,average_time_s,clear_attempts,cleared,coverage_certificate,directional,distance_m,failed_clears,fallback_count,full_scan_count,measures,mesh_nodes,mode,official_validated,pending_nodes,pending_tracks,pipeline_wall_s,recoveries,route_calls,runtime_s,seed,selected_candidate,shared_measures,status,stress,switches,total,virtual_time_s
11,defer22,551.2641732191868,11,11,,7,21594.529527055285,0,0,22,284,22,q4,False,0,0,3.097731499990914,0,32,2.10442469996633,1,,23,complete_coverage,random,270,11,6063.905905411055
11,defer25,580.9254405692917,14,11,,7,21785.89923131105,3,1,25,330,25,q4,False,0,0,3.214322699990589,0,35,2.3743018999812193,1,,24,complete_coverage,random,319,11,6390.179846262209
11,defer_greedy22,551.2641732191868,11,11,,7,21594.529527055285,0,0,22,284,22,q4,False,0,0,5.298469700035639,0,32,4.262963099987246,1,,23,complete_coverage,random,270,11,6063.905905411055
11,defer_greedy25,579.3358549328792,12,11,,7,21728.472021308356,1,1,25,330,25,q4,False,0,0,4.977126899990253,0,35,4.2627067000139505,1,,24,complete_coverage,random,319,11,6372.6944042616715
11,greedy22,557.2838333940992,17,11,,7,22340.61083667546,6,2,22,267,22,q4,False,0,0,4.463795600051526,0,32,3.8591321000130847,1,,20,complete_coverage,random,254,11,6130.122167335092
11,greedy25,624.6279622799764,20,11,,7,23084.53792539869,9,2,25,364,25,q4,False,0,0,3.7407810000004247,0,35,3.2906941000255756,1,,23,complete_coverage,random,352,11,6870.90758507974
11,inner22,626.1943749191311,62,11,,7,25250.690620552246,51,8,22,275,22,q4,False,0,0,2.6853804999846034,0,32,2.1505343000171706,1,,15,complete_coverage,random,255,11,6888.138124110442
11,inner25,614.8148818053796,31,11,,7,24109.818499295867,20,6,25,308,25,q4,False,0,0,2.5226359000080265,0,35,2.1045263000414707,1,,18,complete_coverage,random,286,11,6762.963699859176
11,near22,607.1978285024204,50,11,,7,23865.88056763314,39,6,22,292,22,q4,False,0,0,2.453374199976679,0,0,1.9486635000212118,1,,17,complete_coverage,random,274,11,6679.176113526624
11,near25,668.7308774055087,20,11,,7,25370.19825730297,9,4,25,369,25,q4,False,0,0,2.4444507000152953,0,0,1.983048400026746,1,,20,complete_coverage,random,355,11,7356.039651460596
11,previous,616.6460198510423,23,11,32_triangles_exact_coordinate_checks,7,22600.531091807312,12,2,25,364,25,q4,False,0,0,2.9255232000141405,0,35,2.8613528999849223,1,ring_multi_optical,23,complete_coverage,random,352,11,6783.106218361465
11,probe22,556.1939276932239,16,11,,7,22270.666023127316,5,1,22,268,22,q4,False,0,0,4.586770099995192,0,32,4.032254900026601,1,,20,complete_coverage,random,254,11,6118.133204625463
11,probe25,614.9317471519381,14,11,,7,22616.246093356578,3,1,25,365,25,q4,False,0,0,4.054422500019427,0,35,3.583829999959562,1,,23,complete_coverage,random,352,11,6764.249218671319
11,probe_greedy22,553.1315661965326,14,11,,7,22132.2361408093,3,1,22,268,22,q4,False,0,0,6.077757999999449,0,32,4.849214299989399,1,,20,complete_coverage,random,254,11,6084.447228161859
11,probe_greedy25,618.9668849019384,15,11,,7,22823.178669606597,4,1,25,365,25,q4,False,0,0,4.592128699994646,0,35,3.941883500025142,1,,23,complete_coverage,random,352,11,6808.635733921323
11,ring22,549.9118473173514,16,11,,7,21950.15160245433,5,2,22,267,22,q4,False,0,0,3.541503400017973,0,32,2.548014800006058,1,,20,complete_coverage,random,254,11,6049.030320490866
14,defer22,415.1430478784959,16,14,,5,20540.013351494705,2,1,22,273,22,q4,False,0,0,4.9812359000206925,0,35,4.133716800017282,2,,38,complete_coverage,random,263,14,5812.002670298943
14,defer25,428.6107832523815,29,14,,5,21092.75482766671,15,3,25,280,25,q4,False,0,0,5.52851150004426,0,38,4.676933700044174,2,,34,complete_coverage,random,267,14,6000.550965533341
14,defer_greedy22,424.19441980533105,26,14,,5,21023.60938637316,12,1,22,273,22,q4,False,0,0,4.54694740002742,0,35,3.835551099968143,2,,38,complete_coverage,random,263,14,5938.721877274635
14,defer_greedy25,447.9570357946277,32,14,,5,22496.992505623934,18,3,25,277,25,q4,False,0,0,5.029291499988176,0,38,4.514840000018012,2,,31,complete_coverage,random,263,14,6271.398501124788
14,greedy22,514.1319151945656,82,14,,5,26744.234063619668,68,4,22,264,22,q4,False,0,0,6.505579899996519,0,35,5.331722899980377,2,,33,complete_coverage,random,255,14,7197.846812723918
14,greedy25,421.29562887817445,18,14,,5,21925.69402147222,4,2,25,241,25,q4,False,0,0,7.662023700017016,0,38,6.849442299979273,2,,36,complete_coverage,random,226,14,5898.138804294443
14,inner22,521.6512203975918,127,14,,5,27520.585427831487,113,10,22,234,22,q4,False,0,0,4.728408200026024,0,35,3.726576000044588,2,,12,complete_coverage,random,220,14,7303.117085566286
14,inner25,456.69553589800734,41,14,,5,23933.687512860528,27,7,25,246,25,q4,False,0,0,4.376799599966034,0,38,3.7795237000100315,2,,26,complete_coverage,random,226,14,6393.737502572103
14,near22,480.5324718379639,78,14,,5,25572.27302865747,64,6,22,227,22,q4,False,0,0,4.562051999964751,0,0,3.637968299968634,2,,18,complete_coverage,random,216,14,6727.454605731495
14,near25,495.98042114038105,54,14,,5,25203.629479826675,40,6,25,288,25,q4,False,0,0,4.377419700031169,0,0,3.627147299994249,2,,27,complete_coverage,random,273,14,6943.7258959653345
14,previous,422.69293718695826,31,14,32_triangles_exact_coordinate_checks,5,21828.505603087084,17,2,25,241,25,q4,False,0,0,6.16631130001042,0,38,6.127663200022653,2,ring_multi_optical,36,complete_coverage,random,226,14,5917.701120617416
14,probe22,494.6984506433027,76,14,,5,25423.89154503131,62,2,22,266,22,q4,False,0,0,6.678243800008204,0,35,4.909859900013544,2,,33,complete_coverage,random,255,14,6925.778309006238
14,probe25,423.1283299539872,21,14,,5,21943.983096779106,7,2,25,243,25,q4,False,0,0,7.4954860000289045,0,38,6.734225300024264,2,,36,complete_coverage,random,229,14,5923.79661935582
14,probe_greedy22,509.7477834135627,76,14,,5,26477.344838949473,62,2,22,266,22,q4,False,0,0,5.030391399981454,0,35,4.139924600021914,2,,33,complete_coverage,random,255,14,7136.468967789878
14,probe_greedy25,421.83525491058606,19,14,,5,21883.467843741026,5,2,25,243,25,q4,False,0,0,6.065827999962494,0,38,5.4788506999611855,2,,36,complete_coverage,random,229,14,5905.693568748205
14,ring22,451.50456857204625,33,14,,5,23095.319800043246,19,4,22,264,22,q4,False,0,0,5.6643069999990985,0,35,4.446718799998052,2,,33,complete_coverage,random,255,14,6321.063960008648
13,defer22,477.75503032338816,17,13,,6,22139.07697102023,4,1,22,286,22,q4,False,0,0,4.377626599976793,0,34,3.5576581999775954,3,,38,complete_coverage,random,276,13,6210.815394204046
13,defer25,501.75163063351414,13,13,,6,22868.855991178418,0,0,25,316,25,q4,False,0,0,4.514020500006154,0,37,3.868406000023242,3,,36,complete_coverage,random,304,13,6522.771198235684
13,defer_greedy22,477.4180782346785,16,13,,6,22132.175085254108,3,1,22,286,22,q4,False,0,0,6.861187299946323,0,34,5.782558800012339,3,,38,complete_coverage,random,276,13,6206.4350170508205
13,defer_greedy25,501.75163063351414,13,13,,6,22868.855991178418,0,0,25,316,25,q4,False,0,0,8.969316600007005,0,37,8.055497399996966,3,,36,complete_coverage,random,304,13,6522.771198235684
13,greedy22,547.4641275349976,100,13,,6,25085.168289774807,87,2,22,298,22,q4,False,0,0,5.815026499971282,2,34,5.039807100023609,3,,37,complete_coverage,random,284,13,7117.0336579549685
13,greedy25,466.61547536219547,26,13,,6,21535.005898542695,13,6,25,279,25,q4,False,0,0,6.40594870003406,0,37,5.80886820005253,3,,34,complete_coverage,random,260,13,6066.001179708541
13,inner22,461.45138186445365,42,13,,6,22339.339821189475,29,6,22,233,22,q4,False,0,0,3.6572970999986865,0,34,2.822286000009626,3,,23,complete_coverage,random,214,13,5998.8679642378975
13,inner25,483.2761048582833,41,13,,6,22792.94681578841,28,5,25,266,25,q4,False,0,0,3.769726099970285,0,37,2.992111700004898,3,,27,complete_coverage,random,245,13,6282.589363157683
13,near22,483.5062674610094,67,13,,6,22512.9073849656,54,4,22,262,22,q4,False,0,0,3.612880300031975,0,0,2.6528170999954455,3,,23,complete_coverage,random,246,13,6285.581476993122
13,near25,532.3704972508206,49,13,,6,25949.08232130333,36,4,25,263,25,q4,False,0,0,3.3037077999906614,0,0,2.5493645000387914,3,,15,complete_coverage,random,243,13,6920.816464260668
13,previous,466.17136543992626,40,13,32_triangles_exact_coordinate_checks,6,21296.13875359519,27,6,25,279,25,q4,False,0,0,5.095521599985659,0,37,5.059722199977841,3,ring_multi_optical,34,complete_coverage,random,260,13,6060.227750719041
13,probe22,495.4165305306188,34,13,,6,22592.074484490244,21,2,22,301,22,q4,False,0,0,6.520887899969239,2,34,5.770569499989506,3,,38,complete_coverage,random,289,13,6440.414896898044
13,probe25,460.5349546003397,16,13,,6,21219.77204902208,3,2,25,281,25,q4,False,0,0,6.7369115999899805,0,37,6.173315800027922,3,,34,complete_coverage,random,264,13,5986.954409804416
13,probe_greedy22,556.8768518891413,104,13,,6,25536.995372794147,91,2,22,301,22,q4,False,0,0,6.456063999969047,2,34,5.434424999984913,3,,38,complete_coverage,random,289,13,7239.399074558837
13,probe_greedy25,460.3031660198989,15,13,,6,21219.705791293432,2,2,25,281,25,q4,False,0,0,9.908632999984547,0,37,9.099885799980257,3,,34,complete_coverage,random,264,13,5983.941158258686
13,ring22,477.12519222090697,20,13,,6,21743.137494358936,7,2,22,297,22,q4,False,0,0,5.301965999999084,2,34,4.382355000008829,3,,36,complete_coverage,random,283,13,6202.6274988717905
15,defer22,382.3015604336936,16,15,,8,21922.61703252703,1,1,22,214,22,q4,False,0,0,6.433061200019438,0,36,5.443618100020103,4,,38,complete_coverage,random,202,15,5734.523406505405
15,defer25,388.1400913721883,18,15,,8,21235.506852914114,3,1,25,251,25,q4,False,0,0,8.902028499986045,0,39,7.6380995999788865,4,,43,complete_coverage,random,236,15,5822.1013705828245
15,defer_greedy22,382.87514236402,17,15,,8,21950.635677301503,2,1,22,214,22,q4,False,0,0,13.014050199999474,0,36,11.336465000000317,4,,38,complete_coverage,random,202,15,5743.1271354603
15,defer_greedy25,388.60013156305644,18,15,,8,21270.00986722922,3,1,25,251,25,q4,False,0,0,9.064268100017216,0,39,8.172498899977654,4,,43,complete_coverage,random,236,15,5829.0019734458465
15,greedy22,418.0076059356172,34,15,,8,23300.570445171317,19,1,22,248,22,q4,False,0,0,7.300665299990214,2,36,6.179225500032771,4,,33,complete_coverage,random,238,15,6270.1140890342585
15,greedy25,452.2274953428256,41,15,,8,26127.062150711907,26,3,25,237,25,q4,False,0,0,8.386926800012589,2,39,7.694360200024676,4,,30,complete_coverage,random,220,15,6783.4124301423835
15,inner22,445.3255543100796,58,15,,8,26239.41657325595,43,6,22,207,22,q4,False,0,0,5.908313499996439,0,36,4.473000500001945,4,,16,complete_coverage,random,193,15,6679.883314651194
15,inner25,472.00566235217684,56,15,,8,27760.424676413266,41,6,25,225,25,q4,False,0,0,5.882856499985792,2,39,5.2246751000056975,4,,22,complete_coverage,random,205,15,7080.084935282653
15,near22,419.3444808882685,57,15,,8,24450.836066620133,42,4,22,202,22,q4,False,0,0,5.738735100021586,2,0,4.911138999974355,4,,22,complete_coverage,random,189,15,6290.167213324027
15,near25,430.814990853649,36,15,,8,24566.124314023684,21,2,25,239,25,q4,False,0,0,6.4479666000115685,2,0,5.598668700025883,4,,33,complete_coverage,random,216,15,6462.2248628047355
15,previous,430.513710548259,60,15,32_triangles_exact_coordinate_checks,8,24213.52829111941,45,3,25,237,25,q4,False,0,0,10.457897900021635,2,39,10.368546399986371,4,ring_multi_optical,30,complete_coverage,random,220,15,6457.705658223885
15,probe22,444.83086351173995,108,15,,8,24177.314763380495,93,1,22,249,22,q4,False,0,0,8.33891750004841,2,36,7.113132799975574,4,,33,complete_coverage,random,238,15,6672.462952676099
15,probe25,476.3284147353128,115,15,,8,26734.631105148637,100,3,25,240,25,q4,False,0,0,10.312794200028293,2,39,9.414274899987504,4,,30,complete_coverage,random,223,15,7144.926221029692
15,probe_greedy22,422.45625722063147,35,15,,8,23594.21929154738,20,1,22,249,22,q4,False,0,0,10.907190900004935,2,36,9.474933799996506,4,,33,complete_coverage,random,238,15,6336.843858309472
15,probe_greedy25,461.9073314259237,42,15,,8,26748.04985694426,27,3,25,240,25,q4,False,0,0,11.072034999961033,2,39,10.162759399972856,4,,30,complete_coverage,random,223,15,6928.609971388855
15,ring22,390.61797156342107,24,15,,8,21396.347867256594,9,1,22,248,22,q4,False,0,0,9.805080199963413,2,36,7.731361399986781,4,,33,complete_coverage,random,238,15,5859.269573451316
11,defer22,550.9095371108514,19,11,,7,21715.02454109683,8,3,22,275,22,q4,False,0,0,4.760898500040639,0,32,3.8596921999705955,5,,27,complete_coverage,random,263,11,6060.004908219365
11,defer25,589.4872272496177,12,11,,7,22846.79749872897,1,1,25,312,25,q4,False,0,0,5.097258800000418,0,35,4.524837900011335,5,,32,complete_coverage,random,297,11,6484.359499745795
11,defer_greedy22,560.3768930933019,23,11,,7,22175.729120131607,12,3,22,275,22,q4,False,0,0,6.965806499996688,0,32,6.091553999984171,5,,27,complete_coverage,random,263,11,6164.14582402632
11,defer_greedy25,589.5313581261443,12,11,,7,22849.22469693793,1,1,25,312,25,q4,False,0,0,5.938226800004486,0,35,4.813976900011767,5,,32,complete_coverage,random,297,11,6484.844939387587
11,greedy22,637.7599857195734,101,11,,7,25181.799214576527,90,4,22,278,22,q4,False,0,0,6.118496100010816,2,32,5.172115299967118,5,,36,complete_coverage,random,264,11,7015.359842915307
11,greedy25,603.5518526942035,37,11,,7,22730.351898181183,26,5,25,329,25,q4,False,0,0,7.034453800006304,0,35,6.327148700016551,5,,17,complete_coverage,random,315,11,6639.070379636239
11,inner22,600.6244728578351,44,11,,7,24794.346007180928,33,4,22,252,22,q4,False,0,0,3.9645714000216685,0,32,3.1103635000181384,5,,11,complete_coverage,random,234,11,6606.869201436187
11,inner25,602.2208924097727,21,11,,7,24007.14908253749,10,4,25,293,25,q4,False,0,0,3.9935688999830745,0,35,3.3584072000230663,5,,16,complete_coverage,random,273,11,6624.429816507499
11,near22,593.3182418917196,53,11,,7,24067.503304044574,42,5,22,258,22,q4,False,0,0,4.40913260000525,0,0,3.3923718000296503,5,,16,complete_coverage,random,242,11,6526.500660808916
11,near25,587.3600241109345,27,11,,7,22794.801326101384,16,5,25,303,25,q4,False,0,0,4.165539200010244,0,0,3.486727499985136,5,,15,complete_coverage,random,284,11,6460.96026522028
11,previous,581.5091854585836,39,11,32_triangles_exact_coordinate_checks,7,21488.00520022206,28,5,25,329,25,q4,False,0,0,5.098266700049862,0,35,5.001875400019344,5,ring_multi_optical,17,complete_coverage,random,315,11,6396.601040044419
11,probe22,617.0564585476151,90,11,,7,24113.105220118807,79,3,22,281,22,q4,False,0,0,7.738544799969532,2,32,6.300888600002509,5,,36,complete_coverage,random,268,11,6787.6210440237655
11,probe25,596.576178469885,38,11,,7,22211.689815843707,27,4,25,333,25,q4,False,0,0,6.821607000019867,0,35,5.618881299975328,5,,18,complete_coverage,random,319,11,6562.337963168735
11,probe_greedy22,637.861740853938,93,11,,7,25212.39574696659,82,3,22,281,22,q4,False,0,0,6.4065475999959745,2,32,5.23695819999557,5,,36,complete_coverage,random,268,11,7016.479149393318
11,probe_greedy25,580.9659396849775,23,11,,7,21578.12668267375,12,4,25,333,25,q4,False,0,0,7.4732841000077315,0,35,6.768176699988544,5,,18,complete_coverage,random,319,11,6390.625336534752
11,ring22,557.7442750062781,31,11,,7,21830.93512534531,20,4,22,278,22,q4,False,0,0,5.994162300019525,2,32,4.889775299991015,5,,36,complete_coverage,random,264,11,6135.18702506906
10,defer22,560.5531280627137,13,10,,5,19657.656403135687,3,2,22,271,22,q4,False,0,0,5.05402260000119,0,31,4.106988899991848,6,,24,complete_coverage,random,260,10,5605.531280627137
10,defer25,600.9975548400814,10,10,,5,19989.87774200407,0,0,25,329,25,q4,False,0,0,4.870196899981238,0,34,3.920577500015497,6,,29,complete_coverage,random,317,10,6009.975548400814
10,defer_greedy22,565.9818040718935,17,10,,5,19844.09020359468,7,2,22,272,22,q4,False,0,0,5.20231209998019,0,31,3.9986398000037298,6,,25,complete_coverage,random,260,10,5659.818040718935
10,defer_greedy25,600.9975548400814,10,10,,5,19989.87774200407,0,0,25,329,25,q4,False,0,0,5.4646084000123665,0,34,4.791278599994257,6,,29,complete_coverage,random,317,10,6009.975548400814
10,greedy22,625.0905926937079,26,10,,5,22229.529634685394,16,4,22,286,22,q4,False,0,0,7.241523000004236,1,31,6.03025740000885,6,,29,complete_coverage,random,277,10,6250.905926937079
10,greedy25,628.3706832145336,20,10,,5,21173.53416072669,10,2,25,330,25,q4,False,0,0,6.654721300001256,0,34,5.4703596999752335,6,,29,complete_coverage,random,319,10,6283.706832145336
10,inner22,586.2308402071297,14,10,,5,20841.542010356494,4,3,22,275,22,q4,False,0,0,4.9971432000165805,0,31,4.109284600010142,6,,21,complete_coverage,random,257,10,5862.308402071298
10,inner25,645.0078767170594,30,10,,5,22190.39383585297,20,2,25,320,25,q4,False,0,0,6.02149139996618,0,34,5.271896899968851,6,,19,complete_coverage,random,302,10,6450.078767170594
10,near22,633.5952990375575,40,10,,5,22984.764951877878,30,5,22,269,22,q4,False,0,0,5.20146199996816,1,0,3.8160072999889962,6,,19,complete_coverage,random,254,10,6335.952990375576
10,near25,614.6894764761768,27,10,,5,20309.473823808832,17,2,25,333,25,q4,False,0,0,6.743955500016455,0,0,5.730900699971244,6,,30,complete_coverage,random,319,10,6146.894764761768
10,previous,616.4626696978404,27,10,32_triangles_exact_coordinate_checks,5,20443.133484892027,17,2,25,331,25,q4,False,0,0,5.47163260000525,0,34,5.361066900019068,6,ring_multi_optical,30,complete_coverage,random,320,10,6164.626696978404
10,probe22,577.8990874674425,22,10,,5,19674.954373372144,12,4,22,295,22,q4,False,0,0,6.321812299953308,0,31,5.042502299998887,6,,28,complete_coverage,random,283,10,5778.990874674426
10,probe25,613.91147659934,15,10,,5,20465.573829967005,5,2,25,332,25,q4,False,0,0,5.8121665000217035,0,34,5.005241099977866,6,,29,complete_coverage,random,321,10,6139.1147659933995
10,probe_greedy22,575.9711112832913,18,10,,5,19638.555564164573,8,4,22,295,22,q4,False,0,0,5.355457099969499,0,31,4.444585999997798,6,,28,complete_coverage,random,283,10,5759.7111128329125
10,probe_greedy25,618.1229802121153,14,10,,5,20691.149010605768,4,2,25,332,25,q4,False,0,0,5.751140300009865,0,34,4.975567699992098,6,,29,complete_coverage,random,321,10,6181.229802121153
10,ring22,583.6631012693036,26,10,,5,20158.155063465183,16,4,22,286,22,q4,False,0,0,5.27541060000658,1,31,4.338750900002196,6,,29,complete_coverage,random,277,10,5836.631012693037
13,defer22,468.24599753376356,21,13,,7,22850.989839694637,8,1,22,240,22,q4,False,0,0,5.186982900020666,0,34,4.210901100013871,7,,30,complete_coverage,random,228,13,6087.197967938926
13,defer25,471.8221972429552,23,13,,7,22288.442820792086,10,2,25,266,25,q4,False,0,0,7.014558499970008,0,37,6.014304400014225,7,,29,complete_coverage,random,251,13,6133.688564158418
13,defer_greedy22,468.34083706624494,17,13,,7,22917.15440930593,4,1,22,240,22,q4,False,0,0,5.750448299979325,0,34,4.8411403999780305,7,,30,complete_coverage,random,228,13,6088.430881861184
13,defer_greedy25,469.836096389213,17,13,,7,22249.346265298846,4,2,25,266,25,q4,False,0,0,6.408520199998748,0,37,5.465607500053011,7,,29,complete_coverage,random,251,13,6107.869253059769
13,greedy22,529.4471502304663,105,13,,7,25689.064764980307,92,5,22,237,22,q4,False,0,0,6.00383870000951,2,34,5.190614299965091,7,,29,complete_coverage,random,219,13,6882.8129529960615
13,greedy25,461.8092648045215,17,13,,7,21467.6022122939,4,2,25,275,25,q4,False,0,0,7.228898399975151,0,37,6.452400299953297,7,,36,complete_coverage,random,258,13,6003.520442458779
13,inner22,532.9749799879096,73,13,,7,26248.373699214124,60,10,22,242,22,q4,False,0,0,7.103542099997867,4,34,5.933239700039849,7,,16,complete_coverage,random,224,13,6928.674739842824
13,inner25,507.14433195486225,41,13,,7,23994.38157706605,28,8,25,277,25,q4,False,0,0,4.5289499999489635,1,37,3.856833799974993,7,,18,complete_coverage,random,260,13,6592.876315413209
13,near22,471.5280691622464,34,13,,7,22484.324495546025,21,5,22,253,22,q4,False,0,0,5.634634300018661,4,0,4.499289100000169,7,,30,complete_coverage,random,240,13,6129.864899109203
13,near25,532.2110946082431,73,13,,7,24503.721149535835,60,5,25,298,25,q4,False,0,0,4.616907400020864,3,0,3.360076399985701,7,,33,complete_coverage,random,283,13,6918.744229907161
13,previous,464.2899486554635,22,13,32_triangles_exact_coordinate_checks,7,21583.84666260512,9,2,25,274,25,q4,False,0,0,7.204686699958984,0,37,7.167808900005184,7,ring_multi_optical,35,complete_coverage,random,257,13,6035.769332521026
13,probe22,453.2710415728389,41,13,,7,21522.617702234525,28,4,22,243,22,q4,False,0,0,6.277812400017865,2,34,5.327046499995049,7,,31,complete_coverage,random,224,13,5892.523540446906
13,probe25,460.50436035163415,15,13,,7,21412.783422856228,2,1,25,275,25,q4,False,0,0,7.459333999955561,0,37,6.118154699972365,7,,35,complete_coverage,random,258,13,5986.556684571244
13,probe_greedy22,537.8346740893373,108,13,,7,26014.25381580693,95,4,22,243,22,q4,False,0,0,6.405647399951704,2,34,5.195691500033718,7,,31,complete_coverage,random,224,13,6991.850763161386
13,probe_greedy25,460.50436035163415,15,13,,7,21412.783422856228,2,1,25,275,25,q4,False,0,0,7.595579199958593,0,37,6.8401543000363745,7,,35,complete_coverage,random,258,13,5986.556684571244
13,ring22,440.004680898489,36,13,,7,20845.30425840179,23,6,22,239,22,q4,False,0,0,7.0034869000082836,2,34,6.08098859997699,7,,31,complete_coverage,random,222,13,5720.060851680358
16,defer22,373.89327744073677,19,16,,6,22996.46219525894,3,2,22,218,22,q4,False,0,0,7.140766199969221,0,37,5.9989959000376984,8,,37,complete_upper_bound,random,204,16,5982.292439051788
16,defer25,349.73629209744496,24,16,,6,20543.90336779559,8,3,22,233,25,q4,False,3,0,7.442327400029171,0,37,6.686052899982315,8,,50,complete_upper_bound,random,218,16,5595.780673559119
16,defer_greedy22,374.9623275606796,18,16,,6,23036.98620485438,2,2,22,220,22,q4,False,0,0,5.213205700041726,0,37,4.201528000005055,8,,39,complete_upper_bound,random,206,16,5999.397240970874
16,defer_greedy25,380.6539815272625,23,16,,6,22452.31852218099,7,3,25,253,25,q4,False,0,0,5.7852295999764465,0,40,5.119514400023036,8,,40,complete_upper_bound,random,234,16,6090.4637044362
16,greedy22,369.20692793732616,27,16,,6,22181.554234986103,11,4,20,229,22,q4,False,2,0,7.246665899991058,0,35,6.075294499984011,8,,41,complete_upper_bound,random,213,16,5907.3108469972185
16,greedy25,353.17086416287776,20,16,,6,21043.669133030224,4,3,22,227,25,q4,False,3,0,7.80730109999422,0,37,7.19549889996415,8,,36,complete_upper_bound,random,215,16,5650.733826606044
16,inner22,424.7365921303717,111,16,,6,26588.92737042976,95,6,22,188,22,q4,False,0,0,6.068011299998034,0,37,5.037579399999231,8,,28,complete_upper_bound,random,173,16,6795.7854740859475
16,inner25,353.15532308581095,36,16,,6,21497.42584686488,20,9,22,205,25,q4,False,3,0,6.1606083999504335,3,37,5.228147200017702,8,,39,complete_upper_bound,random,186,16,5650.485169372975
16,near22,402.51813329768004,70,16,,6,25186.450663814387,54,7,19,196,22,q4,False,3,0,5.22874910000246,1,0,4.398061700048856,8,,30,complete_upper_bound,random,181,16,6440.290132762881
16,near25,385.17638868967566,44,16,,6,23339.111095174063,28,4,24,224,25,q4,False,1,0,5.89680440002121,0,0,4.447678599972278,8,,34,complete_upper_bound,random,211,16,6162.822219034811
16,previous,354.18685200626396,22,16,32_triangles_exact_coordinate_checks,6,21034.94816050111,6,3,22,229,25,q4,False,3,0,7.5069825000246055,0,37,7.385338399966713,8,ring_multi_optical,38,complete_upper_bound,random,217,16,5666.989632100223
16,probe22,410.7215459249581,38,16,,6,24867.723673996647,22,4,22,245,22,q4,False,0,0,8.052991000004113,1,37,7.215506699983962,8,,36,complete_upper_bound,random,227,16,6571.5447347993295
16,probe25,337.6869083924819,37,16,,6,19899.95267139855,21,5,19,215,25,q4,False,6,0,7.919820399954915,1,34,7.32255439995788,8,,47,complete_upper_bound,random,205,16,5402.99053427971
16,probe_greedy22,414.1837086913738,30,16,,6,25264.696695309904,14,4,22,245,22,q4,False,0,0,6.627383999992162,1,37,5.36081290000584,8,,36,complete_upper_bound,random,227,16,6626.939339061981
16,probe_greedy25,355.8757895264187,21,16,,6,21120.063162113493,5,3,22,231,25,q4,False,3,0,7.040781300049275,0,37,6.385846600052901,8,,37,complete_upper_bound,random,220,16,5694.012632422699
16,ring22,409.599396554586,82,16,,6,24262.951724366878,66,4,22,240,22,q4,False,0,0,7.733329200011212,1,37,6.558062999974936,8,,35,complete_upper_bound,random,223,16,6553.590344873376
14,defer22,409.9985733059022,14,14,,6,20749.90013141316,0,0,22,255,22,q4,False,0,0,5.225254599994514,0,35,4.162358799949288,9,,30,complete_coverage,random,245,14,5739.980026282631
14,defer25,429.51585423326384,36,14,,6,21706.109796328463,22,4,25,258,25,q4,False,0,0,5.284763300034683,0,38,4.691109700012021,9,,40,complete_coverage,random,246,14,6013.221959265694
14,defer_greedy22,409.9985733059022,14,14,,6,20749.90013141316,0,0,22,255,22,q4,False,0,0,4.503495600016322,0,35,3.675138299993705,9,,30,complete_coverage,random,245,14,5739.980026282631
14,defer_greedy25,430.7798973672121,19,14,,6,22049.592815704847,5,4,25,258,25,q4,False,0,0,4.9695016000187024,0,38,4.311609499971382,9,,40,complete_coverage,random,246,14,6030.918563140969
14,greedy22,465.6757027561069,46,14,,6,24577.299192927472,32,6,22,242,22,q4,False,0,0,5.547842300031334,0,35,4.756914699974004,9,,29,complete_coverage,random,228,14,6519.459838585496
14,greedy25,445.4123781399607,25,14,,6,22158.866469797245,11,3,25,285,25,q4,False,0,0,5.645658900029957,0,38,5.079368700040504,9,,24,complete_coverage,random,276,14,6235.77329395945
14,inner22,476.8083292474617,56,14,,6,25781.583047322325,42,7,22,224,22,q4,False,0,0,4.703721300000325,2,35,3.8927608000230975,9,,22,complete_coverage,random,203,14,6675.316609464464
14,inner25,459.1239291059075,48,14,,6,24383.675037413534,34,9,25,233,25,q4,False,0,0,3.9174888999550603,0,38,3.2127944999956526,9,,16,complete_coverage,random,214,14,6427.735007482705
14,near22,467.5575497093833,52,14,,6,24369.02847965683,38,6,22,250,22,q4,False,0,0,4.2394682000158355,2,0,3.343794899992645,9,,23,complete_coverage,random,238,14,6545.805695931366
14,near25,471.38830939954056,52,14,,6,23327.181657967838,38,5,25,294,25,q4,False,0,0,3.5470339999883436,0,0,2.9779519999865443,9,,26,complete_coverage,random,280,14,6599.436331593568
14,previous,444.46116021074624,30,14,32_triangles_exact_coordinate_checks,6,22017.281214752238,16,3,25,285,25,q4,False,0,0,4.927521199977491,0,38,4.882530700007919,9,ring_multi_optical,24,complete_coverage,random,276,14,6222.456242950448
14,probe22,452.33936309038756,32,14,,6,23658.755416327127,18,5,22,249,22,q4,False,0,0,5.378517000004649,0,35,4.540446500002872,9,,31,complete_coverage,random,232,14,6332.751083265426
14,probe25,445.63567829514915,24,14,,6,22104.49748066043,10,3,25,288,25,q4,False,0,0,5.334391399985179,0,38,4.7135421999846585,9,,24,complete_coverage,random,278,14,6238.899496132088
14,probe_greedy22,470.48565345447344,47,14,,6,24703.995741813138,33,5,22,249,22,q4,False,0,0,5.131348400027491,0,35,4.307638400001451,9,,31,complete_coverage,random,232,14,6586.799148362628
14,probe_greedy25,445.8340326733974,21,14,,6,22163.382287137818,7,3,25,288,25,q4,False,0,0,5.06207899999572,0,38,4.494805599970277,9,,24,complete_coverage,random,278,14,6241.676457427564
14,ring22,460.6197721059181,62,14,,6,23923.384047414267,48,6,22,244,22,q4,False,0,0,5.555477199959569,0,35,4.752522599999793,9,,31,complete_coverage,random,230,14,6448.676809482854
13,defer22,454.2332496067945,14,13,,7,21610.161224441643,1,1,22,255,22,q4,False,0,0,4.33023800002411,0,34,3.5388281000196002,10,,27,complete_coverage,random,240,13,5905.032244888329
13,defer25,505.9180529342926,24,13,,7,24184.67344072903,11,1,25,276,25,q4,False,0,0,5.541305100021418,2,37,4.918294800037984,10,,34,complete_coverage,random,262,13,6576.934688145803
13,defer_greedy22,454.4775599959861,15,13,,7,21611.041399739093,2,1,22,255,22,q4,False,0,0,4.070313600008376,0,34,3.389266999962274,10,,27,complete_coverage,random,240,13,5908.208279947819
13,defer_greedy25,561.0847389097811,89,13,,7,26795.508029135737,76,1,25,276,25,q4,False,0,0,4.58087180001894,2,37,4.057605000038166,10,,34,complete_coverage,random,262,13,7294.101605827154
13,greedy22,556.8831137106151,113,13,,7,26742.40239119001,100,5,22,257,22,q4,False,0,0,4.996429799997713,2,34,4.13496870000381,10,,31,complete_coverage,random,241,13,7239.480478237996
13,greedy25,530.3295979113052,89,13,,7,25041.423864234857,76,2,25,268,25,q4,False,0,0,5.271625099994708,2,37,4.696464099979494,10,,32,complete_coverage,random,253,13,6894.284772846968
13,inner22,488.947549803301,49,13,,7,23606.590737214578,36,6,22,247,22,q4,False,0,0,4.341319400002249,2,34,3.593182100041304,10,,25,complete_coverage,random,227,13,6356.318147442913
13,inner25,480.6057840202441,37,13,,7,22049.375961315865,24,6,25,286,25,q4,False,0,0,3.8592641999712214,0,37,3.24942700000247,10,,23,complete_coverage,random,271,13,6247.875192263173
13,near22,534.3980110863275,86,13,,7,26200.870720611278,73,5,22,240,22,q4,False,0,0,3.654966100002639,0,0,2.748627500026487,10,,18,complete_coverage,random,223,13,6947.174144122258
13,near25,517.2833816381225,61,13,,7,24078.419806477963,48,5,25,286,25,q4,False,0,0,3.6827720999717712,2,0,2.959051600017119,10,,23,complete_coverage,random,270,13,6724.683961295592
13,previous,476.1818850791899,28,13,32_triangles_exact_coordinate_checks,7,22436.822530147336,15,2,25,268,25,q4,False,0,0,5.032134599983692,2,37,4.997777500015218,10,ring_multi_optical,32,complete_coverage,random,253,13,6190.364506029468
13,probe22,475.0831085095257,46,13,,7,22375.402053119175,33,5,22,259,22,q4,False,0,0,5.452277100004721,2,34,4.758700800011866,10,,28,complete_coverage,random,242,13,6176.080410623834
13,probe25,490.75588426360093,38,13,,7,23179.132477134048,25,2,25,270,25,q4,False,0,0,5.723191500001121,2,37,5.112935900047887,10,,32,complete_coverage,random,254,13,6379.8264954268125
13,probe_greedy22,564.4042410595878,117,13,,7,27116.275668873237,104,5,22,259,22,q4,False,0,0,4.946517099975608,2,34,4.025288000004366,10,,28,complete_coverage,random,242,13,7337.255133774642
13,probe_greedy25,536.1943287290144,91,13,,7,25337.631367385948,78,2,25,270,25,q4,False,0,0,4.946491800015792,2,37,4.284738100017421,10,,32,complete_coverage,random,254,13,6970.526273477187
13,ring22,450.5494617250428,33,13,,7,21150.715012127785,20,5,22,253,22,q4,False,0,0,5.362138300028164,2,34,4.536526999960188,10,,27,complete_coverage,random,237,13,5857.143002425557
12,defer22,494.2159784071327,12,12,,9,21572.958704427976,0,0,22,261,22,q4,False,0,0,4.077052699984051,0,33,3.3954877000069246,11,,33,complete_coverage,random,251,12,5930.591740885592
12,defer25,513.0171622810004,16,12,,9,21306.02973686003,4,2,25,306,25,q4,False,0,0,4.68470589997014,0,36,4.060351000051014,11,,31,complete_coverage,random,293,12,6156.2059473720055
12,defer_greedy22,494.2159784071327,12,12,,9,21572.958704427976,0,0,22,261,22,q4,False,0,0,4.881590300006792,0,33,4.205269700032659,11,,33,complete_coverage,random,251,12,5930.591740885592
12,defer_greedy25,517.1416785853221,15,12,,9,21958.500715119335,3,2,25,293,25,q4,False,0,0,5.6579905999824405,0,36,5.128626199963037,11,,28,complete_coverage,random,280,12,6205.700143023865
12,greedy22,525.8280618789803,26,12,,9,22254.68371273883,14,4,22,295,22,q4,False,0,0,3.817513999994844,0,33,3.1381792000029236,11,,28,complete_coverage,random,282,12,6309.936742547763
12,greedy25,554.6911470091974,26,12,,9,23646.468820551843,14,4,25,307,25,q4,False,0,0,4.23054180003237,0,36,3.7300042000133544,11,,34,complete_coverage,random,290,12,6656.293764110368
12,inner22,552.7605729740671,49,12,,9,24900.63437844402,37,6,22,250,22,q4,False,0,0,3.5483953000511974,0,33,2.813832599960733,11,,17,complete_coverage,random,232,12,6633.126875688806
12,inner25,602.7749905019997,124,12,,9,26056.49943011998,112,6,25,274,25,q4,False,0,0,3.7331102999742143,0,36,2.8294743000296876,11,,28,complete_coverage,random,256,12,7233.299886023997
12,near22,551.4247978659436,52,12,,9,24605.487871956608,40,8,22,255,22,q4,False,0,0,3.422453100036364,0,0,2.4201342000160366,11,,17,complete_coverage,random,241,12,6617.097574391322
12,near25,578.0974441143097,36,12,,9,24150.846646858576,24,7,25,332,25,q4,False,0,0,2.7239770999876782,0,0,2.209022000024561,11,,21,complete_coverage,random,315,12,6937.169329371717
12,previous,544.0312720083829,34,12,32_triangles_exact_coordinate_checks,9,22886.876320502965,22,4,25,307,25,q4,False,0,0,3.8229171999846585,0,36,3.7896427999949083,11,ring_multi_optical,34,complete_coverage,random,290,12,6528.375264100594
12,probe22,523.8420645117496,25,12,,9,22035.523870704987,13,4,22,299,22,q4,False,0,0,3.708734199986793,0,33,2.953453800000716,11,,28,complete_coverage,random,285,12,6286.104774140996
12,probe25,556.0449341612266,37,12,,9,23502.69604967361,25,3,25,309,25,q4,False,0,0,4.185504699999001,0,36,3.6535354999941774,11,,33,complete_coverage,random,292,12,6672.539209934719
12,probe_greedy22,528.5015342051954,29,12,,9,22255.09205231174,17,4,22,299,22,q4,False,0,0,3.5812646000413224,0,33,2.8813814999884926,11,,28,complete_coverage,random,285,12,6342.018410462345
12,probe_greedy25,549.0887764959388,22,12,,9,23310.326589756325,10,3,25,309,25,q4,False,0,0,4.7435082999872975,0,36,4.209971300035249,11,,33,complete_coverage,random,292,12,6589.065317951265
12,ring22,513.1321923980926,20,12,,9,21582.931543885574,8,4,22,295,22,q4,False,0,0,3.873246699979063,0,33,3.1550004000309855,11,,28,complete_coverage,random,282,12,6157.58630877711
10,defer22,585.835133500118,10,10,,3,19666.756675005898,0,0,22,315,22,q4,False,0,0,4.9722067000111565,0,31,3.702669700025581,12,,23,complete_coverage,random,300,10,5858.35133500118
10,defer25,664.1695407001347,18,10,,3,22008.477035006727,8,2,25,363,25,q4,False,0,0,4.8380781000014395,0,34,3.776173899997957,12,,24,complete_coverage,random,351,10,6641.695407001347
10,defer_greedy22,585.835133500118,10,10,,3,19666.756675005898,0,0,22,315,22,q4,False,0,0,4.912878300005104,0,31,3.9434530999860726,12,,23,complete_coverage,random,300,10,5858.35133500118
10,defer_greedy25,661.0910311224752,12,10,,3,21944.55155612376,2,2,25,363,25,q4,False,0,0,5.512872200051788,0,34,4.358503399998881,12,,24,complete_coverage,random,351,10,6610.910311224752
10,greedy22,631.8739447686326,22,10,,3,21398.697238431643,12,1,22,327,22,q4,False,0,0,4.752580799977295,2,31,3.8609601999633014,12,,25,complete_coverage,random,318,10,6318.739447686326
10,greedy25,650.3319954783763,18,10,,3,22056.599773918802,8,3,25,339,25,q4,False,0,0,5.077884999976959,0,34,4.315399000013713,12,,20,complete_coverage,random,323,10,6503.319954783762
10,inner22,644.6583550107636,55,10,,3,22807.917750538163,45,5,22,286,22,q4,False,0,0,4.491766799998004,0,31,3.017585899971891,12,,6,complete_coverage,random,270,10,6446.583550107635
10,inner25,644.3147986003003,21,10,,3,22210.739930015006,11,5,25,323,25,q4,False,0,0,4.082828699960373,0,34,3.3250602000043727,12,,8,complete_coverage,random,303,10,6443.147986003003
10,near22,641.272808109405,49,10,,3,22068.640405470254,39,4,22,308,22,q4,False,0,0,5.231105500017293,2,0,4.258240099996328,12,,14,complete_coverage,random,292,10,6412.72808109405
10,near25,699.6646318573794,38,10,,3,23653.231592868975,28,2,25,358,25,q4,False,0,0,3.920846699969843,0,0,2.572623499960173,12,,16,complete_coverage,random,342,10,6996.646318573794
10,previous,649.1765993024135,16,10,32_triangles_exact_coordinate_checks,3,22028.829965120665,6,3,25,339,25,q4,False,0,0,4.125694699992891,0,34,4.060046700004023,12,ring_multi_optical,20,complete_coverage,random,323,10,6491.765993024134
10,probe22,614.7328196859282,29,10,,3,20401.640984296435,19,1,22,328,22,q4,False,0,0,6.013081400014926,2,31,4.218192300002556,12,,25,complete_coverage,random,320,10,6147.328196859282
10,probe25,647.8404829797544,16,10,,3,21872.024148987715,6,3,25,342,25,q4,False,0,0,5.039158100029454,0,34,4.309433099988382,12,,20,complete_coverage,random,326,10,6478.404829797543
10,probe_greedy22,638.239633492256,23,10,,3,21666.981674612816,13,1,22,328,22,q4,False,0,0,5.331776099978015,2,31,4.183885900012683,12,,25,complete_coverage,random,320,10,6382.39633492256
10,probe_greedy25,647.8404829797544,16,10,,3,21872.024148987715,6,3,25,342,25,q4,False,0,0,5.281869900005404,0,34,4.357794800016563,12,,20,complete_coverage,random,326,10,6478.404829797543
10,ring22,593.7300406466372,15,10,,3,19596.50203233186,5,1,22,327,22,q4,False,0,0,5.213610399980098,2,31,4.2359998999745585,12,,25,complete_coverage,random,318,10,5937.300406466372
11,defer21,567.7026803177706,12,11,,7,22223.64741747739,1,1,21,292,21,q4,False,0,0,4.360198799986392,0,31,3.108209000027273,1,,22,complete_coverage,random,282,11,6244.729483495477
11,greedy21,616.0836757452723,28,11,,7,24209.602165989963,17,5,21,307,21,q4,False,0,0,5.484720100008417,0,31,3.1715846000006422,1,,22,complete_coverage,random,294,11,6776.920433197995
11,inner21,593.3626341524514,35,11,,7,24014.944878384835,24,6,21,269,21,q4,False,0,0,4.443940699973609,0,31,3.1721872000489384,1,,18,complete_coverage,random,252,11,6526.988975676965
11,near21,609.8361898616903,33,11,,7,24305.990442392977,22,5,21,290,21,q4,False,0,0,4.018551199987996,0,0,2.700770099996589,1,,22,complete_coverage,random,276,11,6708.198088478593
11,particle21,607.2663048437873,25,11,,7,23914.646766408292,14,0,21,303,21,q4,False,0,0,5.396952099981718,0,31,3.56523659999948,1,,19,complete_coverage,random,285,11,6679.929353281661
11,particle22,554.4625647250797,14,11,,7,22230.441059879395,3,0,22,267,22,q4,False,0,0,5.061884599970654,0,32,3.9984710999997333,1,,20,complete_coverage,random,254,11,6099.088211975877
11,particle25,618.1397941521411,16,11,,7,22787.68867836775,5,0,25,364,25,q4,False,0,0,4.271163499972317,0,35,3.6305479000438936,1,,23,complete_coverage,random,352,11,6799.537735673553
11,particle3,617.4144946010866,47,11,,7,24142.797203059752,36,3,21,303,21,q4,False,0,0,4.976182099955622,0,31,3.4366308000171557,1,,19,complete_coverage,random,285,11,6791.5594406119535
11,particle_defer21,567.9631199913522,12,11,,7,22237.971599524375,1,0,21,292,21,q4,False,0,0,5.066839799983427,0,31,3.060062399948947,1,,22,complete_coverage,random,282,11,6247.594319904874
11,particle_plain,607.2663048437873,25,11,,7,23914.646766408292,14,0,21,303,21,q4,False,0,0,4.897717900050338,0,31,3.3653321999590844,1,,19,complete_coverage,random,285,11,6679.929353281661
11,ring21,593.5983228939054,38,11,,7,22967.907759164795,27,5,21,303,21,q4,False,0,0,4.839349400019273,0,31,3.6522761000087485,1,,19,complete_coverage,random,285,11,6529.58155183296
14,defer21,407.6710147105233,26,14,,5,20776.97102973664,12,3,21,243,21,q4,False,0,0,5.537719500018284,0,34,4.080108999973163,2,,37,complete_coverage,random,231,14,5707.394205947327
14,greedy21,423.87395857252426,34,14,,5,21371.17710007669,20,2,21,257,21,q4,False,0,0,5.575430000026245,0,34,3.9202334999572486,2,,37,complete_coverage,random,245,14,5934.2354200153395
14,inner21,447.07795074654325,47,14,,5,23780.45655225804,33,8,21,225,21,q4,False,0,0,5.14578880002955,0,34,3.6031996000092477,2,,24,complete_coverage,random,209,14,6259.091310451606
14,near21,514.5173664435224,95,14,,5,27381.215651046557,81,9,21,238,21,q4,False,0,0,4.814710800012108,0,0,3.3265809000004083,2,,17,complete_coverage,random,224,14,7203.243130209314
14,particle21,405.64892723244554,16,14,,5,20365.424906271186,2,0,21,257,21,q4,False,0,0,5.7001511999988,0,34,4.32420940004522,2,,37,complete_coverage,random,245,14,5679.084981254237
14,particle22,497.64701537020136,76,14,,5,25680.291075914098,62,2,22,264,22,q4,False,0,0,5.699726499966346,0,35,4.877331600000616,2,,33,complete_coverage,random,255,14,6967.058215182819
14,particle25,425.8231330404192,25,14,,5,22137.619312829353,11,1,25,241,25,q4,False,0,0,6.325116300024092,0,38,5.721476599981543,2,,36,complete_coverage,random,226,14,5961.5238625658685
14,particle3,405.64892723244554,16,14,,5,20365.424906271186,2,0,21,257,21,q4,False,0,0,5.6464933000388555,0,34,4.143863099976443,2,,37,complete_coverage,random,245,14,5679.084981254237
14,particle_defer21,403.31283363536886,16,14,,5,20721.89835447582,2,0,21,240,21,q4,False,0,0,5.630782299966086,0,34,4.13959579996299,2,,34,complete_coverage,random,226,14,5646.379670895164
14,particle_plain,405.64892723244554,16,14,,5,20365.424906271186,2,0,21,257,21,q4,False,0,0,5.6367233999772,0,34,4.215770900016651,2,,37,complete_coverage,random,245,14,5679.084981254237
14,ring21,415.7472909778135,44,14,,5,20652.31036844695,30,2,21,257,21,q4,False,0,0,5.652765300008468,0,34,4.062676300003659,2,,37,complete_coverage,random,245,14,5820.462073689389
13,defer21,475.7767640391526,13,13,,6,21985.489662544922,0,0,21,289,21,q4,False,0,0,5.040356400015298,0,33,3.3638836999889463,3,,40,complete_coverage,random,278,13,6185.097932508984
13,greedy21,439.964545460126,14,13,,6,20542.695454908186,1,3,21,259,21,q4,False,0,0,5.396884099987801,0,33,3.825870400003623,3,,23,complete_coverage,random,248,13,5719.539090981638
13,inner21,478.30204447588756,65,13,,6,22959.632890932695,52,6,21,237,21,q4,False,0,0,4.806415600003675,0,33,3.2503598000039347,3,,26,complete_coverage,random,220,13,6217.926578186538
13,near21,454.0907755528044,36,13,,6,21365.90041093228,23,5,21,252,21,q4,False,0,0,4.365277000004426,0,0,2.770263100042939,3,,23,complete_coverage,random,236,13,5903.180082186457
13,particle21,455.1004876007883,27,13,,6,21331.531694051242,14,1,21,259,21,q4,False,0,0,5.912196599994786,0,33,4.283135400037281,3,,23,complete_coverage,random,248,13,5916.306338810248
13,particle22,485.03503819620124,21,13,,6,22177.277482753077,8,0,22,299,22,q4,False,0,0,5.395098000008147,2,34,4.449850799981505,3,,38,complete_coverage,random,286,13,6305.455496550616
13,particle25,459.8141542943916,15,13,,6,21197.920029135454,2,0,25,281,25,q4,False,0,0,5.854203700029757,0,37,5.175460500002373,3,,36,complete_coverage,random,262,13,5977.584005827091
13,particle3,450.0482185833667,24,13,,6,21048.134207918833,11,1,21,259,21,q4,False,0,0,5.35284700000193,0,33,3.6568346000276506,3,,23,complete_coverage,random,248,13,5850.626841583767
13,particle_defer21,475.7767640391526,13,13,,6,21985.489662544922,0,0,21,289,21,q4,False,0,0,5.63067789998604,0,33,3.749721399974078,3,,40,complete_coverage,random,278,13,6185.097932508984
13,particle_plain,455.1004876007883,27,13,,6,21331.531694051242,14,1,21,259,21,q4,False,0,0,5.231033099989872,0,33,3.83398739999393,3,,23,complete_coverage,random,248,13,5916.306338810248
13,ring21,460.1400668212593,30,13,,6,21629.104343381863,17,4,21,259,21,q4,False,0,0,5.434213500004262,0,33,4.021426799998153,3,,32,complete_coverage,random,245,13,5981.820868676371
15,defer21,417.75099993498134,18,15,,8,24816.3249951236,3,1,21,206,21,q4,False,0,0,5.876220799982548,0,35,4.306269499997143,4,,38,complete_coverage,random,189,15,6266.26499902472
15,greedy21,391.6286588369742,26,15,,8,22327.149412773062,11,6,21,219,21,q4,False,0,0,7.173318100045435,0,35,5.6078643999644555,4,,34,complete_coverage,random,206,15,5874.429882554613
15,inner21,451.31614188919553,49,15,,8,26858.710641689675,34,6,21,206,21,q4,False,0,0,5.090562900004443,0,35,3.7187101999879815,4,,21,complete_coverage,random,191,15,6769.742128337933
15,near21,418.02050700093946,33,15,,8,24416.53802507047,18,3,21,212,21,q4,False,0,0,5.419858200009912,0,0,3.98822649999056,4,,28,complete_coverage,random,198,15,6270.307605014092
15,particle21,391.5593572782509,24,15,,8,22351.95179586882,9,0,21,219,21,q4,False,0,0,7.720404400024563,0,35,5.530751899990719,4,,34,complete_coverage,random,206,15,5873.3903591737635
15,particle22,389.39006407143904,19,15,,8,21379.25480535794,4,0,22,248,22,q4,False,0,0,5.349506700003985,2,36,4.3842281000106595,4,,33,complete_coverage,random,238,15,5840.8509610715855
15,particle25,420.2921439867475,19,15,,8,24061.91079900605,4,0,25,237,25,q4,False,0,0,5.56103099999018,2,39,4.998092299967539,4,,30,complete_coverage,random,220,15,6304.382159801212
15,particle3,390.64812842977074,28,15,,8,22278.6096322328,13,1,21,217,21,q4,False,0,0,5.310022799996659,0,35,4.15888449997874,4,,32,complete_coverage,random,205,15,5859.721926446561
15,particle_defer21,417.45547521680606,17,15,,8,24809.160641260452,2,0,21,206,21,q4,False,0,0,6.71523969998816,0,35,4.774509700015187,4,,38,complete_coverage,random,189,15,6261.832128252091
15,particle_plain,391.5593572782509,24,15,,8,22351.95179586882,9,0,21,219,21,q4,False,0,0,5.241698199999519,0,35,4.038975799980108,4,,34,complete_coverage,random,206,15,5873.3903591737635
15,ring21,396.26839803506783,59,15,,8,22200.129852630096,44,6,21,218,21,q4,False,0,0,5.726411099953111,0,35,4.304409399977885,4,,33,complete_coverage,random,207,15,5944.025970526018
11,defer21,563.578140024966,11,11,,7,21586.797701373136,0,0,21,307,21,q4,False,0,0,3.6758119000005536,0,31,2.3540454999892972,5,,22,complete_coverage,random,292,11,6199.359540274627
11,greedy21,554.1227180188155,26,11,,7,22146.74949103486,15,4,21,263,21,q4,False,0,0,4.355562100012321,0,31,3.0833927000057884,5,,16,complete_coverage,random,251,11,6095.3498982069705
11,inner21,585.3488756364478,20,11,,7,24034.188160004625,9,3,21,261,21,q4,False,0,0,3.729163099953439,0,31,2.4793101000250317,5,,15,complete_coverage,random,245,11,6438.8376320009265
11,near21,573.6376956115571,34,11,,7,22850.07325863563,23,6,21,272,21,q4,False,0,0,3.495550199993886,0,0,2.204011299996637,5,,13,complete_coverage,random,256,11,6310.014651727128
11,particle21,551.0923628661787,21,11,,7,22055.079957639828,10,0,21,263,21,q4,False,0,0,5.080795900023077,0,31,3.6072153999703005,5,,16,complete_coverage,random,251,11,6062.015991527966
11,particle22,549.2653232310242,14,11,,7,21619.59277770634,3,0,22,278,22,q4,False,0,0,4.7467822000035085,2,32,3.9438952000346035,5,,36,complete_coverage,random,264,11,6041.918555541267
11,particle25,591.9948135679791,22,11,,7,22319.714746238842,11,0,25,329,25,q4,False,0,0,4.801670100016054,0,35,4.1167451000073925,5,,17,complete_coverage,random,315,11,6511.94294924777
11,particle3,572.1837988978837,60,11,,7,22630.108939383612,49,2,21,263,21,q4,False,0,0,4.486621899995953,0,31,2.948671300022397,5,,16,complete_coverage,random,251,11,6294.02178787672
11,particle_defer21,563.578140024966,11,11,,7,21586.797701373136,0,0,21,307,21,q4,False,0,0,4.2183520999969915,0,31,2.7705469999928027,5,,22,complete_coverage,random,292,11,6199.359540274627
11,particle_plain,551.0923628661787,21,11,,7,22055.079957639828,10,0,21,263,21,q4,False,0,0,4.4859628999838606,0,31,3.074940800026525,5,,16,complete_coverage,random,251,11,6062.015991527966
11,ring21,550.0721941669347,46,11,,7,21623.970679181413,35,4,21,263,21,q4,False,0,0,4.212509500037413,0,31,3.0273909000097774,5,,16,complete_coverage,random,251,11,6050.794135836281
10,defer21,653.2329671744349,20,10,,5,24311.64835872174,10,2,21,268,21,q4,False,0,0,3.9129942000145093,2,30,2.6376142999506555,6,,24,complete_coverage,random,250,10,6532.329671744348
10,greedy21,707.1957538984619,110,10,,5,25849.787694923158,100,5,21,261,21,q4,False,0,0,3.7994155999622308,2,30,2.5916427000192925,6,,15,complete_coverage,random,247,10,7071.9575389846195
10,inner21,605.9417294879579,40,10,,5,21342.0864743979,30,4,21,278,21,q4,False,0,0,3.3310747999930754,2,30,2.0549803000176325,6,,18,complete_coverage,random,261,10,6059.4172948795795
10,near21,647.8712010142723,38,10,,5,23788.560050713615,28,3,21,267,21,q4,False,0,0,3.1472336999722756,2,0,1.9447225000476465,6,,23,complete_coverage,random,252,10,6478.712010142723
10,particle21,599.7769562266698,53,10,,5,21333.84781133349,43,1,21,261,21,q4,False,0,0,3.955655800004024,2,30,2.7757707000127994,6,,15,complete_coverage,random,247,10,5997.769562266698
10,particle22,569.3152759520838,17,10,,5,19570.76379760418,7,0,22,287,22,q4,False,0,0,3.797521799977403,0,31,3.162926900025923,6,,24,complete_coverage,random,273,10,5693.152759520837
10,particle25,628.853198754495,31,10,,5,21002.65993772475,21,1,25,331,25,q4,False,0,0,4.052149499999359,0,34,3.490358799987007,6,,30,complete_coverage,random,320,10,6288.5319875449495
10,particle3,599.352460128219,55,10,,5,21282.623006410944,45,2,21,261,21,q4,False,0,0,4.356970399967395,2,30,2.837271799973678,6,,15,complete_coverage,random,247,10,5993.524601282191
10,particle_defer21,656.3340598989154,15,10,,5,24541.702994945765,5,0,21,268,21,q4,False,0,0,3.9436136999865994,2,30,2.7361453999765217,6,,24,complete_coverage,random,250,10,6563.3405989891535
10,particle_plain,690.344027356847,153,10,,5,24362.201367842394,143,2,21,261,21,q4,False,0,0,4.791898900002707,2,30,3.520434200007003,6,,15,complete_coverage,random,247,10,6903.440273568471
10,ring21,570.0400264390629,36,10,,5,20102.001321953143,26,5,21,261,21,q4,False,0,0,4.2803792000049725,2,30,3.0582210999564268,6,,15,complete_coverage,random,247,10,5700.400264390629
13,defer21,437.4619839458852,23,13,,7,20665.02895648254,10,2,21,245,21,q4,False,0,0,4.351396000012755,0,33,2.9398587999748997,7,,31,complete_coverage,random,234,13,5687.005791296508
13,greedy21,481.59194647459213,19,13,,7,23148.476520848497,6,4,21,261,21,q4,False,0,0,4.162173599994276,0,33,2.9619841999956407,7,,24,complete_coverage,random,243,13,6260.695304169698
13,inner21,508.1613412081211,39,13,,7,25005.48717852787,26,8,21,246,21,q4,False,0,0,3.7299979000235908,3,33,2.4113684999756515,7,,16,complete_coverage,random,232,13,6606.097435705574
13,near21,515.6153170235608,41,13,,7,26034.995606531458,28,7,21,227,21,q4,False,0,0,3.7212983000208624,3,0,2.4858734000008553,7,,25,complete_coverage,random,212,13,6702.99912130629
13,particle21,477.59470658679794,15,13,,7,22948.655928141867,2,0,21,261,21,q4,False,0,0,4.401024100021459,0,33,3.186383399995975,7,,24,complete_coverage,random,243,13,6208.731185628373
13,particle22,431.65545585455163,17,13,,7,20652.60463054586,4,0,22,237,22,q4,False,0,0,4.946752200019546,2,34,4.348423199960962,7,,29,complete_coverage,random,219,13,5611.520926109171
13,particle25,458.89679653413924,15,13,,7,21458.291774719055,2,0,25,270,25,q4,False,0,0,5.818562500004191,0,37,5.389879000023939,7,,31,complete_coverage,random,253,13,5965.65835494381
13,particle3,477.59470658679794,15,13,,7,22948.655928141867,2,0,21,261,21,q4,False,0,0,7.493065099988598,0,33,5.680589199997485,7,,24,complete_coverage,random,243,13,6208.731185628373
13,particle_defer21,434.572604213637,15,13,,7,20597.219273886414,2,0,21,245,21,q4,False,0,0,4.1129660999868065,0,33,2.721616399998311,7,,31,complete_coverage,random,234,13,5649.443854777282
13,particle_plain,477.59470658679794,15,13,,7,22948.655928141867,2,0,21,261,21,q4,False,0,0,7.477655599999707,0,33,5.544717199984007,7,,24,complete_coverage,random,243,13,6208.731185628373
13,ring21,476.9370052685903,20,13,,7,22830.905342458373,7,4,21,261,21,q4,False,0,0,4.4173402999877,0,33,3.1731499999877997,7,,24,complete_coverage,random,243,13,6200.1810684916745
16,defer21,388.4758477078793,30,16,,6,23858.067816630344,14,5,21,223,21,q4,False,0,0,9.625582399952691,0,36,7.516607699973974,8,,41,complete_upper_bound,random,207,16,6215.613563326069
16,greedy21,315.1405766333516,22,16,,6,18986.246130668118,6,4,17,193,21,q4,False,4,0,7.652246700017713,0,32,5.31308250001166,8,,41,complete_upper_bound,random,182,16,5042.249226133626
16,inner21,269.37809814940647,39,16,,6,16055.247851952528,23,10,13,160,21,q4,False,8,0,8.234108600008767,3,28,5.522130299999844,8,,39,complete_upper_bound,random,150,16,4310.0495703905035
16,near21,349.11328761420305,69,16,,6,21829.06300913622,53,7,17,165,21,q4,False,4,0,7.198063199990429,1,0,5.18062669999199,8,,33,complete_upper_bound,random,156,16,5585.812601827249
16,particle21,315.55236824005027,19,16,,6,19009.18945920402,3,0,17,195,21,q4,False,4,0,7.1567000999930315,0,32,5.3678157000103965,8,,43,complete_upper_bound,random,183,16,5048.837891840804
16,particle22,423.6141130848629,55,16,,6,25789.129046789018,39,2,22,240,22,q4,False,0,0,6.148419999983162,1,37,5.254749400017317,8,,35,complete_upper_bound,random,223,16,6777.825809357806
16,particle25,341.815195218195,44,16,,6,20350.21561745559,28,1,19,208,25,q4,False,6,0,7.167392099974677,1,34,6.518255400005728,8,,45,complete_upper_bound,random,195,16,5469.04312349112
16,particle3,315.55236824005027,19,16,,6,19009.18945920402,3,0,17,195,21,q4,False,4,0,6.64910979999695,0,32,5.234175699995831,8,,43,complete_upper_bound,random,183,16,5048.837891840804
16,particle_defer21,386.4502258062732,18,16,,6,23801.018064501863,2,0,21,225,21,q4,False,0,0,6.475295800017193,0,36,4.784536899998784,8,,43,complete_upper_bound,random,212,16,6183.203612900371
16,particle_plain,315.55236824005027,19,16,,6,19009.18945920402,3,0,17,195,21,q4,False,4,0,6.717025100020692,0,32,5.161991800006945,8,,43,complete_upper_bound,random,183,16,5048.837891840804
16,ring21,315.4051715074572,24,16,,6,18977.413720596574,8,4,17,193,21,q4,False,4,0,9.101046100025997,0,32,7.156133999989834,8,,41,complete_upper_bound,random,182,16,5046.482744119316
14,defer21,425.95070971677694,36,14,,6,21541.549680174376,22,4,21,255,21,q4,False,0,0,4.2533739999635145,0,34,2.956553299969528,9,,35,complete_coverage,random,244,14,5963.309936034877
14,greedy21,407.4835002290938,29,14,,6,21618.845016036572,15,7,21,212,21,q4,False,0,0,4.390397500013933,0,34,3.0445245999726467,9,,24,complete_coverage,random,206,14,5704.769003207313
14,inner21,452.1705741893799,53,14,,6,24556.940193256614,39,9,21,208,21,q4,False,0,0,3.7845000000088476,0,34,2.423577099980321,9,,16,complete_coverage,random,192,14,6330.388038651319
14,near21,469.44630378501137,53,14,,6,25721.241264950797,39,8,21,209,21,q4,False,0,0,3.4681658999761567,0,0,2.1727657000301406,9,,16,complete_coverage,random,196,14,6572.248252990159
14,particle21,428.2812207226907,29,14,,6,22669.685450588353,15,1,21,226,21,q4,False,0,0,4.269033599994145,0,34,3.151916600007098,9,,18,complete_coverage,random,217,14,5995.93709011767
14,particle22,444.26498742587063,33,14,,6,23338.54911981095,19,1,22,240,22,q4,False,0,0,3.8359058999922127,0,35,3.2639463000232354,9,,27,complete_coverage,random,225,14,6219.709823962189
14,particle25,447.9890646805706,24,14,,6,22354.234527639932,10,1,25,285,25,q4,False,0,0,4.12292500003241,0,38,3.664607500017155,9,,24,complete_coverage,random,276,14,6271.846905527988
14,particle3,441.68511546770077,58,14,,6,23417.958082739045,44,3,21,218,21,q4,False,0,0,4.258319400018081,0,34,3.0008305000374094,9,,23,complete_coverage,random,208,14,6183.591616547811
14,particle_defer21,437.1171492721586,34,14,,6,22453.200449051095,20,1,21,252,21,q4,False,0,0,4.070514800027013,0,34,2.958162499999162,9,,32,complete_coverage,random,239,14,6119.64008981022
14,particle_plain,428.2812207226907,29,14,,6,22669.685450588353,15,1,21,226,21,q4,False,0,0,4.276794200006407,0,34,2.971766300033778,9,,18,complete_coverage,random,217,14,5995.93709011767
14,ring21,437.8000718364021,67,14,,6,22826.005028548134,53,6,21,224,21,q4,False,0,0,6.103313800005708,0,34,4.2103803000063635,9,,26,complete_coverage,random,215,14,6129.2010057096295
13,defer21,480.14981973327514,27,13,,7,23454.738282662896,14,2,21,243,21,q4,False,0,0,3.9195691000204533,2,33,2.8305604999768548,10,,35,complete_coverage,random,229,13,6241.947656532577
13,greedy21,438.3972416730962,27,13,,7,21080.820708751253,14,4,21,231,21,q4,False,0,0,3.957353100006003,0,33,2.8798098999541253,10,,26,complete_coverage,random,221,13,5699.164141750251
13,inner21,479.46764074261813,69,13,,7,22465.39664827014,56,7,21,253,21,q4,False,0,0,3.1672297999612056,0,33,2.0700344999786466,10,,22,complete_coverage,random,242,13,6233.079329654036
13,near21,555.1989280760465,80,13,,7,27507.93032494299,67,8,21,244,21,q4,False,0,0,3.324028399947565,3,0,2.2643281999626197,10,,19,complete_coverage,random,230,13,7217.586064988605
13,particle21,455.19030704130455,56,13,,7,21737.36995768478,43,1,21,231,21,q4,False,0,0,4.120788799948059,0,33,3.0533626000396907,10,,26,complete_coverage,random,221,13,5917.473991536959
13,particle22,461.56305295197205,30,13,,7,21881.598441878185,17,1,22,254,22,q4,False,0,0,3.9669552999548614,2,34,3.3920274999691173,10,,28,complete_coverage,random,238,13,6000.319688375636
13,particle25,474.67136852327974,21,13,,7,22443.638954013182,8,1,25,268,25,q4,False,0,0,4.069972299970686,2,37,3.6508808999788016,10,,32,complete_coverage,random,253,13,6170.727790802636
13,particle3,444.6978688522432,39,13,,7,21310.361475395766,26,2,21,231,21,q4,False,0,0,4.401122299954295,0,33,3.347242899995763,10,,26,complete_coverage,random,221,13,5781.072295079161
13,particle_defer21,478.1949203874911,18,13,,7,23462.669825186924,5,1,21,243,21,q4,False,0,0,3.942983800021466,2,33,2.779690399998799,10,,35,complete_coverage,random,229,13,6216.533965037384
13,particle_plain,455.19030704130455,56,13,,7,21737.36995768478,43,1,21,231,21,q4,False,0,0,4.501015499990899,0,33,3.334216599992942,10,,26,complete_coverage,random,221,13,5917.473991536959
13,ring21,436.6944248994805,48,13,,7,20655.137618466233,35,4,21,231,21,q4,False,0,0,4.007614200003445,0,33,2.769316499994602,10,,26,complete_coverage,random,221,13,5677.027523693247
12,defer21,556.6517066999805,12,12,,9,25244.10240199883,0,0,21,264,21,q4,False,0,0,3.6985667999833822,0,32,2.447804700001143,11,,32,complete_coverage,random,251,12,6679.820480399767
12,greedy21,561.238831564402,43,12,,9,25404.329893864116,31,5,21,253,21,q4,False,0,0,3.655893000017386,0,32,2.580347699986305,11,,25,complete_coverage,random,236,12,6734.865978772823
12,inner21,588.6948265588704,124,12,,9,26341.689593532225,112,6,21,236,21,q4,False,0,0,3.2299980000243522,0,32,2.1073505000094883,11,,27,complete_coverage,random,220,12,7064.337918706446
12,near21,588.8941569815801,73,12,,9,26178.649418894784,61,7,21,267,21,q4,False,0,0,2.8901143000111915,0,0,1.809065199980978,11,,20,complete_coverage,random,253,12,7066.72988377896
12,particle21,578.2095852151677,82,12,,9,25747.575112910054,70,3,21,256,21,q4,False,0,0,3.9552177999867126,0,32,2.901908799947705,11,,28,complete_coverage,random,239,12,6938.515022582013
12,particle22,519.5661342668642,19,12,,9,21983.968056011865,7,0,22,295,22,q4,False,0,0,3.0833030000212602,0,33,2.5338464999804273,11,,28,complete_coverage,random,282,12,6234.79361120237
12,particle25,556.8394993791602,35,12,,9,23670.369962749606,23,1,25,306,25,q4,False,0,0,3.822461800009478,0,36,3.3898825999931432,11,,33,complete_coverage,random,289,12,6682.073992549922
12,particle3,576.5305306444357,83,12,,9,25631.831838666123,71,4,21,256,21,q4,False,0,0,4.037525700055994,0,32,2.9549558000289835,11,,28,complete_coverage,random,239,12,6918.366367733228
12,particle_defer21,556.6517066999805,12,12,,9,25244.10240199883,0,0,21,264,21,q4,False,0,0,3.364504999946803,0,32,2.262824199977331,11,,32,complete_coverage,random,251,12,6679.820480399767
12,particle_plain,579.8329209034431,83,12,,9,25829.975254206554,71,4,21,256,21,q4,False,0,0,4.154944899957627,0,32,3.0880898000323214,11,,28,complete_coverage,random,239,12,6957.995050841317
12,ring21,549.635933011982,84,12,,9,24003.155980718908,72,5,21,256,21,q4,False,0,0,4.045736700005364,0,32,2.900834299973212,11,,28,complete_coverage,random,239,12,6595.631196143785
10,defer21,580.2643759977129,18,10,,3,19513.218799885635,8,2,21,306,21,q4,False,0,0,3.0124628999619745,0,30,1.9175266999518499,12,,17,complete_coverage,random,296,10,5802.643759977129
10,greedy21,655.9099628100199,26,10,,3,23600.498140500982,16,6,21,293,21,q4,False,0,0,3.3603710000170395,0,30,2.253507199988235,12,,20,complete_coverage,random,276,10,6559.099628100199
10,inner21,626.8650969171636,21,10,,3,22698.25484585817,11,5,21,277,21,q4,False,0,0,2.6305584000074305,0,30,1.530300900049042,12,,7,complete_coverage,random,261,10,6268.650969171636
10,near21,729.5228556906,106,10,,3,25826.142784529988,96,8,21,301,21,q4,False,0,0,2.5723651999724098,0,0,1.4798907000222243,12,,2,complete_coverage,random,287,10,7295.2285569059995
10,particle21,690.2250446756265,63,10,,3,24726.252233781324,53,2,21,294,21,q4,False,0,0,4.002880099986214,0,30,2.839226799958851,12,,21,complete_coverage,random,278,10,6902.250446756265
10,particle22,604.5289048331978,21,10,,3,20046.445241659894,11,1,22,327,22,q4,False,0,0,3.5027248000260442,2,31,2.776187999988906,12,,25,complete_coverage,random,318,10,6045.289048331978
10,particle25,647.311839517544,14,10,,3,21965.59197587718,4,0,25,339,25,q4,False,0,0,3.6069092000252567,0,34,3.0230060999747366,12,,20,complete_coverage,random,323,10,6473.118395175439
10,particle3,709.4072142668977,94,10,,3,25220.360713344893,84,4,21,294,21,q4,False,0,0,3.8101772000081837,0,30,2.4500326000270434,12,,21,complete_coverage,random,278,10,7094.072142668976
10,particle_defer21,575.9641991880005,12,10,,3,19388.209959400017,2,0,21,306,21,q4,False,0,0,3.791048299986869,0,30,2.4869721999857575,12,,17,complete_coverage,random,296,10,5759.641991880006
10,particle_plain,690.2250446756265,63,10,,3,24726.252233781324,53,2,21,294,21,q4,False,0,0,3.8358396000112407,0,30,2.452508999966085,12,,21,complete_coverage,random,278,10,6902.250446756265
10,ring21,674.1060469215944,85,10,,3,23590.302346079734,75,6,21,294,21,q4,False,0,0,3.2071785000152886,0,30,1.9500649999827147,12,,21,complete_coverage,random,278,10,6741.060469215944
11,tour150,641.3400776172726,13,11,,7,26588.70426895,2,1,21,281,21,q4,False,0,0,2.2826855999883264,0,8,1.221429699973669,1,,26,complete_coverage,random,271,11,7054.740853789999
11,tour25,601.8033826927714,13,11,,7,23354.186048102423,2,1,25,317,25,q4,False,0,0,2.2556378999724984,0,5,1.19170889997622,1,,25,complete_coverage,random,303,11,6619.837209620486
11,tour350,573.0241853569731,13,11,,7,22866.330194633527,2,1,21,280,21,q4,False,0,0,2.2994188999873586,0,3,1.192858399997931,1,,25,complete_coverage,random,269,11,6303.266038926704
11,tour700,592.6726492674048,13,11,,7,23986.995709707273,2,1,21,279,21,q4,False,0,0,1.849365999980364,0,3,1.10997769999085,1,,24,complete_coverage,random,266,11,6519.399141941453
11,tour_eager,631.0715694700882,61,11,,7,25423.93632085486,50,2,21,277,21,q4,False,0,0,1.8975773000274785,0,4,1.1578625999973156,1,,20,complete_coverage,random,267,11,6941.78726417097
14,tour150,461.5973041118643,15,14,,5,25056.8112878305,1,1,21,231,21,q4,False,0,0,2.26819869998144,0,7,1.4987822999828495,2,,36,complete_coverage,random,223,14,6462.3622575661
14,tour25,460.9438709319127,17,14,,5,24311.0709652339,3,2,25,254,25,q4,False,0,0,3.053869700001087,0,5,1.7228969999705441,2,,38,complete_coverage,random,242,14,6453.214193046778
14,tour350,435.05639566519403,15,14,,5,23208.947696563584,1,1,21,231,21,q4,False,0,0,2.607041699986439,0,5,1.7978876000270247,2,,36,complete_coverage,random,221,14,6090.789539312716
14,tour700,444.5850928741753,15,14,,5,23910.956501192268,1,1,21,230,21,q4,False,0,0,2.6561253999825567,0,4,1.8164376000058837,2,,35,complete_coverage,random,219,14,6224.1913002384545
14,tour_eager,452.8014954333926,55,14,,5,23891.10468033749,41,4,21,230,21,q4,False,0,0,2.675074400031008,1,3,1.8685074000386521,2,,31,complete_coverage,random,218,14,6339.220936067496
13,tour150,488.2115517619692,13,13,,6,24128.750864528003,0,0,21,244,21,q4,False,0,0,2.451105699990876,0,8,1.656322300026659,3,,35,complete_coverage,random,236,13,6346.750172905599
13,tour25,489.4821135924373,13,13,,6,23641.33738350842,0,0,25,264,25,q4,False,0,0,2.5581519000115804,0,7,1.5315239999908954,3,,31,complete_coverage,random,250,13,6363.267476701685
13,tour350,476.01864810073306,15,13,,6,23291.21212654766,2,1,21,245,21,q4,False,0,0,2.652059099986218,0,5,1.8496551999705844,3,,36,complete_coverage,random,234,13,6188.24242530953
13,tour700,489.7063276867754,13,13,,6,24215.911299640407,0,0,21,245,21,q4,False,0,0,2.5916218999773264,0,4,1.60910880001029,3,,36,complete_coverage,random,233,13,6366.18225992808
13,tour_eager,530.5993134966775,44,13,,6,26453.955377284034,31,4,21,244,21,q4,False,0,0,2.399507599999197,0,4,1.547054200025741,3,,30,complete_coverage,random,229,13,6897.791075456807
15,tour150,425.220223043947,16,15,,8,25191.51672829602,1,1,21,212,21,q4,False,0,0,2.631377599958796,0,8,1.8949804000440054,4,,40,complete_coverage,random,202,15,6378.303345659205
15,tour25,438.4215093349008,16,15,,8,25781.61320011756,1,1,25,226,25,q4,False,0,0,3.0167129000183195,0,7,1.8016690000076778,4,,38,complete_coverage,random,212,15,6576.322640023512
15,tour350,409.8283632481273,16,15,,8,24302.127243609542,1,1,21,204,21,q4,False,0,0,3.1230948000447825,0,6,2.2111078999587335,4,,32,complete_coverage,random,189,15,6147.42544872191
15,tour700,435.188125331758,15,15,,8,26219.109399881854,0,0,21,204,21,q4,False,0,0,3.084625400020741,0,2,2.0817523999721743,4,,32,complete_coverage,random,189,15,6527.82187997637
15,tour_eager,425.0120508210908,43,15,,8,24910.903811581804,28,3,21,208,21,q4,False,0,0,2.6875291999895126,0,6,1.8593322999658994,4,,34,complete_coverage,random,194,15,6375.180762316361
11,tour150,608.9980258877597,11,11,,7,24869.891423826783,0,0,21,280,21,q4,False,0,0,2.0863113999948837,0,9,1.278520899999421,5,,28,complete_coverage,random,270,11,6698.978284765357
11,tour25,607.1278927721769,11,11,,7,23977.034102469737,0,0,25,307,25,q4,False,0,0,3.0594982000184245,0,7,1.6975720999762416,5,,23,complete_coverage,random,293,11,6678.406820493946
11,tour350,601.4359391031235,11,11,,7,24513.97665067179,0,0,21,278,21,q4,False,0,0,2.1990251999814063,0,7,1.3811794000212103,5,,26,complete_coverage,random,268,11,6615.795330134358
11,tour700,582.3518438877217,11,11,,7,23499.35141382469,0,0,21,277,21,q4,False,0,0,2.823264999955427,0,2,1.8864628999726847,5,,25,complete_coverage,random,266,11,6405.870282764939
11,tour_eager,655.8983305468212,64,11,,7,26754.40818007518,53,4,21,278,21,q4,False,0,0,2.8168805000022985,0,5,1.5065764000173658,5,,22,complete_coverage,random,260,11,7214.881636015033
10,tour150,667.0611121821081,18,10,,5,24693.055609105413,8,1,21,279,21,q4,False,0,0,2.801462500006892,2,4,1.6864003000082448,6,,22,complete_coverage,random,263,10,6670.611121821081
10,tour25,666.9171892663634,10,10,,5,23670.859463318175,0,0,25,317,25,q4,False,0,0,2.6811764999874867,0,3,1.0796352999750525,6,,18,complete_coverage,random,300,10,6669.171892663634
10,tour350,637.2317671117429,18,10,,5,23256.588355587148,8,1,21,277,21,q4,False,0,0,2.6218089999747463,2,2,1.5947942999773659,6,,20,complete_coverage,random,262,10,6372.317671117429
10,tour700,678.6770383401733,20,10,,5,25148.851917008666,10,2,21,282,21,q4,False,0,0,2.681218200013973,2,2,1.6379370000213385,6,,24,complete_coverage,random,267,10,6786.770383401733
10,tour_eager,676.4784769911082,34,10,,5,24798.923849555413,24,3,21,283,21,q4,False,0,0,2.761120800045319,2,3,1.5931504999753088,6,,24,complete_coverage,random,268,10,6764.784769911083
13,tour150,499.18350540716204,16,13,,7,24876.927851465527,3,2,21,242,21,q4,False,0,0,2.7692686000373214,2,7,1.9886869000038132,7,,34,complete_coverage,random,230,13,6489.385570293107
13,tour25,498.20966829931876,14,13,,7,23473.628439455722,1,1,25,288,25,q4,False,0,0,3.3803337000426836,0,5,1.8712855000048876,7,,37,complete_coverage,random,274,13,6476.725687891144
13,tour350,488.35731889219784,16,13,,7,24173.225727992856,3,1,21,242,21,q4,False,0,0,4.54347279999638,2,5,3.4264767999993637,7,,35,complete_coverage,random,230,13,6348.645145598572
13,tour700,498.7122478397632,25,13,,7,24806.2961095846,12,3,21,239,21,q4,False,0,0,5.861879399977624,2,3,2.9228263000259176,7,,32,complete_coverage,random,226,13,6483.259221916922
13,tour_eager,501.6376571608164,33,13,,7,24851.447715453058,20,2,21,240,21,q4,False,0,0,4.35588489996735,2,4,2.1301476000226103,7,,31,complete_coverage,random,226,13,6521.289543090613
16,tour150,414.232395851411,16,16,,6,27018.591668112873,0,0,21,192,21,q4,False,0,0,3.5147668999852613,0,15,2.3996334000257775,8,,40,complete_upper_bound,random,184,16,6627.718333622576
16,tour25,407.0494115578803,24,16,,6,25923.952924630416,8,3,25,206,25,q4,False,0,0,4.04906160000246,0,6,2.4887364000314847,8,,46,complete_upper_bound,random,194,16,6512.790584926085
16,tour350,391.98123852972606,17,16,,6,25268.499082378094,1,2,21,191,21,q4,False,0,0,3.8977956000017002,0,6,2.92609529994661,8,,39,complete_upper_bound,random,180,16,6271.699816475617
16,tour700,409.8376846157367,34,16,,6,26522.01476925893,18,5,21,189,21,q4,False,0,0,4.215715600003023,0,3,3.167878500011284,8,,36,complete_upper_bound,random,174,16,6557.402953851787
16,tour_eager,465.5777647356605,107,16,,6,29871.22117885282,91,6,21,189,21,q4,False,0,0,3.7833069000043906,0,5,2.510410499991849,8,,33,complete_upper_bound,random,177,16,7449.244235770568
14,tour150,453.7356206474406,14,14,,6,24646.493445320844,0,0,21,227,21,q4,False,0,0,3.1032891999930143,0,6,1.9739911999786273,9,,34,complete_coverage,random,218,14,6352.298689064169
14,tour25,491.79610489932196,25,14,,6,26555.727342952556,11,1,25,247,25,q4,False,0,0,4.204683699994348,2,6,2.6430936999968253,9,,32,complete_coverage,random,236,14,6885.145468590507
14,tour350,456.0639306444674,14,14,,6,24904.47514511272,0,0,21,224,21,q4,False,0,0,3.00738409999758,0,5,2.0039473999640904,9,,31,complete_coverage,random,214,14,6384.895029022544
14,tour700,446.3914722144681,14,14,,6,24192.403055012765,0,0,21,225,21,q4,False,0,0,3.5758815000299364,0,4,2.5640514999977313,9,,32,complete_coverage,random,216,14,6249.480611002553
14,tour_eager,475.15142758421155,51,14,,6,25720.599930894805,37,4,21,223,21,q4,False,0,0,3.7452607000013813,0,2,2.170707500015851,9,,25,complete_coverage,random,212,14,6652.119986178962
13,tour150,510.9971628349503,24,13,,7,25574.815584271797,11,1,21,240,21,q4,False,0,0,3.857279199990444,2,9,2.5417534000007436,10,,32,complete_coverage,random,230,13,6642.963116854354
13,tour25,535.842183356799,26,13,,7,26114.741918191943,13,2,25,275,25,q4,False,0,0,5.633749099972192,2,7,3.7382630999782123,10,,33,complete_coverage,random,264,13,6965.948383638387
13,tour350,496.47510082956626,26,13,,7,24545.881553921823,13,2,21,242,21,q4,False,0,0,3.618501599994488,2,6,2.2199144000187516,10,,34,complete_coverage,random,231,13,6454.176310784362
13,tour700,516.5718338063703,26,13,,7,25792.169197414067,13,2,21,244,21,q4,False,0,0,3.244553300028201,2,3,2.200270899978932,10,,36,complete_coverage,random,233,13,6715.433839482813
13,tour_eager,504.5205308178352,38,13,,7,25013.834503159294,25,3,21,238,21,q4,False,0,0,4.175617599976249,2,5,3.1630622999509797,10,,29,complete_coverage,random,226,13,6558.766900631857
12,tour150,563.8976811873697,12,12,,9,25783.860871242185,0,1,21,260,21,q4,False,0,0,4.338459999999031,0,9,2.3450630999868736,11,,39,complete_coverage,random,250,12,6766.772174248436
12,tour25,549.1603025470449,12,12,,9,24034.618152822703,0,1,25,289,25,q4,False,0,0,4.69609159999527,0,6,2.9880738999927416,11,,31,complete_coverage,random,278,12,6589.923630564539
12,tour350,546.3712884174987,12,12,,9,24982.277305049927,0,1,21,252,21,q4,False,0,0,3.612863699963782,0,6,2.204115099972114,11,,31,complete_coverage,random,240,12,6556.455461009985
12,tour700,539.5229090772295,12,12,,9,24541.374544633778,0,1,21,253,21,q4,False,0,0,3.236458500032313,0,4,1.9921531999716535,11,,32,complete_coverage,random,241,12,6474.2749089267545
12,tour_eager,539.6384186695161,34,12,,9,24363.305120170964,22,3,21,248,21,q4,False,0,0,3.108432699984405,0,4,2.059307599964086,11,,26,complete_coverage,random,237,12,6475.661024034193
10,tour150,690.83080558872,10,10,,3,25671.54027943601,0,0,21,289,21,q4,False,0,0,4.272769499977585,0,10,2.8392656999640167,12,,23,complete_coverage,random,279,10,6908.3080558872
10,tour25,665.2594924221128,15,10,,3,23062.97462110564,5,1,25,331,25,q4,False,0,0,2.2438876000232995,0,2,1.023546600015834,12,,20,complete_coverage,random,320,10,6652.594924221127
10,tour350,679.307749982613,18,10,,3,25160.38749913065,8,2,21,283,21,q4,False,0,0,3.938149699999485,0,4,1.9209115999983624,12,,17,complete_coverage,random,272,10,6793.07749982613
10,tour700,655.3516719469687,18,10,,3,24067.58359734844,8,2,21,280,21,q4,False,0,0,3.3281123000197113,0,1,1.4758583000511862,12,,14,complete_coverage,random,266,10,6553.516719469687
10,tour_eager,691.3630567636482,57,10,,3,25268.152838182406,47,6,21,281,21,q4,False,0,0,2.1605871999636292,0,1,1.2733451999956742,12,,10,complete_coverage,random,264,10,6913.630567636482
11,active21,609.5490906832122,15,11,,7,24025.199987576674,4,4,21,309,21,q4,False,0,0,2.3567887999815866,0,31,1.6562317000352778,1,,23,complete_coverage,random,288,11,6705.039997515334
11,active_default,573.8263682923076,15,11,,7,23220.45025607693,4,1,22,269,22,q4,False,0,0,2.0907372999936342,0,32,1.6971070999861695,1,,21,complete_coverage,random,256,11,6312.090051215384
11,active_defer,551.2641732191868,11,11,,7,21594.529527055285,0,0,22,284,22,q4,False,0,0,1.867852600000333,0,32,1.498558499966748,1,,23,complete_coverage,random,270,11,6063.905905411055
11,active_full,603.3360748429507,15,11,,7,24818.48411636229,4,1,22,270,22,q4,False,0,0,2.1945020999992266,0,32,1.8269327000016347,1,,21,complete_coverage,random,256,11,6636.696823272458
11,active_half,559.8784846926083,12,11,,7,22438.316658093463,1,2,22,271,22,q4,False,0,0,2.1336365999886766,0,32,1.7324888000148349,1,,23,complete_coverage,random,258,11,6158.663331618691
11,active_narrow,567.4639635978874,11,11,,7,22965.517997883806,0,1,22,268,22,q4,False,0,0,2.2336071000318043,0,32,1.8532137000001967,1,,20,complete_coverage,random,254,11,6242.103599576762
11,active_twice,578.5697160079717,15,11,,7,23391.33438043845,4,1,22,272,22,q4,False,0,0,2.1800028000143357,0,32,1.8007415999891236,1,,23,complete_coverage,random,259,11,6364.266876087689
11,active_wide,576.0714119616255,11,11,,7,23373.9276578894,0,0,22,270,22,q4,False,0,0,2.1828585999901406,0,32,1.7970365000073798,1,,22,complete_coverage,random,257,11,6336.78553157788
14,active21,416.763972566038,23,14,,5,20958.47807962267,9,2,21,260,21,q4,False,0,0,2.8057153000263497,0,34,1.9557397999451496,2,,38,complete_coverage,random,246,14,5834.695615924532
14,active_default,473.24955386735064,32,14,,5,24522.46877071456,18,4,22,268,22,q4,False,0,0,2.4218020000262186,0,35,2.0060179000138305,2,,34,complete_coverage,random,257,14,6625.493754142909
14,active_defer,416.07335131289693,16,14,,5,20580.134591902777,2,1,22,274,22,q4,False,0,0,2.2426518000429496,0,35,1.8397010000189766,2,,38,complete_coverage,random,263,14,5825.026918380557
14,active_full,481.36057096248396,28,14,,5,25185.239967373884,14,3,22,267,22,q4,False,0,0,2.4284222000278533,0,35,2.0460334999952465,2,,33,complete_coverage,random,255,14,6739.0479934747755
14,active_half,445.38573460300057,36,14,,5,22597.001422210058,22,4,22,265,22,q4,False,0,0,2.490459099994041,0,35,2.0316281999694183,2,,34,complete_coverage,random,255,14,6235.400284442008
14,active_narrow,443.24625416793253,33,14,,5,22457.23779175529,19,4,22,266,22,q4,False,0,0,2.4098406999837607,0,35,2.0149909000028856,2,,34,complete_coverage,random,257,14,6205.447558351056
14,active_twice,448.5859265005512,18,14,,5,22931.014855038597,4,2,22,271,22,q4,False,0,0,2.430879899999127,0,35,2.050270300009288,2,,35,complete_coverage,random,257,14,6280.202971007717
14,active_wide,475.00114886083765,28,14,,5,24705.080420258637,14,3,22,268,22,q4,False,0,0,2.3859091000049375,0,35,1.9878645000280812,2,,34,complete_coverage,random,257,14,6650.016084051727
13,active21,488.99568642973816,15,13,,6,23569.719617932973,2,1,21,264,21,q4,False,0,0,2.451497800007928,0,33,1.708126400015317,3,,26,complete_coverage,random,252,13,6356.943923586596
13,active_default,509.3015443421858,18,13,,6,23799.600382242083,5,2,22,299,22,q4,False,0,0,2.5587684999918565,2,34,2.1750476000015624,3,,35,complete_coverage,random,286,13,6620.920076448416
13,active_defer,477.75503032338816,17,13,,6,22139.07697102023,4,1,22,286,22,q4,False,0,0,2.0243507999693975,0,34,1.6382448999793269,3,,38,complete_coverage,random,276,13,6210.815394204046
13,active_full,523.6909321460585,18,13,,6,24734.9105894938,5,1,22,299,22,q4,False,0,0,2.406796699971892,2,34,1.983850699965842,3,,35,complete_coverage,random,286,13,6807.9821178987595
13,active_half,493.7591142864047,21,13,,6,22629.34242861629,8,2,22,303,22,q4,False,0,0,2.5752457000198774,2,34,2.1586501999991015,3,,39,complete_coverage,random,289,13,6418.868485723261
13,active_narrow,509.78572645628805,21,13,,6,23786.072219658716,8,2,22,299,22,q4,False,0,0,2.4263406000100076,2,34,2.0102104999823496,3,,35,complete_coverage,random,286,13,6627.214443931744
13,active_twice,518.9164784789466,21,13,,6,24214.57110113154,8,2,22,305,22,q4,False,0,0,2.482979600026738,2,34,2.089136900031008,3,,38,complete_coverage,random,289,13,6745.9142202263065
13,active_wide,510.9800700270396,18,13,,6,23943.704551757564,5,1,22,298,22,q4,False,0,0,2.488264000043273,2,34,2.090836399991531,3,,34,complete_coverage,random,284,13,6642.740910351515
15,active21,402.71961312821145,27,15,,8,23128.970984615866,12,5,21,220,21,q4,False,0,0,3.7145047000376508,0,35,2.8519871999742463,4,,33,complete_coverage,random,204,15,6040.7941969231715
15,active_default,425.7401502751442,23,15,,8,23560.51127063581,8,4,22,264,22,q4,False,0,0,3.81017160002375,0,36,3.334065900009591,4,,52,complete_coverage,random,255,15,6386.102254127162
15,active_defer,382.3015604336936,16,15,,8,21922.61703252703,1,1,22,214,22,q4,False,0,0,3.152231700019911,0,36,2.6485885999863967,4,,38,complete_coverage,random,202,15,5734.523406505405
15,active_full,408.08068885258274,26,15,,8,23121.0516639437,11,2,22,234,22,q4,False,0,0,3.2487491000210866,2,36,2.609869800042361,4,,35,complete_coverage,random,219,15,6121.210332788741
15,active_half,401.94301968824226,22,15,,8,22070.726476618176,7,3,22,255,22,q4,False,0,0,3.5785853999550454,0,36,3.193398800038267,4,,44,complete_coverage,random,244,15,6029.145295323634
15,active_narrow,402.56829853906413,27,15,,8,22167.622390429806,12,2,22,251,22,q4,False,0,0,3.021239199966658,2,36,2.4869878999888897,4,,52,complete_coverage,random,239,15,6038.524478085962
15,active_twice,410.5491915068743,24,15,,8,22616.189363015576,9,1,22,258,22,q4,False,0,0,3.1581630000146106,2,36,2.722731499990914,4,,49,complete_coverage,random,243,15,6158.237872603115
15,active_wide,407.8297844612268,24,15,,8,22432.233834592014,9,1,22,257,22,q4,False,0,0,3.165377299999818,2,36,2.7581150000332855,4,,50,complete_coverage,random,244,15,6117.446766918401
11,active21,549.7188296048361,19,11,,7,22009.535628265974,8,4,21,263,21,q4,False,0,0,2.626909999991767,0,31,1.9128801999613643,5,,14,complete_coverage,random,251,11,6046.907125653196
11,active_default,565.4092240767524,16,11,,7,22377.50732422138,5,3,22,282,22,q4,False,0,0,2.3272796999663115,2,32,1.9507802000152878,5,,40,complete_coverage,random,264,11,6219.501464844276
11,active_defer,553.5011779126612,18,11,,7,21842.56478519637,7,2,22,276,22,q4,False,0,0,2.2168024000129662,0,32,1.844359299982898,5,,27,complete_coverage,random,264,11,6088.512957039273
11,active_full,573.0744500998243,15,11,,7,22929.09475549034,4,3,22,278,22,q4,False,0,0,2.375680299999658,2,32,1.974687600042671,5,,36,complete_coverage,random,261,11,6303.8189510980665
11,active_half,561.5520852735682,16,11,,7,22360.364690046263,5,4,22,275,22,q4,False,0,0,2.3280210999655537,2,32,1.9227750000427477,5,,30,complete_coverage,random,260,11,6177.07293800925
11,active_narrow,566.0638357114408,23,11,,7,22248.510964129237,12,4,22,284,22,q4,False,0,0,2.347449399996549,2,32,1.9749722999986261,5,,42,complete_coverage,random,266,11,6226.702192825849
11,active_twice,570.9878844206146,16,11,,7,22699.333643133803,5,2,22,281,22,q4,False,0,0,2.1652401999454014,0,32,1.766350899997633,5,,36,complete_coverage,random,266,11,6280.86672862676
11,active_wide,575.3885773881696,17,11,,7,23146.371756349323,6,2,22,274,22,q4,False,0,0,2.3630960999871604,2,32,1.9601001999690197,5,,29,complete_coverage,random,257,11,6329.274351269865
10,active21,584.0752405324731,21,10,,5,21038.76202662365,11,3,21,261,21,q4,False,0,0,2.5888164999778382,2,30,1.8611335000023246,6,,14,complete_coverage,random,245,10,5840.752405324731
10,active_default,602.6740073452913,11,10,,5,21203.700367264562,1,1,22,291,22,q4,False,0,0,1.990640300035011,0,31,1.570002599968575,6,,25,complete_coverage,random,278,10,6026.740073452913
10,active_defer,560.5531280627137,13,10,,5,19657.656403135687,3,2,22,271,22,q4,False,0,0,2.047806699993089,0,31,1.6414218000136316,6,,24,complete_coverage,random,260,10,5605.531280627137
10,active_full,630.9122715103039,12,10,,5,22550.613575515203,2,2,22,293,22,q4,False,0,0,1.987385499989614,0,31,1.611070099985227,6,,26,complete_coverage,random,278,10,6309.122715103039
10,active_half,574.2157993996219,11,10,,5,19755.78996998111,1,1,22,292,22,q4,False,0,0,2.0486282000201754,0,31,1.6220496000023559,6,,27,complete_coverage,random,278,10,5742.157993996219
10,active_narrow,600.2681708361044,12,10,,5,21038.40854180523,2,2,22,292,22,q4,False,0,0,1.9816455999971367,0,31,1.5636671999818645,6,,26,complete_coverage,random,279,10,6002.681708361045
10,active_twice,604.0628301785432,10,10,,5,21198.141508927154,0,0,22,294,22,q4,False,0,0,2.169806699967012,0,31,1.7466569999814965,6,,27,complete_coverage,random,281,10,6040.628301785432
10,active_wide,607.9201468447554,13,10,,5,21436.00734223777,3,2,22,291,22,q4,False,0,0,2.1382727999589406,0,31,1.7559631999465637,6,,26,complete_coverage,random,278,10,6079.201468447554
13,active21,513.5439850419011,18,13,,7,25075.359027723578,5,3,21,267,21,q4,False,0,0,2.501330400002189,0,33,1.7699231000151485,7,,26,complete_coverage,random,246,13,6676.071805544714
13,active_default,465.28496986096366,20,13,,7,22423.523040962642,7,3,22,249,22,q4,False,0,0,2.5444546000217088,0,34,2.163691799971275,7,,44,complete_coverage,random,233,13,6048.704608192527
13,active_defer,467.593610973354,13,13,,7,22903.58471326801,0,0,22,241,22,q4,False,0,0,2.0476271000225097,0,34,1.6499452000134625,7,,30,complete_coverage,random,228,13,6078.716942653602
13,active_full,475.99283785375405,20,13,,7,23234.534460494033,7,2,22,245,22,q4,False,0,0,2.463289499981329,0,34,2.033759599959012,7,,40,complete_coverage,random,230,13,6187.906892098803
13,active_half,463.73673645401016,26,13,,7,22147.88786951067,13,3,22,252,22,q4,False,0,0,2.5063421000377275,0,34,2.1176223999937065,7,,43,complete_coverage,random,235,13,6028.577573902132
13,active_narrow,465.06149097781,25,13,,7,22363.99691355766,12,2,22,248,22,q4,False,0,0,2.404291499988176,0,34,1.9865853000083007,7,,42,complete_coverage,random,232,13,6045.799382711531
13,active_twice,463.2368973829712,16,13,,7,22350.398329893127,3,2,22,249,22,q4,False,0,0,2.5130294999689795,0,34,2.133731599955354,7,,43,complete_coverage,random,233,13,6022.079665978626
13,active_wide,470.5318749246244,17,13,,7,22844.571870100583,4,1,22,248,22,q4,False,0,0,2.480427500035148,0,34,2.1004244999494404,7,,43,complete_coverage,random,231,13,6116.914374020117
16,active21,355.3783897417542,26,16,,6,21975.27117934034,10,4,17,199,21,q4,False,4,0,3.2260792999877594,0,32,2.523923200031277,8,,45,complete_upper_bound,random,186,16,5686.054235868067
16,active_default,412.2999701017089,24,16,,6,25588.99760813671,8,2,22,232,22,q4,False,0,0,2.819242800003849,0,37,2.420926099992357,8,,26,complete_upper_bound,random,215,16,6596.799521627342
16,active_defer,374.45948101390087,17,16,,6,23046.758481112076,1,1,22,219,22,q4,False,0,0,2.285982600005809,0,37,1.9087388000334613,8,,37,complete_upper_bound,random,204,16,5991.351696222414
16,active_full,424.88754041687076,17,16,,6,26521.003233349682,1,1,22,238,22,q4,False,0,0,2.670060500036925,0,37,2.295387300022412,8,,32,complete_upper_bound,random,221,16,6798.200646669932
16,active_half,404.82896428080704,47,16,,6,24406.31714246454,31,3,22,240,22,q4,False,0,0,2.7846986000076868,0,37,2.400300400040578,8,,35,complete_upper_bound,random,223,16,6477.263428492913
16,active_narrow,409.9804451069578,32,16,,6,25433.435608556632,16,2,22,226,22,q4,False,0,0,2.7374239999917336,0,37,2.349676100013312,8,,28,complete_upper_bound,random,215,16,6559.687121711325
16,active_twice,418.7063282737807,16,16,,6,26021.506261902447,0,0,22,239,22,q4,False,0,0,2.8145870000007562,0,37,2.442968800023664,8,,29,complete_upper_bound,random,220,16,6699.301252380491
16,active_wide,406.31798393540305,20,16,,6,25170.438714832242,4,3,20,232,22,q4,False,2,0,2.908165300032124,0,35,2.5016827000072226,8,,42,complete_upper_bound,random,215,16,6501.087742966449
14,active21,444.1413659538902,24,14,,6,23914.895616772334,10,5,21,225,21,q4,False,0,0,3.8467501999693923,0,34,2.855922799964901,9,,25,complete_coverage,random,210,14,6217.979123354463
14,active_default,438.65449453967756,21,14,,6,22775.81461777742,7,5,22,252,22,q4,False,0,0,3.1014873999520205,0,35,2.6934172000037506,9,,29,complete_coverage,random,235,14,6141.162923555486
14,active_defer,409.9985733059022,14,14,,6,20749.90013141316,0,0,22,255,22,q4,False,0,0,3.2657088999985717,0,35,2.75979559996631,9,,30,complete_coverage,random,245,14,5739.980026282631
14,active_full,440.4130519422676,28,14,,6,22758.913635958732,14,3,22,253,22,q4,False,0,0,3.2449721000157297,0,35,2.6906808999483474,9,,30,complete_coverage,random,237,14,6165.782727191747
14,active_half,440.20090212504266,35,14,,6,23394.063148753,21,5,22,228,22,q4,False,0,0,3.350413399981335,0,35,2.782953899994027,9,,34,complete_coverage,random,211,14,6162.812629750597
14,active_narrow,437.05767009242294,28,14,,6,22559.036906469613,14,5,22,252,22,q4,False,0,0,3.3290364000131376,0,35,2.7801179999951273,9,,29,complete_coverage,random,235,14,6118.807381293921
14,active_twice,440.3696342302595,17,14,,6,22940.874396118164,3,3,22,253,22,q4,False,0,0,3.2831686999998055,0,35,2.7528102999785915,9,,29,complete_coverage,random,233,14,6165.174879223633
14,active_wide,434.07913992148366,21,14,,6,23170.539794503853,7,1,22,228,22,q4,False,0,0,3.433875299990177,0,35,2.8975339999888092,9,,34,complete_coverage,random,212,14,6077.107958900771
13,active21,477.8677392422213,24,13,,7,23126.40305074439,11,4,21,250,21,q4,False,0,0,2.8741072000120766,0,33,2.0689986999495886,10,,23,complete_coverage,random,239,13,6212.280610148877
13,active_default,501.9818784724811,25,13,,7,24508.822100711277,12,4,22,257,22,q4,False,0,0,5.027629000018351,2,34,3.764215500035789,10,,27,complete_coverage,random,238,13,6525.7644201422545
13,active_defer,454.2332496067945,14,13,,7,21610.161224441643,1,1,22,255,22,q4,False,0,0,2.428045300010126,0,34,1.9970647000009194,10,,27,complete_coverage,random,240,13,5905.032244888329
13,active_full,530.1191722644378,23,13,,7,26427.74619718845,10,3,22,255,22,q4,False,0,0,3.3789920999552123,2,34,2.860511199978646,10,,25,complete_coverage,random,236,13,6891.5492394376915
13,active_half,453.6691277060117,25,13,,7,21373.493300890754,12,3,22,257,22,q4,False,0,0,5.108384700026363,2,34,4.105718999984674,10,,29,complete_coverage,random,237,13,5897.698660178152
13,active_narrow,500.10013015581666,28,13,,7,24396.508460128087,15,4,22,255,22,q4,False,0,0,3.4003466000431217,2,34,2.8546187999891117,10,,25,complete_coverage,random,237,13,6501.301692025617
13,active_twice,515.1856789452748,23,13,,7,25272.06913144286,10,3,22,262,22,q4,False,0,0,2.723428299999796,2,34,2.3518029999686405,10,,27,complete_coverage,random,238,13,6697.413826288574
13,active_wide,506.5142172682393,23,13,,7,24863.424122435554,10,3,22,256,22,q4,False,0,0,2.761358099989593,2,34,2.3688954999670386,10,,26,complete_coverage,random,237,13,6584.684824487111
12,active21,552.4754770985703,31,12,,9,24868.52862591422,19,4,21,260,21,q4,False,0,0,2.5047642000135966,0,32,1.8005335999769159,11,,29,complete_coverage,random,239,12,6629.705725182844
12,active_default,526.7582558967312,16,12,,9,22375.495353803886,4,2,22,298,22,q4,False,0,0,2.2126068000216037,0,33,1.814192300022114,11,,29,complete_coverage,random,284,12,6321.099070760774
12,active_defer,494.2159784071327,12,12,,9,21572.958704427976,0,0,22,261,22,q4,False,0,0,2.10042999999132,0,33,1.7503144000074826,11,,33,complete_coverage,random,251,12,5930.591740885592
12,active_full,534.631994421618,20,12,,9,22882.91966529709,8,3,22,295,22,q4,False,0,0,2.385918000014499,0,33,1.9695656999829225,11,,26,complete_coverage,random,280,12,6415.583933059415
12,active_half,526.1444747864234,19,12,,9,22293.66848718542,7,3,22,298,22,q4,False,0,0,2.1619389000115916,0,33,1.7698960999841802,11,,29,complete_coverage,random,284,12,6313.733697437081
12,active_narrow,524.2830142474037,17,12,,9,22241.980854844234,5,3,22,297,22,q4,False,0,0,2.3727997999521904,0,33,1.8565257999580353,11,,28,complete_coverage,random,283,12,6291.396170968844
12,active_twice,530.0729058098257,15,12,,9,22559.374348589554,3,1,22,299,22,q4,False,0,0,2.322239599947352,0,33,1.8680923999636434,11,,29,complete_coverage,random,285,12,6360.874869717908
12,active_wide,531.2428565047672,16,12,,9,22674.57139028605,4,2,22,297,22,q4,False,0,0,2.349736899952404,0,33,1.912800399994012,11,,28,complete_coverage,random,283,12,6374.9142780572065
10,active21,626.4197242066867,21,10,,3,22225.986210334337,11,2,21,292,21,q4,False,0,0,2.028659500007052,0,30,1.3213037000386976,12,,19,complete_coverage,random,276,10,6264.197242066867
10,active_default,636.0863104889057,15,10,,3,21629.315524445294,5,1,22,330,22,q4,False,0,0,1.8760889999684878,2,31,1.4402230000123382,12,,26,complete_coverage,random,320,10,6360.8631048890575
10,active_defer,585.835133500118,10,10,,3,19666.756675005898,0,0,22,315,22,q4,False,0,0,1.665800200018566,0,31,1.2686269999830984,12,,23,complete_coverage,random,300,10,5858.35133500118
10,active_full,651.7689823880994,15,10,,3,22413.44911940497,5,1,22,330,22,q4,False,0,0,1.869379400042817,2,31,1.4855304000084288,12,,26,complete_coverage,random,320,10,6517.689823880994
10,active_half,604.5438237191905,15,10,,3,20102.191185959528,5,1,22,328,22,q4,False,0,0,1.9647682000068016,2,31,1.51394369994523,12,,25,complete_coverage,random,320,10,6045.4382371919055
10,active_narrow,635.4670029432858,15,10,,3,21598.350147164296,5,1,22,330,22,q4,False,0,0,1.8656366999493912,2,31,1.5012394999503158,12,,26,complete_coverage,random,320,10,6354.670029432858
10,active_twice,645.0855064470458,15,10,,3,22029.275322352296,5,1,22,332,22,q4,False,0,0,1.8543453000020236,2,31,1.4517630999907851,12,,26,complete_coverage,random,320,10,6450.855064470457
10,active_wide,637.8686314839764,15,10,,3,21718.431574198832,5,1,22,330,22,q4,False,0,0,1.8302292000153102,2,31,1.428706799983047,12,,26,complete_coverage,random,320,10,6378.686314839764
