local_x,local_y,x,y,worst_diameter_m,move_m,candidate_10pct
0,0,0.0,0.0,1500.2284920658615,0.0,False
50,-250,50.0,-250.0,432.6905160525145,254.95097567963924,False
50,-200,50.0,-200.0,500.99019869339367,206.15528128088303,False
50,-150,50.0,-150.0,596.965048817247,158.11388300841898,False
50,-100,50.0,-100.0,741.6596259480215,111.80339887498948,False
50,-50,50.0,-50.0,982.888478445568,70.71067811865476,False
50,0,50.0,0.0,1450.2363698398303,50.0,False
50,50,50.0,50.0,982.8884784455428,70.71067811865476,False
50,100,50.0,100.0,741.6596259480068,111.80339887498948,False
50,150,50.0,150.0,596.9650488172477,158.11388300841898,False
50,200,50.0,200.0,500.9901986933916,206.15528128088303,False
50,250,50.0,250.0,432.6905160525168,254.95097567963924,False
100,-400,100.0,-400.0,298.7537191275282,412.31056256176606,False
100,-350,100.0,-350.0,328.2341717806443,364.0054944640259,False
100,-300,100.0,-300.0,365.62237462151427,316.22776601683796,False
100,-250,100.0,-250.0,414.31902213386087,269.2582403567252,False
100,-200,100.0,-200.0,479.9946966097278,223.60679774997897,False
100,-150,100.0,-150.0,572.8637858122186,180.27756377319946,False
100,-100,100.0,-100.0,713.3772006490728,141.4213562373095,False
100,-50,100.0,-50.0,949.3357747280737,111.80339887498948,False
100,0,100.0,0.0,1400.2448101693537,100.0,False
100,50,100.0,50.0,949.335774728051,111.80339887498948,False
100,100,100.0,100.0,713.3772006490711,141.4213562373095,False
100,150,100.0,150.0,572.863785812216,180.27756377319946,False
100,200,100.0,200.0,479.99469660972466,223.60679774997897,False
100,250,100.0,250.0,414.31902213385524,269.2582403567252,False
100,300,100.0,300.0,365.6223746215154,316.22776601683796,False
100,350,100.0,350.0,328.23417178064636,364.0054944640259,False
100,400,100.0,400.0,298.7537191275266,412.31056256176606,False
150,-500,150.0,-500.0,244.49986225545035,522.0153254455275,False
150,-450,150.0,-450.0,262.97559538592935,474.3416490252569,False
150,-400,150.0,-400.0,285.5855268310229,427.20018726587654,False
150,-350,150.0,-350.0,313.72412920612703,380.7886552931954,False
150,-300,150.0,-300.0,349.48819579058863,335.4101966249685,False
150,-250,150.0,-250.0,396.1828017947216,291.547594742265,False
150,-200,150.0,-200.0,459.3384801543153,250.0,False
150,-150,150.0,-150.0,548.9642557952207,212.13203435596427,False
150,-100,150.0,-100.0,685.2331602890112,180.27756377319946,False
150,-50,150.0,-50.0,915.7774223954059,158.11388300841898,False
150,0,150.0,0.0,1350.2538755383039,150.0,False
150,50,150.0,50.0,915.7774223954083,158.11388300841898,False
150,100,150.0,100.0,685.2331602890032,180.27756377319946,False
150,150,150.0,150.0,548.9642557952164,212.13203435596427,False
150,200,150.0,200.0,459.3384801543162,250.0,False
150,250,150.0,250.0,396.18280179472384,291.547594742265,False
150,300,150.0,300.0,349.4881957905902,335.4101966249685,False
150,350,150.0,350.0,313.72412920612567,380.7886552931954,False
150,400,150.0,400.0,285.58552683102533,427.20018726587654,False
150,450,150.0,450.0,262.97559538593157,474.3416490252569,False
150,500,150.0,500.0,244.4998622554517,522.0153254455275,False
200,-550,200.0,-550.0,219.14020257741808,585.2349955359813,False
200,-500,200.0,-500.0,233.62889716456786,538.5164807134504,False
200,-450,200.0,-450.0,251.15465696478915,492.44289008980525,False
200,-400,200.0,-400.0,272.64611050188233,447.21359549995793,False
200,-350,200.0,-350.0,299.44974605909766,403.11288741492746,False
200,-300,200.0,-300.0,333.5947014886053,360.5551275463989,False
200,-250,200.0,-250.0,378.28826868357635,320.1562118716424,False
200,-200,200.0,-200.0,438.91650298304154,282.842712474619,False
200,-150,200.0,-150.0,525.2736027484525,250.0,False
200,-100,200.0,-100.0,657.2335396871955,223.60679774997897,False
200,-50,200.0,-50.0,882.2133331366075,206.15528128088303,False
200,0,200.0,0.0,1300.2636380389206,200.0,False
200,50,200.0,50.0,882.2133331366031,206.15528128088303,False
200,100,200.0,100.0,657.2335396871846,223.60679774997897,False
200,150,200.0,150.0,525.2736027484559,250.0,False
200,200,200.0,200.0,438.91650298304086,282.842712474619,False
200,250,200.0,250.0,378.2882686835779,320.1562118716424,False
200,300,200.0,300.0,333.5947014886078,360.5551275463989,False
200,350,200.0,350.0,299.4497460590988,403.11288741492746,False
200,400,200.0,400.0,272.6461105018814,447.21359549995793,False
200,450,200.0,450.0,251.1546569647876,492.44289008980525,False
200,500,200.0,500.0,233.62889716456897,538.5164807134504,False
200,550,200.0,550.0,219.14020257741961,585.2349955359813,False
250,-600,250.0,-600.0,197.88326210798465,650.0,False
250,-550,250.0,-550.0,209.29534427949432,604.1522986797286,False
250,-500,250.0,-500.0,222.97580385182835,559.0169943749474,False
250,-450,250.0,-450.0,239.55978167203796,514.78150704935,False
250,-400,250.0,-400.0,259.94077877385035,471.6990566028302,False
250,-350,250.0,-350.0,285.4167545825544,430.11626335213134,False
250,-300,250.0,-300.0,317.9481126815443,390.51248379533274,False
250,-250,250.0,-250.0,360.6421929402668,353.5533905932738,False
250,-200,250.0,-200.0,418.7360768804412,320.1562118716424,False
250,-150,250.0,-150.0,501.799384156841,291.547594742265,False
250,-100,250.0,-100.0,629.3847736788007,269.2582403567252,False
250,-50,250.0,-50.0,848.6434476899784,254.95097567963924,False
250,0,250.0,0.0,1250.2741812923316,250.0,False
250,50,250.0,50.0,848.643447689985,254.95097567963924,False
250,100,250.0,100.0,629.3847736787986,269.2582403567252,False
250,150,250.0,150.0,501.7993841568379,291.547594742265,False
250,200,250.0,200.0,418.7360768804378,320.1562118716424,False
250,250,250.0,250.0,360.64219294026475,353.5533905932738,False
250,300,250.0,300.0,317.9481126815418,390.51248379533274,False
250,350,250.0,350.0,285.41675458255213,430.11626335213134,False
250,400,250.0,400.0,259.94077877385234,471.6990566028302,False
250,450,250.0,450.0,239.5597816720402,514.78150704935,False
250,500,250.0,500.0,222.97580385182968,559.0169943749474,False
250,550,250.0,550.0,209.29534427949253,604.1522986797286,False
250,600,250.0,600.0,197.883262107984,650.0,False
300,-650,300.0,-650.0,179.9428120645231,715.8910531638177,False
300,-600,300.0,-600.0,188.94533609119821,670.820393249937,False
300,-550,300.0,-550.0,199.664874214271,626.4982043070834,False
300,-500,300.0,-500.0,212.54550852971076,583.09518948453,False
300,-450,300.0,-450.0,228.19624430289866,540.8326913195984,False
300,-400,300.0,-400.0,247.47519282301096,500.0,False
300,-350,300.0,-350.0,271.63125438703287,460.9772228646444,False
300,-300,300.0,-300.0,302.55503293325364,424.26406871192853,False
300,-250,300.0,-250.0,343.25174606690786,390.51248379533274,False
300,-200,300.0,-200.0,398.80494085679317,360.5551275463989,False
300,-150,300.0,-150.0,478.5496148738682,335.4101966249685,False
300,-100,300.0,-100.0,601.693739401312,316.22776601683796,False
300,-50,300.0,-50.0,815.0677460868874,304.138126514911,False
300,0,300.0,0.0,1200.2856028488425,300.0,False
300,50,300.0,50.0,815.0677460868765,304.138126514911,False
300,100,300.0,100.0,601.6937394013014,316.22776601683796,False
300,150,300.0,150.0,478.5496148738656,335.4101966249685,False
300,200,300.0,200.0,398.8049408567936,360.5551275463989,False
300,250,300.0,250.0,343.2517460669051,390.51248379533274,False
300,300,300.0,300.0,302.55503293325523,424.26406871192853,False
300,350,300.0,350.0,271.63125438703446,460.9772228646444,False
300,400,300.0,400.0,247.47519282300897,500.0,False
300,450,300.0,450.0,228.19624430289755,540.8326913195984,False
300,500,300.0,500.0,212.54550852971255,583.09518948453,False
300,550,300.0,550.0,199.66487421427013,626.4982043070834,False
300,600,300.0,600.0,188.94533609119645,670.820393249937,False
300,650,300.0,650.0,179.942812064524,715.8910531638177,False
350,-700,350.0,-700.0,164.72040717546543,782.6237921249264,False
350,-650,350.0,-650.0,171.81253828325643,738.24115301167,False
350,-600,350.0,-600.0,180.21825225126162,694.6221994724903,False
350,-550,350.0,-550.0,190.25373248116682,651.9202405202649,False
350,-500,350.0,-500.0,202.34329933161465,610.3277807866851,False
350,-450,350.0,-450.0,217.0697044737661,570.087712549569,False
350,-400,350.0,-400.0,235.2554182830799,531.5072906367325,False
350,-350,350.0,-350.0,258.0997664860002,494.9747468305833,False
350,-300,350.0,-300.0,287.42250321431044,460.9772228646444,False
350,-250,350.0,-250.0,326.12455529575584,430.11626335213134,False
350,-200,350.0,-200.0,379.1313143680514,403.11288741492746,False
350,-150,350.0,-150.0,455.53281928154985,380.7886552931954,False
350,-100,350.0,-100.0,574.1678059233819,364.0054944640259,False
350,-50,350.0,-50.0,781.4862610570368,353.5533905932738,False
350,0,350.0,0.0,1150.298017213891,350.0,False
350,50,350.0,50.0,781.4862610570291,353.5533905932738,False
350,100,350.0,100.0,574.1678059233784,364.0054944640259,False
350,150,350.0,150.0,455.5328192815453,380.7886552931954,False
350,200,350.0,200.0,379.13131436805025,403.11288741492746,False
350,250,350.0,250.0,326.12455529575357,430.11626335213134,False
350,300,350.0,300.0,287.4225032143116,460.9772228646444,False
350,350,350.0,350.0,258.0997664860022,494.9747468305833,False
350,400,350.0,400.0,235.2554182830788,531.5072906367325,False
350,450,350.0,450.0,217.06970447376386,570.087712549569,False
350,500,350.0,500.0,202.3432993316133,610.3277807866851,False
350,550,350.0,550.0,190.2537324811657,651.9202405202649,False
350,600,350.0,600.0,180.21825225126008,694.6221994724903,False
350,650,350.0,650.0,171.81253828325555,738.24115301167,False
350,700,350.0,700.0,164.72040717546454,782.6237921249264,False
400,-750,400.0,-750.0,151.7517583979091,850.0,False
400,-700,400.0,-700.0,157.31396398306762,806.2257748298549,False
400,-650,400.0,-650.0,163.88954023754903,763.2168761236874,False
400,-600,400.0,-600.0,171.70696470787863,721.1102550927978,False
400,-550,400.0,-550.0,181.0672403677601,680.0735254367721,False
400,-500,400.0,-500.0,192.42122012904204,640.3124237432849,False
400,-450,400.0,-450.0,206.18626435801914,602.0797289396148,False
400,-400,400.0,-400.0,223.28798767434623,565.685424949238,False
400,-350,400.0,-350.0,244.82929885867838,531.5072906367325,False
400,-300,400.0,-300.0,272.5580688015169,500.0,False
400,-250,400.0,-250.0,309.26877006921285,471.6990566028302,False
400,-200,400.0,-200.0,359.8198151189037,447.21359549995793,False
400,-150,400.0,-150.0,432.7580940423444,427.20018726587654,False
400,-100,400.0,-100.0,546.8148931373831,412.31056256176606,False
400,-50,400.0,-50.0,747.8990956654334,403.11288741492746,False
400,0,400.0,0.0,1100.3115596985285,400.0,False
400,50,400.0,50.0,747.8990956654246,403.11288741492746,False
400,100,400.0,100.0,546.8148931373852,412.31056256176606,False
400,150,400.0,150.0,432.75809404234013,427.20018726587654,False
400,200,400.0,200.0,359.8198151189044,447.21359549995793,False
400,250,400.0,250.0,309.268770069214,471.6990566028302,False
400,300,400.0,300.0,272.558068801516,500.0,False
400,350,400.0,350.0,244.82929885868018,531.5072906367325,False
400,400,400.0,400.0,223.28798767434688,565.685424949238,False
400,450,400.0,450.0,206.1862643580178,602.0797289396148,False
400,500,400.0,500.0,192.42122012904315,640.3124237432849,False
400,550,400.0,550.0,181.0672403677614,680.0735254367721,False
400,600,400.0,600.0,171.7069647078773,721.1102550927978,False
400,650,400.0,650.0,163.8895402375501,763.2168761236874,False
400,700,400.0,700.0,157.31396398306723,806.2257748298549,False
400,750,400.0,750.0,151.75175839790802,850.0,False
450,-800,450.0,-800.0,140.670453077889,917.8779875342909,False
450,-750,450.0,-750.0,144.99742450514378,874.642784226795,False
450,-700,450.0,-700.0,150.11117337400802,832.1658488546619,False
450,-650,450.0,-650.0,156.17875877255514,790.5694150420949,False
450,-600,450.0,-600.0,163.41681658762062,750.0,False
450,-550,450.0,-550.0,172.11115249464746,710.6335201775947,False
450,-500,450.0,-500.0,182.6464216290711,672.6812023536855,False
450,-450,450.0,-450.0,195.55253750215007,636.3961030678928,False
450,-400,450.0,-400.0,211.57997579671627,602.0797289396148,False
450,-350,450.0,-350.0,231.82742647624565,570.087712549569,False
450,-300,450.0,-300.0,257.9698615640125,540.8326913195984,False
450,-250,450.0,-250.0,292.69314410061594,514.78150704935,False
450,-200,450.0,-200.0,340.5922738106149,492.44289008980525,False
450,-150,450.0,-150.0,410.2351845468891,474.3416490252569,False
450,-100,450.0,-100.0,519.6435425050114,460.9772228646444,False
450,-50,450.0,-50.0,714.3064466670946,452.76925690687085,False
450,0,450.0,0.0,1050.326391368992,450.0,False
450,50,450.0,50.0,714.3064466670934,452.76925690687085,False
450,100,450.0,100.0,519.6435425050172,460.9772228646444,False
450,150,450.0,150.0,410.23518454689366,474.3416490252569,False
450,200,450.0,200.0,340.59227381061106,492.44289008980525,False
450,250,450.0,250.0,292.69314410061776,514.78150704935,False
450,300,450.0,300.0,257.9698615640107,540.8326913195984,False
450,350,450.0,350.0,231.82742647624676,570.087712549569,False
450,400,450.0,400.0,211.57997579671738,602.0797289396148,False
450,450,450.0,450.0,195.55253750214874,636.3961030678928,False
450,500,450.0,500.0,182.64642162907242,672.6812023536855,False
450,550,450.0,550.0,172.1111524946483,710.6335201775947,False
450,600,450.0,600.0,163.41681658761976,750.0,False
450,650,450.0,650.0,156.17875877255406,790.5694150420949,False
450,700,450.0,700.0,150.11117337400717,832.1658488546619,False
450,750,450.0,750.0,144.9974245051444,874.642784226795,False
450,800,450.0,800.0,140.67045307788854,917.8779875342909,False
500,-800,500.0,-800.0,134.50604717041887,943.3981132056604,False
500,-750,500.0,-750.0,138.4429815380136,901.3878188659974,False
500,-700,500.0,-700.0,143.11690922114894,860.2325267042627,False
500,-650,500.0,-650.0,148.68551552598475,820.0609733428363,False
500,-600,500.0,-600.0,155.35358843795575,781.0249675906655,False
500,-550,500.0,-550.0,163.39171672643047,743.3034373659252,False
500,-500,500.0,-500.0,173.16465231840965,707.1067811865476,False
500,-450,500.0,-450.0,185.17573100376262,672.6812023536855,False
500,-400,500.0,-400.0,200.1390911409709,640.3124237432849,False
500,-350,500.0,-350.0,219.10238955984786,610.3277807866851,False
500,-300,500.0,-300.0,243.66670196554625,583.09518948453,False
500,-250,500.0,-250.0,276.4071376564613,559.0169943749474,False
500,-200,500.0,-200.0,321.74636359715754,538.5164807134504,False
500,-150,500.0,-150.0,387.97457930373446,522.0153254455275,False
500,-100,500.0,-100.0,492.6630031977958,509.9019513592785,False
500,-50,500.0,-50.0,680.7086356685963,502.4937810560445,False
500,0,500.0,0.0,1000.3427054795816,500.0,False
500,50,500.0,50.0,680.7086356685905,502.4937810560445,False
500,100,500.0,100.0,492.6630031977926,509.9019513592785,False
500,150,500.0,150.0,387.9745793037333,522.0153254455275,False
500,200,500.0,200.0,321.7463635971564,538.5164807134504,False
500,250,500.0,250.0,276.4071376564622,559.0169943749474,False
500,300,500.0,300.0,243.6667019655476,583.09518948453,False
500,350,500.0,350.0,219.10238955984718,610.3277807866851,False
500,400,500.0,400.0,200.13909114097157,640.3124237432849,False
500,450,500.0,450.0,185.17573100376327,672.6812023536855,False
500,500,500.0,500.0,173.16465231840834,707.1067811865476,False
500,550,500.0,550.0,163.39171672643002,743.3034373659252,False
500,600,500.0,600.0,155.35358843795706,781.0249675906655,False
500,650,500.0,650.0,148.68551552598564,820.0609733428363,False
500,700,500.0,700.0,143.11690922115022,860.2325267042627,False
500,750,500.0,750.0,138.44298153801424,901.3878188659974,False
500,800,500.0,800.0,134.5060471704197,943.3981132056604,False
550,-800,550.0,-800.0,128.53752995402337,970.8243919473799,False
550,-750,550.0,-750.0,132.09315996431977,930.0537618869137,False
550,-700,550.0,-700.0,136.33639855702486,890.2246907382428,False
550,-650,550.0,-650.0,141.41555299503148,851.46931829632,False
550,-600,550.0,-600.0,147.52355196408567,813.9410298049853,False
550,-550,550.0,-550.0,154.91574264910355,777.8174593052023,False
550,-500,550.0,-500.0,163.93692254062955,743.3034373659252,False
550,-450,550.0,-450.0,175.0637437533263,710.6335201775947,False
550,-400,550.0,-400.0,188.97378711304458,680.0735254367721,False
550,-350,550.0,-350.0,206.66321491849175,651.9202405202649,False
550,-300,550.0,-300.0,229.6582265044786,626.4982043070834,False
550,-250,550.0,-250.0,260.4210463240542,604.1522986797286,False
550,-200,550.0,-200.0,303.1971953596259,585.2349955359813,False
550,-150,550.0,-150.0,365.9876281584852,570.087712549569,False
550,-100,550.0,-100.0,465.8833385542584,559.0169943749474,False
550,-50,550.0,-50.0,647.1061510735002,552.268050859363,False
550,0,550.0,0.0,950.3607359346287,550.0,False
550,50,550.0,50.0,647.1061510734985,552.268050859363,False
550,100,550.0,100.0,465.88333855426265,559.0169943749474,False
550,150,550.0,150.0,365.98762815848454,570.087712549569,False
550,200,550.0,200.0,303.197195359625,585.2349955359813,False
550,250,550.0,250.0,260.42104632405216,604.1522986797286,False
550,300,550.0,300.0,229.65822650447748,626.4982043070834,False
550,350,550.0,350.0,206.6632149184924,651.9202405202649,False
550,400,550.0,400.0,188.97378711304546,680.0735254367721,False
550,450,550.0,450.0,175.0637437533252,710.6335201775947,False
550,500,550.0,500.0,163.93692254062998,743.3034373659252,False
550,550,550.0,550.0,154.91574264910312,777.8174593052023,False
550,600,550.0,600.0,147.52355196408675,813.9410298049853,False
550,650,550.0,650.0,141.41555299503213,851.46931829632,False
550,700,550.0,700.0,136.33639855702572,890.2246907382428,False
550,750,550.0,750.0,132.09315996432105,930.0537618869137,False
550,800,550.0,800.0,128.53752995402377,970.8243919473799,False
600,-800,600.0,-800.0,122.76939568051367,1000.0,True
600,-750,600.0,-750.0,125.9529949154022,960.4686356149273,False
600,-700,600.0,-700.0,129.77524870368103,921.9544457292888,False
600,-650,600.0,-650.0,134.37507636154257,884.5903006477066,False
600,-600,600.0,-600.0,139.9335288403848,848.5281374238571,False
600,-550,600.0,-550.0,146.69067922672318,813.9410298049853,False
600,-500,600.0,-500.0,154.97131185259647,781.0249675906655,False
600,-450,600.0,-450.0,165.22528387990013,750.0,False
600,-400,600.0,-400.0,178.0933977578844,721.1102550927978,False
600,-350,600.0,-350.0,194.51986660954654,694.6221994724903,False
600,-300,600.0,-300.0,215.95504819485706,670.820393249937,False
600,-250,600.0,-250.0,244.74616479627298,650.0,False
600,-200,600.0,-200.0,284.9567428371405,632.4555320336759,False
600,-150,600.0,-150.0,344.28669262222513,618.4658438426491,False
600,-100,600.0,-100.0,439.3155598084303,608.276253029822,False
600,-50,600.0,-50.0,613.4997051181024,602.0797289396148,False
600,0,600.0,0.0,900.3807685675039,600.0,False
600,50,600.0,50.0,613.4997051181051,602.0797289396148,False
600,100,600.0,100.0,439.31555980843257,608.276253029822,False
600,150,600.0,150.0,344.2866926222258,618.4658438426491,False
600,200,600.0,200.0,284.95674283713845,632.4555320336759,False
600,250,600.0,250.0,244.74616479627161,650.0,False
600,300,600.0,300.0,215.95504819485618,670.820393249937,False
600,350,600.0,350.0,194.51986660954543,694.6221994724903,False
600,400,600.0,400.0,178.09339775788328,721.1102550927978,False
600,450,600.0,450.0,165.2252838798997,750.0,False
600,500,600.0,500.0,154.97131185259713,781.0249675906655,False
600,550,600.0,550.0,146.69067922672383,813.9410298049853,False
600,600,600.0,600.0,139.9335288403859,848.5281374238571,False
600,650,600.0,650.0,134.37507636154174,884.5903006477066,False
600,700,600.0,700.0,129.77524870368063,921.9544457292888,False
600,750,600.0,750.0,125.95299491540138,960.4686356149273,False
600,800,600.0,800.0,122.76939568051408,1000.0,True
650,-750,650.0,-750.0,120.02783659960257,992.4716620639604,True
650,-700,650.0,-700.0,123.4394718319419,955.24865872714,False
650,-650,650.0,-650.0,127.57079560552884,919.2388155425118,False
650,-600,650.0,-600.0,132.59095377551822,884.5903006477066,False
650,-550,650.0,-550.0,138.72470185011144,851.46931829632,False
650,-500,650.0,-500.0,146.27674029597054,820.0609733428363,False
650,-450,650.0,-450.0,155.67000894215136,790.5694150420949,False
650,-400,650.0,-400.0,167.5083037090791,763.2168761236874,False
650,-350,650.0,-350.0,182.68343395124785,738.24115301167,False
650,-300,650.0,-300.0,202.56896024116475,715.8910531638177,False
650,-250,650.0,-250.0,229.39499739913958,696.419413859206,False
650,-200,650.0,-200.0,267.0381968484449,680.0735254367721,False
650,-150,650.0,-150.0,322.88534013126275,667.0832032063167,False
650,-100,650.0,-100.0,412.9717970946037,657.6473218982952,False
650,-50,650.0,-50.0,579.8903123307965,651.9202405202649,False
650,0,650.0,0.0,850.4031563947826,650.0,False
650,50,650.0,50.0,579.8903123307975,651.9202405202649,False
650,100,650.0,100.0,412.9717970946021,657.6473218982952,False
650,150,650.0,150.0,322.88534013126207,667.0832032063167,False
650,200,650.0,200.0,267.03819684844603,680.0735254367721,False
650,250,650.0,250.0,229.3949973991389,696.419413859206,False
650,300,650.0,300.0,202.56896024116497,715.8910531638177,False
650,350,650.0,350.0,182.68343395124677,738.24115301167,False
650,400,650.0,400.0,167.5083037090782,763.2168761236874,False
650,450,650.0,450.0,155.6700089421505,790.5694150420949,False
650,500,650.0,500.0,146.2767402959699,820.0609733428363,False
650,550,650.0,550.0,138.7247018501106,851.46931829632,False
650,600,650.0,600.0,132.5909537755178,884.5903006477066,False
650,650,650.0,650.0,127.57079560552968,919.2388155425118,False
650,700,650.0,700.0,123.43947183194065,955.24865872714,False
650,750,650.0,750.0,120.02783659960319,992.4716620639604,True
700,-700,700.0,-700.0,117.33550432320746,989.9494936611666,True
700,-650,700.0,-650.0,121.00996552897237,955.24865872714,True
700,-600,700.0,-600.0,125.5039401112449,921.9544457292888,False
700,-550,700.0,-550.0,131.0268082510119,890.2246907382428,False
700,-500,700.0,-500.0,137.8630985639209,860.2325267042627,False
700,-450,700.0,-450.0,146.40869266072784,832.1658488546619,False
700,-400,700.0,-400.0,157.23013523617647,806.2257748298549,False
700,-350,700.0,-350.0,171.16636717063648,782.6237921249264,False
700,-300,700.0,-300.0,189.51319651139212,761.5773105863908,False
700,-250,700.0,-250.0,214.38153162084745,743.3034373659252,False
700,-200,700.0,-200.0,249.45623726523183,728.0109889280518,False
700,-150,700.0,-150.0,301.7985993921166,715.8910531638177,False
700,-100,700.0,-100.0,386.8655223997507,707.1067811865476,False
700,-50,700.0,-50.0,546.2793989013802,701.78344238091,False
700,0,700.0,0.0,800.428340581597,700.0,False
700,50,700.0,50.0,546.2793989013818,701.78344238091,False
700,100,700.0,100.0,386.86552239974935,707.1067811865476,False
700,150,700.0,150.0,301.79859939211775,715.8910531638177,False
700,200,700.0,200.0,249.45623726523363,728.0109889280518,False
700,250,700.0,250.0,214.38153162084657,743.3034373659252,False
700,300,700.0,300.0,189.513196511393,761.5773105863908,False
700,350,700.0,350.0,171.16636717063625,782.6237921249264,False
700,400,700.0,400.0,157.23013523617539,806.2257748298549,False
700,450,700.0,450.0,146.40869266072698,832.1658488546619,False
700,500,700.0,500.0,137.8630985639215,860.2325267042627,False
700,550,700.0,550.0,131.02680825101294,890.2246907382428,False
700,600,700.0,600.0,125.50394011124448,921.9544457292888,False
700,650,700.0,650.0,121.00996552897298,955.24865872714,True
700,700,700.0,700.0,117.33550432320766,989.9494936611666,True
750,-650,750.0,-650.0,114.70042003886326,992.4716620639604,True
750,-600,750.0,-600.0,118.68134487230701,960.4686356149273,True
750,-550,750.0,-550.0,123.60692149158614,930.0537618869137,False
750,-500,750.0,-500.0,129.74139553746787,901.3878188659974,False
750,-450,750.0,-450.0,137.453421894077,874.642784226795,False
750,-400,750.0,-400.0,147.32730635199303,850.0,False
750,-350,750.0,-350.0,159.98277373783625,827.6472678623425,False
750,-300,750.0,-300.0,176.80276706724973,807.7747210701756,False
750,-250,750.0,-250.0,199.72159737546937,790.5694150420949,False
750,-200,750.0,-200.0,232.22739514028942,776.2087348130012,False
750,-150,750.0,-150.0,281.0433021343615,764.8529270389178,False
750,-100,750.0,-100.0,361.01184642769977,756.6372975210778,False
750,-50,750.0,-50.0,512.668957462096,751.6648189186454,False
750,0,750.0,0.0,750.4568797780516,750.0,False
750,50,750.0,50.0,512.6689574620982,751.6648189186454,False
750,100,750.0,100.0,361.01184642770136,756.6372975210778,False
750,150,750.0,150.0,281.0433021343604,764.8529270389178,False
750,200,750.0,200.0,232.2273951402874,776.2087348130012,False
750,250,750.0,250.0,199.72159737546983,790.5694150420949,False
750,300,750.0,300.0,176.80276706725058,807.7747210701756,False
750,350,750.0,350.0,159.98277373783688,827.6472678623425,False
750,400,750.0,400.0,147.32730635199346,850.0,False
750,450,750.0,450.0,137.45342189407762,874.642784226795,False
750,500,750.0,500.0,129.74139553746727,901.3878188659974,False
750,550,750.0,550.0,123.60692149158697,930.0537618869137,False
750,600,750.0,600.0,118.68134487230661,960.4686356149273,True
750,650,750.0,650.0,114.70042003886286,992.4716620639604,True
800,-600,800.0,-600.0,112.14914074531447,1000.0,True
800,-550,800.0,-550.0,116.47599618932509,970.8243919473799,True
800,-500,800.0,-500.0,121.92392190755866,943.3981132056604,True
800,-450,800.0,-450.0,128.8178267591202,917.8779875342909,False
800,-400,800.0,-400.0,137.64888709678047,894.4271909999159,False
800,-350,800.0,-350.0,149.18917101568616,873.212459828649,False
800,-300,800.0,-300.0,164.45489321698741,854.4003745317531,False
800,-250,800.0,-250.0,185.4333440225731,838.1527307120105,False
800,-200,800.0,-200.0,215.37054214784575,824.6211251235321,False
800,-150,800.0,-150.0,260.63854934625135,813.9410298049853,False
800,-100,800.0,-100.0,335.42792300139,806.2257748298549,False
800,-50,800.0,-50.0,479.0617699599064,801.5609770940698,False
800,0,800.0,0.0,800.0000000000056,800.0,False
800,50,800.0,50.0,479.06176995990836,801.5609770940698,False
800,100,800.0,100.0,335.4279230013889,806.2257748298549,False
800,150,800.0,150.0,260.63854934625317,813.9410298049853,False
800,200,800.0,200.0,215.37054214784618,824.6211251235321,False
800,250,800.0,250.0,185.43334402257287,838.1527307120105,False
800,300,800.0,300.0,164.45489321698787,854.4003745317531,False
800,350,800.0,350.0,149.1891710156853,873.212459828649,False
800,400,800.0,400.0,137.64888709678112,894.4271909999159,False
800,450,800.0,450.0,128.81782675911958,917.8779875342909,False
800,500,800.0,500.0,121.92392190755827,943.3981132056604,True
800,550,800.0,550.0,116.47599618932509,970.8243919473799,True
800,600,800.0,600.0,112.14914074531345,1000.0,True
850,-500,850.0,-500.0,114.42442553899343,986.154146165801,True
850,-450,850.0,-450.0,120.51734468132514,961.7692030835673,True
850,-400,850.0,-400.0,128.377827983445,939.4147114027968,False
850,-350,850.0,-350.0,138.68305952666321,919.2388155425118,False
850,-300,850.0,-300.0,152.48957465169778,901.3878188659974,False
850,-250,850.0,-250.0,171.53788049903335,886.0022573334675,False
850,-200,850.0,-200.0,198.9075624198574,873.212459828649,False
850,-150,850.0,-150.0,240.6063603763961,863.1338250816034,False
850,-100,850.0,-100.0,310.13351375493465,855.8621384311845,False
850,-50,850.0,-50.0,445.46173500732397,851.46931829632,False
850,0,850.0,0.0,850.0000000000058,850.0,False
850,50,850.0,50.0,445.46173500732533,851.46931829632,False
850,100,850.0,100.0,310.1335137549344,855.8621384311845,False
850,150,850.0,150.0,240.60636037639455,863.1338250816034,False
850,200,850.0,200.0,198.90756241985807,873.212459828649,False
850,250,850.0,250.0,171.5378804990327,886.0022573334675,False
850,300,850.0,300.0,152.48957465169693,901.3878188659974,False
850,350,850.0,350.0,138.68305952666236,919.2388155425118,False
850,400,850.0,400.0,128.37782798344438,939.4147114027968,False
850,450,850.0,450.0,120.51734468132472,961.7692030835673,True
850,500,850.0,500.0,114.42442553899447,986.154146165801,True
900,-400,900.0,-400.0,119.47853484537593,984.8857801796105,True
900,-350,900.0,-350.0,128.60730561980063,965.6603957913983,False
900,-300,900.0,-300.0,140.9303313372878,948.6832980505138,False
900,-250,900.0,-250.0,158.06014296469252,934.0770846134702,False
900,-200,900.0,-200.0,182.86428952440644,921.9544457292888,False
900,-150,900.0,-150.0,220.9725963111163,912.4143795447329,False
900,-100,900.0,-100.0,285.1517981090341,905.5385138137417,False
900,-50,900.0,-50.0,430.0987117367814,901.3878188659974,False
900,0,900.0,0.0,900.0000000000063,900.0,False
900,50,900.0,50.0,430.0987117367826,901.3878188659974,False
900,100,900.0,100.0,285.15179810903584,905.5385138137417,False
900,150,900.0,150.0,220.9725963111161,912.4143795447329,False
900,200,900.0,200.0,182.86428952440536,921.9544457292888,False
900,250,900.0,250.0,158.06014296469166,934.0770846134702,False
900,300,900.0,300.0,140.93033133728673,948.6832980505138,False
900,350,900.0,350.0,128.60730561980023,965.6603957913983,False
900,400,900.0,400.0,119.47853484537656,984.8857801796105,True
950,-300,950.0,-300.0,129.8051743845011,996.2429422585637,False
950,-250,950.0,-250.0,145.03008112979188,982.344135219425,False
950,-200,950.0,-200.0,167.27183438038588,970.8243919473799,False
950,-150,950.0,-150.0,201.76830392410753,961.7692030835673,False
950,-100,950.0,-100.0,271.9822107188927,955.24865872714,False
950,-50,950.0,-50.0,472.9302875208966,951.3148795220224,False
950,0,950.0,0.0,950.0000000000067,950.0,False
950,50,950.0,50.0,472.93028752089816,951.3148795220224,False
950,100,950.0,100.0,271.9822107188932,955.24865872714,False
950,150,950.0,150.0,201.76830392410642,961.7692030835673,False
950,200,950.0,200.0,167.27183438038523,970.8243919473799,False
950,250,950.0,250.0,145.03008112979273,982.344135219425,False
950,300,950.0,300.0,129.80517438450028,996.2429422585637,False
1000,-50,1000.0,-50.0,517.2453988818087,1001.2492197250393,False
1000,0,1000.0,0.0,1000.000000000007,1000.0,False
1000,50,1000.0,50.0,517.2453988818107,1001.2492197250393,False
