seed,stress,algorithm,total,cleared,virtual_time_s,average_time_s,distance_m,measures,switches,clear_attempts,fallback_count
1,random,gemini,11,11,5494.472660501273,499.4975145910248,22477.363302506372,160,144,11,0
1,random,breakthrough,11,11,3068.2959550064825,278.93599590968023,11641.47977503241,115,110,11,0
2,random,gemini,14,14,6645.050818494163,474.64648703529735,27990.254092470823,166,147,14,0
2,random,breakthrough,14,14,3301.544635457184,235.8246168183703,12732.723177285918,116,105,14,0
3,random,gemini,13,13,5745.282038611384,441.9447722008757,23701.41019305692,159,145,13,0
3,random,breakthrough,13,13,3188.1076171213613,245.23904747087394,11985.538085606804,122,116,13,0
4,random,gemini,15,15,7420.621702822509,494.7081135215006,31863.108514112566,165,148,15,0
4,random,breakthrough,15,15,3242.715508712788,216.18103391418586,12498.577543563937,112,108,15,0
5,random,gemini,11,11,5495.480586111128,499.58914419192075,22537.402930555647,158,143,11,0
5,random,breakthrough,11,11,3267.664265336485,297.0603877578623,12388.321326682424,124,115,11,0
6,random,gemini,10,10,5448.665937605235,544.8665937605235,22433.329688026177,154,142,10,0
6,random,breakthrough,10,10,3088.5547644622675,308.85547644622676,11652.773822311336,119,113,10,0
7,random,gemini,13,13,5800.428009883525,446.1867699910404,23947.14004941763,160,146,13,0
7,random,breakthrough,13,13,3173.6106789856776,244.12389838351368,12468.053394928393,104,95,13,0
8,random,gemini,16,16,6815.62200013047,425.9763750081544,28783.110000652363,166,149,16,0
8,random,breakthrough,16,16,3487.697474185991,217.98109213662443,13653.487370929959,114,107,16,0
9,random,gemini,14,14,6657.6206597442615,475.54433283887585,28153.103298721315,162,147,14,0
9,random,breakthrough,14,14,3597.8038149967138,256.98598678547955,14364.019074983566,111,100,14,0
10,random,gemini,13,13,6543.943863292954,503.3802971763811,27714.71931646477,158,146,13,0
10,random,breakthrough,13,13,3247.087825699662,249.7759865922817,12640.43912849831,110,104,13,0
11,random,gemini,12,12,6259.559065932095,521.6299221610079,26327.795329660486,158,144,12,0
11,random,breakthrough,12,12,3497.139193963382,291.42826616361515,13770.69596981691,115,108,12,0
12,random,gemini,10,10,5404.512232905168,540.4512232905169,22212.561164525847,154,142,10,0
12,random,breakthrough,10,10,3304.2899867448305,330.42899867448307,12616.449933724152,123,116,10,0
13,random,gemini,15,15,6848.38992330571,456.5593282203807,29001.94961652855,165,148,15,0
13,random,breakthrough,15,15,3290.6034569633543,219.37356379755695,12613.017284816768,117,108,15,0
14,random,gemini,15,15,7205.167130670406,480.344475378027,30835.83565335204,163,148,15,0
14,random,breakthrough,15,15,3328.7828433945506,221.91885622630338,12823.914216972755,116,109,15,0
15,random,gemini,10,10,5255.361580902417,525.5361580902417,21436.80790451209,155,143,10,0
15,random,breakthrough,10,10,2726.2221913150383,272.6222191315038,9841.11095657519,119,113,10,0
16,random,gemini,15,15,6580.579007726722,438.7052671817815,27712.89503863362,163,148,15,0
16,random,breakthrough,15,15,3305.0303237874705,220.3353549191647,12775.151618937352,114,105,15,0
17,random,gemini,15,15,6554.639263572927,436.9759509048618,27583.19631786464,163,148,15,0
17,random,breakthrough,15,15,3415.165610028947,227.67770733526314,13330.828050144737,114,104,15,0
18,random,gemini,11,11,5429.148565649443,493.55896051358576,22100.742828247232,162,144,11,0
18,random,breakthrough,11,11,2925.9757679073323,265.99779708248474,10969.878839536661,114,107,11,0
19,random,gemini,14,14,6962.39170623722,497.3136933026586,29626.95853118609,164,147,14,0
19,random,breakthrough,14,14,2778.882341107644,198.49159579340315,10454.411705538223,104,98,14,0
20,random,gemini,13,13,6004.610155415948,461.8930888781498,24968.050777079752,160,146,13,0
20,random,breakthrough,13,13,3136.615952049656,241.27815015766583,11918.07976024828,116,108,13,0
21,random,gemini,14,14,6477.8666413493165,462.70476009637974,27279.333206746585,161,147,14,0
21,random,breakthrough,14,14,3295.493738664607,235.3924099046148,12772.468693323031,113,106,14,0
22,random,gemini,10,10,5433.445870176506,543.3445870176506,22377.22935088254,153,143,10,0
22,random,breakthrough,10,10,3398.109156032708,339.8109156032708,12950.545780163542,128,118,10,0
23,random,gemini,10,10,5802.030351151352,580.2030351151352,24150.151755756757,156,142,10,0
23,random,breakthrough,10,10,3173.7026411454317,317.37026411454315,12013.513205727158,121,116,10,0
24,random,gemini,11,11,5385.08238356871,489.55294396079177,21955.411917843554,159,144,11,0
24,random,breakthrough,11,11,2877.7118816493407,261.61017105903096,10873.5594082467,109,103,11,0
25,random,gemini,15,15,6800.15568224994,453.34371214999595,28785.778411249707,164,148,15,0
25,random,breakthrough,15,15,3581.197872268579,238.74652481790525,14150.989361342896,114,106,15,0
26,random,gemini,16,16,7294.672811764388,455.91705073527424,31253.36405882195,163,149,16,0
26,random,breakthrough,16,16,3621.9238721077486,226.3702420067343,14359.619360538734,113,105,16,0
27,random,gemini,16,16,6909.934113093031,431.8708820683144,29329.67056546516,163,149,16,0
27,random,breakthrough,16,16,3458.1906042151177,216.13691276344485,13655.953021075587,109,102,16,0
28,random,gemini,15,15,6701.067962067455,446.7378641378303,28365.339810337286,161,148,15,0
28,random,breakthrough,15,15,3325.5991651902345,221.70661101268232,12952.995825951173,111,105,15,0
29,random,gemini,14,14,6479.1902849515545,462.7993060679682,27210.951424757786,164,147,14,0
29,random,breakthrough,14,14,3212.6446654891624,229.4746189635116,12098.223327445814,121,118,14,0
30,random,gemini,12,12,6082.190829570386,506.8492357975322,25435.95414785194,158,145,12,0
30,random,breakthrough,12,12,3140.566446200958,261.7138705167465,12142.832231004793,110,102,12,0
31,random,gemini,10,10,5492.646362780071,549.2646362780072,22623.231813900366,155,143,10,0
31,random,breakthrough,10,10,3142.978961685555,314.2978961685555,11834.894808427782,122,116,10,0
32,random,gemini,16,16,6896.96197661898,431.06012353868624,29214.809883094902,165,149,16,0
32,random,breakthrough,16,16,3379.139611941224,211.1962257463265,13490.69805970612,101,96,16,0
33,random,gemini,14,14,6073.436174245302,433.81686958895017,25182.180871226516,164,147,14,0
33,random,breakthrough,14,14,3029.0345282185185,216.35960915846562,11510.172641092595,111,102,14,0
34,random,gemini,10,10,5224.723750630794,522.4723750630794,21308.61875315396,154,143,10,0
34,random,breakthrough,10,10,3066.190303311574,306.61903033115743,11655.951516557869,115,110,10,0
35,random,gemini,15,15,6558.46046494685,437.23069766312335,27602.30232473425,163,148,15,0
35,random,breakthrough,15,15,3336.8915872581197,222.4594391505413,12624.457936290597,124,117,15,0
36,random,gemini,15,15,6554.171590591509,436.9447727061006,27630.85795295755,161,148,15,0
36,random,breakthrough,15,15,3295.1454360275175,219.6763624018345,12635.727180137581,116,113,15,0
37,random,gemini,12,12,6035.72271429081,502.97689285756746,25278.61357145405,155,145,12,0
37,random,breakthrough,12,12,3391.9008907219354,282.65840756016127,13199.504453609676,116,112,12,0
38,random,gemini,11,11,6185.157654864077,562.2870595330979,25980.788274320377,158,144,11,0
38,random,breakthrough,11,11,3071.270033349807,279.20636666816426,11641.350166749033,116,108,11,0
39,random,gemini,14,14,6753.050182304695,482.3607273074782,28605.250911523486,163,147,14,0
39,random,breakthrough,14,14,3378.7448467265103,241.33891762332217,13098.724233632543,116,109,14,0
40,random,gemini,16,16,6905.036466522236,431.56477915763975,29825.1823326112,146,130,16,0
40,random,breakthrough,16,16,3302.6041186811344,206.4127574175709,13098.020593405674,101,98,16,0
101,edge,gemini,11,11,5948.14228935637,540.7402081233064,24970.711446781872,151,144,11,0
101,edge,breakthrough,11,11,4309.374568742483,391.76132443113477,17061.872843712415,142,132,11,0
102,edge,gemini,10,10,5830.941127327532,583.0941127327532,24439.70563663766,150,143,10,0
102,edge,breakthrough,10,10,4271.636276300324,427.16362763003247,16913.18138150162,142,129,10,0
103,edge,gemini,11,11,6001.99053461585,545.6355031468955,25239.95267307925,151,144,11,0
103,edge,breakthrough,11,11,4290.9008659481515,390.0818969043774,17099.50432974075,137,131,11,0
104,edge,gemini,11,11,6057.359936271594,550.6690851155995,25491.79968135797,152,144,11,0
104,edge,breakthrough,11,11,4382.033677295928,398.36669793599344,17475.16838647964,140,132,11,0
105,edge,gemini,13,13,6582.241758872046,506.32628914400357,28011.208794360235,154,145,13,0
105,edge,breakthrough,13,13,4442.4140627402,341.7241586723231,17967.070313701,132,124,13,0
106,edge,gemini,13,13,6381.621361760149,490.8939509046268,27033.10680880073,153,145,13,0
106,edge,breakthrough,13,13,4451.8279198281825,342.4483015252448,17824.13959914091,138,132,13,0
107,edge,gemini,11,11,6011.894007133303,546.5358188303003,25294.470035666516,151,143,11,0
107,edge,breakthrough,11,11,4271.6359908490895,388.3305446226445,16978.17995424545,138,131,11,0
108,edge,gemini,16,16,7085.135990875885,442.8209994297428,30385.679954379444,156,148,16,0
108,edge,breakthrough,16,16,4593.066337239022,287.06664607743886,18460.33168619511,139,126,16,0
109,edge,gemini,16,16,7428.684522538886,464.2927826586804,32103.42261269443,156,148,16,0
109,edge,breakthrough,16,16,4686.05538711283,292.8784616945519,19020.27693556415,135,127,16,0
110,edge,gemini,16,16,6864.958311533035,429.0598944708147,29254.791557665176,157,149,16,0
110,edge,breakthrough,16,16,4517.529222911793,282.34557643198707,18222.64611455896,134,123,16,0
101,cluster,gemini,11,11,5321.316908284522,483.7560825713201,21691.584541422613,157,143,11,0
101,cluster,breakthrough,11,11,2209.2546963459736,200.84133603145213,7861.273481729866,98,92,11,0
102,cluster,gemini,10,10,4861.461578701252,486.1461578701252,19517.307893506255,153,143,10,0
102,cluster,breakthrough,10,10,2191.1339143232267,219.11339143232266,7735.669571616133,100,94,10,0
103,cluster,gemini,11,11,4360.842800683479,396.440254607589,17034.2140034174,151,144,11,0
103,cluster,breakthrough,11,11,2214.9110119161246,201.3555465378295,7774.555059580625,102,95,11,0
104,cluster,gemini,11,11,5612.895976378413,510.26327057985577,23019.479881892064,162,144,11,0
104,cluster,breakthrough,11,11,2325.6137501841467,211.41943183492242,8118.068750920733,109,102,11,0
105,cluster,gemini,13,13,5281.713521602836,406.2856555079105,21528.56760801418,153,146,13,0
105,cluster,breakthrough,13,13,2233.473783100922,171.80567562314783,7782.368915504611,103,97,13,0
106,cluster,gemini,13,13,4892.006814902275,376.30821653094426,19435.034074511375,159,145,13,0
106,cluster,breakthrough,13,13,2416.939398449708,185.91841526536214,8074.696992248539,124,117,13,0
107,cluster,gemini,11,11,5652.026547642674,513.820595240243,23215.132738213364,162,144,11,0
107,cluster,breakthrough,11,11,2379.2284204880793,216.29349277164357,8111.142102440396,118,112,11,0
108,cluster,gemini,16,16,4670.79587003633,291.9247418772706,20093.979350181642,96,92,16,0
108,cluster,breakthrough,16,16,1698.299237268099,106.14370232925619,4786.496186340495,111,106,16,0
109,cluster,gemini,16,16,5135.502305005272,320.9688940628295,21572.51152502636,126,111,16,0
109,cluster,breakthrough,16,16,2040.7212585224765,127.54507865765478,6223.606292612382,120,116,16,0
110,cluster,gemini,16,16,6388.933848506656,399.308365531666,27714.669242533295,131,111,16,0
110,cluster,breakthrough,16,16,1974.5723868873297,123.4107741804581,5957.86193443665,118,113,16,0
101,minrange,gemini,11,11,5319.935880724196,483.63053461129056,21754.67940362098,154,144,11,0
101,minrange,breakthrough,11,11,3078.2279858856105,279.8389078077828,11781.13992942805,112,107,11,0
102,minrange,gemini,10,10,5453.545370609506,545.3545370609506,22477.726853047534,153,143,10,0
102,minrange,breakthrough,10,10,2840.798085423515,284.07980854235154,10338.990427117576,122,113,10,0
103,minrange,gemini,11,11,5174.732855653678,470.4302596048798,21033.664278268385,154,143,11,0
103,minrange,breakthrough,11,11,3708.1534831357753,337.1048621032523,14525.767415678876,126,118,11,0
104,minrange,gemini,11,11,5712.561183141002,519.3237439219093,23692.805915705034,155,144,11,0
104,minrange,breakthrough,11,11,3238.2575953909036,294.3870541264458,12076.28797695452,129,123,11,0
105,minrange,gemini,13,13,5727.807280297686,440.6005600228989,23664.036401488436,157,145,13,0
105,minrange,breakthrough,13,13,3251.5558875365555,250.1196836566581,11987.779437682775,133,124,13,0
106,minrange,gemini,13,13,6313.897171341623,485.6843977955095,26564.48585670814,158,146,13,0
106,minrange,breakthrough,13,13,3419.117804603169,263.0090618925515,13510.589023015846,110,102,13,0
107,minrange,gemini,11,11,5422.7527319521705,492.97752108656096,22243.76365976085,155,144,11,0
107,minrange,breakthrough,11,11,3096.2882169661357,281.4807469969214,11506.441084830676,124,120,11,0
108,minrange,gemini,16,16,6330.034990915395,395.62718693221217,27105.17495457698,140,129,16,0
108,minrange,breakthrough,16,16,3788.0011153237474,236.7500697077342,14750.005576618736,128,118,16,0
109,minrange,gemini,16,16,7071.6690568595195,441.97931605371997,30188.345284297608,161,149,16,0
109,minrange,breakthrough,16,16,3707.0630678036764,231.69144173772978,14885.315339018376,109,105,16,0
110,minrange,gemini,16,16,6970.523069451397,435.6576918407123,29582.615347257,165,149,16,0
110,minrange,breakthrough,16,16,3517.5183190635303,219.84489494147064,13832.591595317645,113,106,16,0
101,bias,gemini,11,11,5665.517263976382,515.047023997853,23432.58631988191,156,144,11,0
101,bias,breakthrough,11,11,3039.172529686092,276.2884117896447,11415.862648430453,118,111,11,0
102,bias,gemini,10,10,5485.775990367772,548.5775990367772,22618.87995183886,154,142,10,0
102,bias,breakthrough,10,10,2730.245055511913,273.0245055511913,9896.22527755957,118,111,10,0
103,bias,gemini,11,11,5232.676278267487,475.69784347886247,21298.381391337425,155,143,11,0
103,bias,breakthrough,11,11,3297.8866538242532,299.80787762038665,12869.433269121264,113,104,11,0
104,bias,gemini,11,11,5326.618215439905,484.2380195854459,21713.09107719952,157,144,11,0
104,bias,breakthrough,11,11,2954.169323860349,268.56084762366805,10690.846619301745,128,121,11,0
105,bias,gemini,13,13,6748.54588912353,519.1189145479639,28637.729445617668,162,146,13,0
105,bias,breakthrough,13,13,3136.262282541162,241.25094481085864,11816.31141270581,119,113,13,0
106,bias,gemini,13,13,6158.268656174481,473.7129735518832,25761.343280872414,159,146,13,0
106,bias,breakthrough,13,13,3099.9727684570526,238.45944372746558,11704.86384228526,117,109,13,0
107,bias,gemini,11,11,5731.305993878465,521.027817625315,23736.52996939233,157,144,11,0
107,bias,breakthrough,11,11,2737.3227385779996,248.84752168890907,10061.613692889996,113,105,11,0
108,bias,gemini,16,16,6785.9679060647595,424.12299412904747,29279.83953032381,144,130,16,0
108,bias,breakthrough,16,16,3356.2574169536706,209.7660885596044,13116.28708476835,110,103,16,0
109,bias,gemini,16,16,7242.049088881899,452.62806805511866,30940.245444409502,165,149,16,0
109,bias,breakthrough,16,16,3637.4098638455125,227.33811649034453,14157.049319227564,122,116,16,0
110,bias,gemini,16,16,6895.323118147454,430.95769488421587,29751.61559073727,147,130,16,0
110,bias,breakthrough,16,16,3353.587684127322,209.59923025795763,13417.938420636605,99,95,16,0
101,extreme,gemini,11,11,5656.951728100811,514.2683389182556,23389.758640504053,156,144,11,0
101,extreme,breakthrough,11,11,3032.850798393285,275.7137089448441,11529.253991966425,113,107,11,0
102,extreme,gemini,10,10,5481.547997478342,548.1547997478342,22597.73998739171,154,142,10,0
102,extreme,breakthrough,10,10,2785.576248517279,278.5576248517279,10112.881242586394,120,113,10,0
103,extreme,gemini,11,11,5246.819335001015,476.9835759091832,21344.09667500507,156,143,11,0
103,extreme,breakthrough,11,11,3103.6647543110284,282.15134130100256,12003.32377155514,109,103,11,0
104,extreme,gemini,11,11,5340.65675550771,485.5142505007009,21758.283777538552,158,144,11,0
104,extreme,breakthrough,11,11,2958.7464261716427,268.9769478337857,10908.732130858214,121,117,11,0
105,extreme,gemini,13,13,6750.920961055098,519.3016123888536,28649.604805275503,162,146,13,0
105,extreme,breakthrough,13,13,3105.0138260769586,238.84721739053526,11875.069130384793,112,105,13,0
106,extreme,gemini,13,13,6161.383519255641,473.9525784042801,25776.917596278214,159,146,13,0
106,extreme,breakthrough,13,13,3172.339966855438,244.02615129657215,12346.699834277186,108,98,13,0
107,extreme,gemini,11,11,5722.4874775339895,520.2261343212717,23692.437387669954,157,144,11,0
107,extreme,breakthrough,11,11,2909.7245919297343,264.5204174481577,10668.622959648676,121,116,11,0
108,extreme,gemini,16,16,6776.65988479657,423.5412427997856,29258.299423982837,143,130,16,0
108,extreme,breakthrough,16,16,3713.854547117401,232.11590919483757,14799.272735587,113,109,16,0
109,extreme,gemini,16,16,7241.21571534641,452.57598220915065,30936.078576732052,165,149,16,0
109,extreme,breakthrough,16,16,3631.9349440715414,226.99593400447134,14389.674720357703,113,109,16,0
110,extreme,gemini,16,16,6888.468585486011,430.5292865928757,29717.342927430043,147,130,16,0
110,extreme,breakthrough,16,16,3531.884744125892,220.74279650786826,13894.42372062946,113,108,16,0
1001,random,gemini,15,15,6257.832854485484,417.1888569656989,26124.164272427428,162,148,15,0
1001,random,breakthrough,15,15,3501.8511808010835,233.4567453867389,13564.25590400542,120,114,15,0
1002,random,gemini,15,15,6740.494079752197,449.3662719834798,28612.470398760997,159,148,15,0
1002,random,breakthrough,15,15,3253.5994376456706,216.90662917637803,12702.997188228353,108,98,15,0
1003,random,gemini,16,16,6592.368670095083,412.0230418809427,27741.84335047543,163,149,16,0
1003,random,breakthrough,16,16,3246.971697922146,202.93573112013414,12749.858489610731,104,97,16,0
1004,random,gemini,16,16,6566.279483548187,410.3924677217617,28256.39741774094,141,130,16,0
1004,random,breakthrough,16,16,3379.8819943840053,211.24262464900033,13264.40997192003,109,102,16,0
1005,random,gemini,15,15,6289.748074134694,419.3165382756463,26313.740370673488,161,147,15,0
1005,random,breakthrough,15,15,3408.1189113814444,227.20792742542963,13490.594556907226,107,100,15,0
1006,random,gemini,13,13,6294.375369639604,484.18272074150804,26441.876848198026,159,146,13,0
1006,random,breakthrough,13,13,3126.128291975175,240.47140707501347,11630.641459875873,124,115,13,0
1007,random,gemini,12,12,5534.226633553142,461.1855527960952,22696.13316776571,158,145,12,0
1007,random,breakthrough,12,12,3199.285529047486,266.60712742062384,12091.427645237425,121,116,12,0
1008,random,gemini,11,11,5732.210989119606,521.1100899199641,23791.054945598036,155,144,11,0
1008,random,breakthrough,11,11,3239.9051953232074,294.5368359384734,12124.525976616038,128,120,11,0
1009,random,gemini,10,10,5324.765892084874,532.4765892084874,21783.829460424367,155,143,10,0
1009,random,breakthrough,10,10,2916.3123061371257,291.63123061371255,10756.56153068563,120,115,10,0
1010,random,gemini,14,14,6232.910485598208,445.2078918284434,26104.552427991046,159,147,14,0
1010,random,breakthrough,14,14,3613.448629161178,258.10347351151273,14157.243145805887,120,112,14,0
1011,random,gemini,10,10,5321.817518986897,532.1817518986898,21744.087594934474,156,143,10,0
1011,random,breakthrough,10,10,3322.09750184952,332.209750184952,12840.4875092476,118,114,10,0
1012,random,gemini,15,15,6961.4151659647205,464.09434439764806,29667.075829823618,161,148,15,0
1012,random,breakthrough,15,15,3040.790053470208,202.71933689801386,11533.95026735104,111,104,15,0
1013,random,gemini,13,13,6411.382871128127,493.1832977790867,26951.914355640638,162,146,13,0
1013,random,breakthrough,13,13,3417.8224046966047,262.90941574589266,13154.112023483023,121,117,13,0
1014,random,gemini,10,10,5257.20119013723,525.720119013723,21446.005950686154,155,143,10,0
1014,random,breakthrough,10,10,2787.687002313659,278.76870023136587,10443.435011568294,109,104,10,0
1015,random,gemini,11,11,5703.227975372853,518.4752704884412,23671.13987686426,154,144,11,0
1015,random,breakthrough,11,11,3124.6456308045,284.0586937095,11728.228154022496,122,114,11,0
1016,random,gemini,11,11,5441.78758356562,494.70796214232905,22288.937917828098,157,144,11,0
1016,random,breakthrough,11,11,2827.0332965341127,257.0030269576466,10430.166482670564,115,111,11,0
1017,random,gemini,11,11,5638.6204068184725,512.6018551653157,23273.102034092368,157,144,11,0
1017,random,breakthrough,11,11,2865.0000513994387,260.4545501272217,10525.000256997198,118,115,11,0
1018,random,gemini,12,12,5929.613357525195,494.1344464604329,24658.06678762598,159,143,12,0
1018,random,breakthrough,12,12,3008.9383531407934,250.74486276173278,11369.69176570396,114,105,12,0
1019,random,gemini,10,10,5079.674400234073,507.9674400234073,20558.372001170374,155,143,10,0
1019,random,breakthrough,10,10,3184.8741276804626,318.4874127680463,11894.370638402308,127,121,10,0
1020,random,gemini,12,12,5608.62355340145,467.3852961167875,23068.11776700727,158,145,12,0
1020,random,breakthrough,12,12,2804.415579195979,233.70129826633158,10262.077895979894,117,107,12,0
1021,random,gemini,10,10,5561.206535536083,556.1206535536082,22966.032677680414,155,143,10,0
1021,random,breakthrough,10,10,3021.9131996330766,302.19131996330765,11409.565998165386,116,110,10,0
1022,random,gemini,14,14,6509.904939867488,464.99320999053487,27439.524699337446,161,147,14,0
1022,random,breakthrough,14,14,3406.004081154113,243.28600579672235,13035.020405770565,123,114,14,0
1023,random,gemini,10,10,5319.876856069293,531.9876856069293,21709.384280346476,157,143,10,0
1023,random,breakthrough,10,10,2952.846492911532,295.2846492911532,11134.232464557663,114,106,10,0
1024,random,gemini,14,14,6324.8349543508475,451.7739253107748,26539.17477175423,160,147,14,0
1024,random,breakthrough,14,14,3535.8499789457273,252.56071278183768,13854.249894728635,117,110,14,0
1025,random,gemini,10,10,5320.380013671041,532.038001367104,21836.900068355215,152,143,10,0
1025,random,breakthrough,10,10,2969.5292531207647,296.95292531207645,10917.64626560382,124,116,10,0
1026,random,gemini,11,11,5206.325162801438,473.30228752740345,21136.625814007188,156,144,11,0
1026,random,breakthrough,11,11,2767.748147937593,251.6134679943266,10073.740739687964,117,113,11,0
1027,random,gemini,10,10,5021.2890457466865,502.12890457466864,20296.445228733442,154,142,10,0
1027,random,breakthrough,10,10,2941.1821603405506,294.1182160340551,10960.910801702752,118,109,10,0
1028,random,gemini,12,12,5726.148870417458,477.1790725347882,23660.744352087302,158,144,12,0
1028,random,breakthrough,12,12,3514.886345338826,292.90719544490213,13584.431726694127,124,118,12,0
1029,random,gemini,13,13,6387.364326422039,491.33571741707993,26931.82163211019,158,146,13,0
1029,random,breakthrough,13,13,3506.134229555853,269.7026330427579,13370.671147779263,129,122,13,0
1030,random,gemini,14,14,6624.074191703905,473.14815655027894,27990.370958519517,162,146,14,0
1030,random,breakthrough,14,14,3246.6608688811593,231.90434777722567,12643.304344405798,109,103,14,0
1031,random,gemini,10,10,5447.531312690773,544.7531312690774,22422.65656345386,154,143,10,0
1031,random,breakthrough,10,10,2971.031738259034,297.10317382590335,10915.15869129517,124,118,10,0
1032,random,gemini,13,13,6017.691693021304,462.89936100163874,25083.458465106512,158,146,13,0
1032,random,breakthrough,13,13,2905.764970284337,223.52038232956437,10388.824851421683,128,123,13,0
1033,random,gemini,12,12,5924.919948937165,493.7433290780971,24649.599744685827,158,145,12,0
1033,random,breakthrough,12,12,3109.500772344558,259.1250643620465,11917.503861722784,112,106,12,0
1034,random,gemini,11,11,5469.83694487121,497.2579040792009,22409.184724356044,158,143,11,0
1034,random,breakthrough,11,11,2976.5165272763866,270.5924115705806,10987.582636381932,122,114,11,0
1035,random,gemini,16,16,6100.827539494296,381.3017212183935,26549.137697471488,120,111,16,0
1035,random,breakthrough,16,16,2930.647445884566,183.16546536778537,11543.237229422824,92,82,16,0
1036,random,gemini,15,15,6520.606887108846,434.70712580725643,27413.03443554424,163,148,15,0
1036,random,breakthrough,15,15,3577.142588396615,238.4761725597743,13745.712941983076,127,118,15,0
1037,random,gemini,11,11,6064.552702031587,551.3229729119624,25427.763510157947,156,144,11,0
1037,random,breakthrough,11,11,3000.535766171923,272.7759787429021,11372.678830859608,113,106,11,0
1038,random,gemini,16,16,7489.318205698786,468.08238785617414,32126.59102849393,167,149,16,0
1038,random,breakthrough,16,16,3375.451207274947,210.9657004546842,13087.256036374733,114,108,16,0
1039,random,gemini,16,16,6689.300124053548,418.08125775334673,29366.500620267758,125,111,16,0
1039,random,breakthrough,16,16,3174.019111408482,198.37619446303012,12360.095557042405,105,97,16,0
1040,random,gemini,16,16,6795.831495730672,424.739468483167,29309.15747865336,145,129,16,0
1040,random,breakthrough,16,16,3236.4102269903524,202.27563918689702,12517.051134951764,110,103,16,0
1041,random,gemini,12,12,5433.226983329589,452.76891527746574,22146.13491664795,160,144,12,0
1041,random,breakthrough,12,12,3210.2358603503453,267.51965502919546,12166.179301751728,121,112,12,0
1042,random,gemini,12,12,5941.330053873299,495.11083782277495,24781.650269366506,156,145,12,0
1042,random,breakthrough,12,12,3121.123724202887,260.09364368357393,11770.618621014437,119,112,12,0
1043,random,gemini,12,12,6425.671008581405,535.4725840484504,27128.35504290702,159,145,12,0
1043,random,breakthrough,12,12,3394.6470952218574,282.88725793515476,12893.235476109287,127,121,12,0
1044,random,gemini,11,11,5464.648143639412,496.7861948763102,22428.24071819707,156,144,11,0
1044,random,breakthrough,11,11,3013.5470690395296,273.9588244581391,11447.735345197645,113,104,11,0
1045,random,gemini,12,12,5649.515129327378,470.7929274439482,23297.575646636902,157,145,12,0
1045,random,breakthrough,12,12,3043.156068860017,253.5963390716681,11285.780344300085,122,116,12,0
1046,random,gemini,14,14,6420.689543446089,458.6206816747207,27043.447717230454,159,147,14,0
1046,random,breakthrough,14,14,3174.330657703681,226.7379041216915,12031.653288518404,117,113,14,0
1047,random,gemini,14,14,6243.902398738271,445.99302848130503,26134.511993691343,160,147,14,0
1047,random,breakthrough,14,14,3099.8378132938365,221.41698666384545,11749.189066469184,115,105,14,0
1048,random,gemini,14,14,6174.762562112805,441.05446872234324,25713.81281056403,163,147,14,0
1048,random,breakthrough,14,14,3239.306003412101,231.3790002437215,12516.530017060504,112,106,14,0
1049,random,gemini,15,15,6899.531109267922,459.9687406178615,29382.655546339618,160,148,15,0
1049,random,breakthrough,15,15,3099.8820194816203,206.65880129877468,11899.410097408105,109,100,15,0
1050,random,gemini,13,13,6145.962337318015,472.7663336398473,25724.811686590077,158,146,13,0
1050,random,breakthrough,13,13,3337.878525960281,256.7598866123293,12839.392629801403,119,110,13,0
1051,random,gemini,16,16,6634.283399424969,414.64271246406054,29091.416997124852,125,111,16,0
1051,random,breakthrough,16,16,3600.1494624480524,225.00934140300328,14190.74731224026,115,107,16,0
1052,random,gemini,15,15,6569.873305775154,437.9915537183436,27659.366528875784,163,148,15,0
1052,random,breakthrough,15,15,3411.6562023723004,227.44374682482004,13128.281011861507,120,111,15,0
1053,random,gemini,10,10,4940.623757681067,494.06237576810673,19918.11878840534,153,142,10,0
1053,random,breakthrough,10,10,3078.567504861388,307.8567504861388,11567.83752430694,120,115,10,0
1054,random,gemini,13,13,6528.371821323572,502.1824477941209,27621.859106617863,159,144,13,0
1054,random,breakthrough,13,13,3360.710785125864,258.51621424045106,12743.553925629312,126,117,13,0
1055,random,gemini,11,11,5779.926523669753,525.4478657881593,23929.63261834876,159,144,11,0
1055,random,breakthrough,11,11,2886.408304606663,262.4007549642421,10527.041523033315,122,116,11,0
1056,random,gemini,15,15,6835.015635575826,455.6677090383884,29035.07817787914,161,148,15,0
1056,random,breakthrough,15,15,3683.448472082997,245.5632314721998,14667.242360414977,114,105,15,0
1057,random,gemini,13,13,5955.907060201644,458.146696938588,24699.53530100822,161,146,13,0
1057,random,breakthrough,13,13,3021.7272461086277,232.44055739297136,11478.636230543136,111,106,13,0
1058,random,gemini,14,14,6250.973623885906,446.4981159918504,26144.868119429546,161,147,14,0
1058,random,breakthrough,14,14,3139.3854643717527,224.24181888369662,12111.927321858768,109,102,14,0
1059,random,gemini,11,11,5624.441422007981,511.31285654618006,23177.207110039904,158,144,11,0
1059,random,breakthrough,11,11,3134.8744575875003,284.9885870534091,11989.3722879375,115,107,11,0
1060,random,gemini,11,11,6030.541714150838,548.2310649228034,25257.7085707542,156,144,11,0
1060,random,breakthrough,11,11,3261.0563088561016,296.45966444146376,12565.28154428051,117,108,11,0
1061,random,gemini,15,15,6740.029816834821,449.3353211223214,28465.149084174114,165,147,15,0
1061,random,breakthrough,15,15,3094.6809182316324,206.31206121544216,11793.404591158163,111,106,15,0
1062,random,gemini,15,15,6856.463983631834,457.09759890878894,29067.319918159177,164,148,15,0
1062,random,breakthrough,15,15,3733.086633015742,248.87244220104947,14660.433165078714,122,116,15,0
1063,random,gemini,15,15,6657.261930067535,443.8174620045023,28126.30965033767,162,147,15,0
1063,random,breakthrough,15,15,3807.0829427984054,253.8055295198937,14975.414713992031,125,112,15,0
1064,random,gemini,15,15,6907.840460294922,460.52269735299484,29399.202301474597,161,148,15,0
1064,random,breakthrough,15,15,3358.3959010024123,223.89306006682747,12936.97950501206,118,106,15,0
1065,random,gemini,15,15,7068.326797673049,471.2217865115366,30126.633988365254,164,148,15,0
1065,random,breakthrough,15,15,3624.135451355398,241.60903009035985,14400.677256776988,113,104,15,0
1066,random,gemini,13,13,6144.082289835382,472.6217146027217,25765.411449176914,156,146,13,0
1066,random,breakthrough,13,13,3465.918951688319,266.60915012987067,13459.594758441588,119,114,13,0
1067,random,gemini,15,15,6386.689849535747,425.77932330238315,26843.449247678735,159,148,15,0
1067,random,breakthrough,15,15,3474.235445141283,231.6156963427522,13616.177225706415,114,106,15,0
1068,random,gemini,15,15,6858.388507578116,457.22590050520773,29081.942537890594,164,147,15,0
1068,random,breakthrough,15,15,3325.8674606138925,221.7244973742595,12869.337303069462,114,107,15,0
1069,random,gemini,12,12,5882.08243161398,490.17353596783164,24440.412158069907,158,144,12,0
1069,random,breakthrough,12,12,3122.645081263716,260.22042343864297,11893.22540631858,115,109,12,0
1070,random,gemini,15,15,6872.19312098516,458.14620806567734,29170.96560492581,163,148,15,0
1070,random,breakthrough,15,15,3297.602969644155,219.840197976277,12998.014848220768,105,98,15,0
1071,random,gemini,16,16,6585.476444399126,411.5922777749454,28302.382221995635,143,130,16,0
1071,random,breakthrough,16,16,3724.1760776704236,232.76100485440148,14745.880388352118,117,110,16,0
1072,random,gemini,14,14,6777.7665649479295,484.1261832105664,28853.832824739653,158,147,14,0
1072,random,breakthrough,14,14,3424.1317313626273,244.58083795447337,12980.658656813132,127,123,14,0
1073,random,gemini,15,15,6448.862042730954,429.9241361820636,27129.310213654775,160,148,15,0
1073,random,breakthrough,15,15,3464.490731536376,230.96604876909174,13887.45365768188,104,92,15,0
1074,random,gemini,15,15,7262.580190245016,484.17201268300107,31172.900951225085,161,148,15,0
1074,random,breakthrough,15,15,3383.6985577617424,225.57990385078284,13043.492788808713,118,110,15,0
1075,random,gemini,16,16,6430.12620377848,401.882887736155,27525.631018892404,143,130,16,0
1075,random,breakthrough,16,16,3356.33643688293,209.7710273051831,12881.68218441465,118,110,16,0
1076,random,gemini,14,14,7020.939357255422,501.49566837538725,29919.696786277123,164,147,14,0
1076,random,breakthrough,14,14,3154.1830332794966,225.29878809139262,12350.91516639748,103,99,14,0
1077,random,gemini,15,15,6811.744429280332,454.1162952853555,28918.722146401673,161,148,15,0
1077,random,breakthrough,15,15,3202.346241372321,213.48974942482138,12226.731206861605,115,107,15,0
1078,random,gemini,13,13,5848.601397139473,449.89241516457486,24263.006985697368,157,146,13,0
1078,random,breakthrough,13,13,3311.8889940050667,254.76069184654358,12754.444970025332,117,111,13,0
1079,random,gemini,11,11,5345.845856110726,485.9859869191569,21859.22928055363,155,144,11,0
1079,random,breakthrough,11,11,3452.9063326051196,313.9005756913745,13704.531663025595,110,107,11,0
1080,random,gemini,11,11,5481.852560583561,498.3502327803237,22464.262802917798,158,144,11,0
1080,random,breakthrough,11,11,2899.767120503196,263.61519277301784,10638.835602515977,120,117,11,0
1081,random,gemini,15,15,6822.501816189176,454.83345441261173,28947.509080945885,162,148,15,0
1081,random,breakthrough,15,15,3067.8512483864683,204.52341655909788,11684.256241932339,110,106,15,0
1082,random,gemini,11,11,5527.033973676272,502.45763397057016,22715.169868381367,157,144,11,0
1082,random,breakthrough,11,11,3084.177474359069,280.379770396279,11670.887371795347,117,110,11,0
1083,random,gemini,10,10,5526.666502665484,552.6666502665483,22818.332513327427,154,143,10,0
1083,random,breakthrough,10,10,2895.5997995814555,289.55997995814556,10812.998997907276,115,108,10,0
1084,random,gemini,15,15,6445.445524730215,429.6963683153477,27112.227623651084,160,148,15,0
1084,random,breakthrough,15,15,3565.402858836018,237.6935239224012,14057.01429418009,115,104,15,0
1085,random,gemini,16,16,6628.101431592146,414.2563394745091,27970.507157960754,161,149,16,0
1085,random,breakthrough,16,16,3428.7533395080927,214.2970837192558,13553.766697540455,108,98,16,0
1086,random,gemini,13,13,6302.896889219709,484.83822224766993,26434.48444609856,161,146,13,0
1086,random,breakthrough,13,13,3146.1976268501267,242.01520206539436,12130.988134250636,110,105,13,0
1087,random,gemini,10,10,5206.325359488165,520.6325359488166,21171.626797440826,156,142,10,0
1087,random,breakthrough,10,10,3048.4121939139545,304.84121939139544,11557.060969569771,116,107,10,0
1088,random,gemini,10,10,5116.037404217795,511.60374042177943,20770.187021088983,154,142,10,0
1088,random,breakthrough,10,10,3251.3182099458536,325.1318209945854,12161.591049729268,129,124,10,0
1089,random,gemini,10,10,5253.440231245744,525.3440231245744,21452.201156228726,154,143,10,0
1089,random,breakthrough,10,10,3045.399302859371,304.5399302859371,11351.996514296852,122,115,10,0
1090,random,gemini,11,11,5690.672387007606,517.3338533643278,23508.361935038036,158,144,11,0
1090,random,breakthrough,11,11,3042.24908442641,276.56809858421906,11346.245422132046,120,118,11,0
1091,random,gemini,16,16,7172.952992677235,448.3095620423272,30679.76496338617,162,147,16,0
1091,random,breakthrough,16,16,3494.4335843803033,218.40209902376895,13557.167921901511,118,113,16,0
1092,random,gemini,15,15,6746.991306030233,449.7994204020155,28569.95653015118,162,148,15,0
1092,random,breakthrough,15,15,3382.500652372885,225.50004349152564,13072.503261864425,116,113,15,0
1093,random,gemini,12,12,6310.885676586396,525.9071397155329,26509.42838293199,161,144,12,0
1093,random,breakthrough,12,12,3111.0874367394727,259.25728639495605,11690.437183697368,120,113,12,0
1094,random,gemini,13,13,5844.470419265096,449.5746476357766,24217.35209632547,158,146,13,0
1094,random,breakthrough,13,13,3142.230055478456,241.71000426757354,11971.15027739228,115,108,13,0
1095,random,gemini,16,16,6628.727875829543,414.29549223934646,27928.639379147728,163,148,16,0
1095,random,breakthrough,16,16,3007.6950033906805,187.98093771191753,11483.475016953405,107,96,16,0
1096,random,gemini,16,16,7176.130170457999,448.50813565362495,30565.65085229,167,148,16,0
1096,random,breakthrough,16,16,3636.9202947335048,227.30751842084405,14454.60147366752,112,106,16,0
1097,random,gemini,16,16,6836.161776841732,427.26011105260824,28935.808884208673,164,149,16,0
1097,random,breakthrough,16,16,3276.814622837062,204.80091392731637,12379.073114185308,122,111,16,0
1098,random,gemini,14,14,6801.80754883962,485.84339634568715,28899.0377441981,161,147,14,0
1098,random,breakthrough,14,14,2998.429483098289,214.17353450702063,11462.147415491443,107,101,14,0
1099,random,gemini,10,10,5934.985973719903,593.4985973719903,24789.929868599516,157,142,10,0
1099,random,breakthrough,10,10,2965.7791928733845,296.57791928733843,11103.89596436692,117,110,10,0
1100,random,gemini,14,14,6081.0290147063015,434.35921533616437,25300.14507353151,161,146,14,0
1100,random,breakthrough,14,14,3139.517752149531,224.2512680106808,11782.588760747654,120,113,14,0
