actual_cleared,algorithm,average_time_s,clear_attempts,cleared,distance_m,fallback_count,measures,mode,official_validated,runtime_s,seed,status,stress,switches,total,virtual_time_s
11,original,845.8662224915083,11,11,40212.64223703295,0,207,q3,False,1.043890199973248,1,complete_coverage,random,172,11,9304.528447406592
14,original,782.0509795126317,14,14,49078.56856588423,0,184,q3,False,1.1830947999842465,2,complete_coverage,random,143,14,10948.713713176843
13,original,754.7776841867892,13,13,43155.54947214129,0,192,q3,False,1.1321318999980576,3,complete_coverage,random,156,13,9812.10989442826
15,original,752.6745044878149,15,15,51240.58783658612,0,168,q3,False,1.2587078000069596,4,complete_coverage,random,127,15,11290.117567317224
11,original,856.0002565622367,11,11,40470.014110923024,0,217,q3,False,0.9290367000212427,5,complete_coverage,random,182,11,9416.002822184604
10,original,908.1157186341886,10,10,38725.78593170943,0,220,q3,False,0.8108805000083521,6,complete_coverage,random,186,10,9081.157186341887
13,original,757.3204872760342,13,13,44020.831672942215,0,169,q3,False,1.1094849999935832,7,complete_coverage,random,131,13,9845.166334588444
16,original,543.8636751275614,16,16,39904.094010204884,0,113,q3,False,1.2689564999891445,8,complete_upper_bound,random,76,16,8701.818802040982
14,original,713.8834052643039,14,14,44451.838368501245,0,179,q3,False,1.1331327999942005,9,complete_coverage,random,139,14,9994.367673700253
13,original,808.0670675590344,13,13,46134.359391337246,0,209,q3,False,1.0616034000122454,10,complete_coverage,random,168,13,10504.871878267448
