actual_cleared,algorithm,average_time_s,clear_attempts,cleared,coverage_cell_m,coverage_certificate,distance_m,fallback_count,fixed_nodes_visited,full_scan_count,measures,mode,official_validated,pending_tracks,runtime_s,seed,shared_measures,status,stress,switches,total,uncovered_cells,virtual_time_s
11,gemini,499.4975145910248,11,11,,,22477.363302506372,0,,,160,q3,False,,2.4321796000003815,1,,complete_coverage,random,144,11,,5494.472660501273
11,breakthrough,278.93599590968023,11,11,100.0,hexagon_analytic,11641.47977503241,0,6,7,115,q3,False,0,1.8031902000075206,1,14,complete_coverage,random,110,11,8,3068.2959550064825
14,gemini,474.64648703529735,14,14,,,27990.254092470823,0,,,166,q3,False,,1.5409142000135034,2,,complete_coverage,random,147,14,,6645.050818494163
14,breakthrough,235.8246168183703,14,14,100.0,hexagon_analytic,12732.723177285918,0,6,7,116,q3,False,0,1.3668375000124797,2,26,complete_coverage,random,105,14,8,3301.544635457184
13,gemini,441.9447722008757,13,13,,,23701.41019305692,0,,,159,q3,False,,1.3903646999970078,3,,complete_coverage,random,145,13,,5745.282038611384
13,breakthrough,245.23904747087394,13,13,100.0,hexagon_analytic,11985.538085606804,0,6,7,122,q3,False,0,1.1109918000001926,3,17,complete_coverage,random,116,13,8,3188.1076171213613
15,gemini,494.7081135215006,15,15,,,31863.108514112566,0,,,165,q3,False,,1.9725725000025705,4,,complete_coverage,random,148,15,,7420.621702822509
15,breakthrough,216.18103391418586,15,15,100.0,hexagon_analytic,12498.577543563937,0,6,7,112,q3,False,0,1.7594309000123758,4,30,complete_coverage,random,108,15,8,3242.715508712788
11,gemini,499.58914419192075,11,11,,,22537.402930555647,0,,,158,q3,False,,1.2830555999826174,5,,complete_coverage,random,143,11,,5495.480586111128
11,breakthrough,297.0603877578623,11,11,100.0,hexagon_analytic,12388.321326682424,0,6,7,124,q3,False,0,1.3507804999826476,5,14,complete_coverage,random,115,11,8,3267.664265336485
10,gemini,544.8665937605235,10,10,,,22433.329688026177,0,,,154,q3,False,,1.0678340000158641,6,,complete_coverage,random,142,10,,5448.665937605235
10,breakthrough,308.85547644622676,10,10,100.0,hexagon_analytic,11652.773822311336,0,6,7,119,q3,False,0,1.0425655000144616,6,13,complete_coverage,random,113,10,8,3088.5547644622675
13,gemini,446.1867699910404,13,13,,,23947.14004941763,0,,,160,q3,False,,1.6063599000044633,7,,complete_coverage,random,146,13,,5800.428009883525
13,breakthrough,244.12389838351368,13,13,100.0,hexagon_analytic,12468.053394928393,0,6,7,104,q3,False,0,1.4538761000148952,7,27,complete_coverage,random,95,13,8,3173.6106789856776
16,gemini,425.9763750081544,16,16,,,28783.110000652363,0,,,166,q3,False,,1.9390545000205748,8,,complete_upper_bound,random,149,16,,6815.62200013047
16,breakthrough,217.98109213662443,16,16,100.0,hexagon_analytic,13653.487370929959,0,6,7,114,q3,False,0,2.61316569999326,8,25,complete_upper_bound,random,107,16,8,3487.697474185991
14,gemini,475.54433283887585,14,14,,,28153.103298721315,0,,,162,q3,False,,1.5334255999769084,9,,complete_coverage,random,147,14,,6657.6206597442615
14,breakthrough,256.98598678547955,14,14,100.0,hexagon_analytic,14364.019074983566,0,6,7,111,q3,False,0,1.3824268000025768,9,21,complete_coverage,random,100,14,8,3597.8038149967138
13,gemini,503.3802971763811,13,13,,,27714.71931646477,0,,,158,q3,False,,1.1626363999966998,10,,complete_coverage,random,146,13,,6543.943863292954
13,breakthrough,249.7759865922817,13,13,100.0,hexagon_analytic,12640.43912849831,0,6,7,110,q3,False,0,1.2953612999990582,10,15,complete_coverage,random,104,13,8,3247.087825699662
12,gemini,521.6299221610079,12,12,,,26327.795329660486,0,,,158,q3,False,,1.304815800016513,11,,complete_coverage,random,144,12,,6259.559065932095
12,breakthrough,291.42826616361515,12,12,100.0,hexagon_analytic,13770.69596981691,0,6,7,115,q3,False,0,1.2601394999946933,11,13,complete_coverage,random,108,12,8,3497.139193963382
10,gemini,540.4512232905169,10,10,,,22212.561164525847,0,,,154,q3,False,,1.0647110999852885,12,,complete_coverage,random,142,10,,5404.512232905168
10,breakthrough,330.42899867448307,10,10,100.0,hexagon_analytic,12616.449933724152,0,6,7,123,q3,False,0,1.112308200012194,12,14,complete_coverage,random,116,10,8,3304.2899867448305
15,gemini,456.5593282203807,15,15,,,29001.94961652855,0,,,165,q3,False,,1.7202370000013616,13,,complete_coverage,random,148,15,,6848.38992330571
15,breakthrough,219.37356379755695,15,15,100.0,hexagon_analytic,12613.017284816768,0,6,7,117,q3,False,0,1.4542305000068154,13,29,complete_coverage,random,108,15,8,3290.6034569633543
15,gemini,480.344475378027,15,15,,,30835.83565335204,0,,,163,q3,False,,1.4350799999956507,14,,complete_coverage,random,148,15,,7205.167130670406
15,breakthrough,221.91885622630338,15,15,100.0,hexagon_analytic,12823.914216972755,0,6,7,116,q3,False,0,1.5527202000084799,14,32,complete_coverage,random,109,15,8,3328.7828433945506
10,gemini,525.5361580902417,10,10,,,21436.80790451209,0,,,155,q3,False,,1.2493959999992512,15,,complete_coverage,random,143,10,,5255.361580902417
10,breakthrough,272.6222191315038,10,10,100.0,hexagon_analytic,9841.11095657519,0,6,7,119,q3,False,0,1.2203125999949407,15,17,complete_coverage,random,113,10,8,2726.2221913150383
15,gemini,438.7052671817815,15,15,,,27712.89503863362,0,,,163,q3,False,,1.5872503999853507,16,,complete_coverage,random,148,15,,6580.579007726722
15,breakthrough,220.3353549191647,15,15,100.0,hexagon_analytic,12775.151618937352,0,6,7,114,q3,False,0,1.6483038000005763,16,33,complete_coverage,random,105,15,8,3305.0303237874705
15,gemini,436.9759509048618,15,15,,,27583.19631786464,0,,,163,q3,False,,1.6069015999964904,17,,complete_coverage,random,148,15,,6554.639263572927
15,breakthrough,227.67770733526314,15,15,100.0,hexagon_analytic,13330.828050144737,0,6,7,114,q3,False,0,1.2417471000226215,17,17,complete_coverage,random,104,15,8,3415.165610028947
11,gemini,493.55896051358576,11,11,,,22100.742828247232,0,,,162,q3,False,,0.9382768000068609,18,,complete_coverage,random,144,11,,5429.148565649443
11,breakthrough,265.99779708248474,11,11,100.0,hexagon_analytic,10969.878839536661,0,6,7,114,q3,False,0,1.0131226999801584,18,18,complete_coverage,random,107,11,8,2925.9757679073323
14,gemini,497.3136933026586,14,14,,,29626.95853118609,0,,,164,q3,False,,1.3585325999883935,19,,complete_coverage,random,147,14,,6962.39170623722
14,breakthrough,198.49159579340315,14,14,100.0,hexagon_analytic,10454.411705538223,0,6,7,104,q3,False,0,1.4438495000067633,19,41,complete_coverage,random,98,14,8,2778.882341107644
13,gemini,461.8930888781498,13,13,,,24968.050777079752,0,,,160,q3,False,,1.5106151000072714,20,,complete_coverage,random,146,13,,6004.610155415948
13,breakthrough,241.27815015766583,13,13,100.0,hexagon_analytic,11918.07976024828,0,6,7,116,q3,False,0,1.1972120999998879,20,27,complete_coverage,random,108,13,8,3136.615952049656
14,gemini,462.70476009637974,14,14,,,27279.333206746585,0,,,161,q3,False,,1.3739444999955595,21,,complete_coverage,random,147,14,,6477.8666413493165
14,breakthrough,235.3924099046148,14,14,100.0,hexagon_analytic,12772.468693323031,0,6,7,113,q3,False,0,1.40601490001427,21,32,complete_coverage,random,106,14,8,3295.493738664607
10,gemini,543.3445870176506,10,10,,,22377.22935088254,0,,,153,q3,False,,0.8472258000110742,22,,complete_coverage,random,143,10,,5433.445870176506
10,breakthrough,339.8109156032708,10,10,100.0,hexagon_analytic,12950.545780163542,0,6,7,128,q3,False,0,1.05539670001599,22,22,complete_coverage,random,118,10,8,3398.109156032708
10,gemini,580.2030351151352,10,10,,,24150.151755756757,0,,,156,q3,False,,1.0525288000062574,23,,complete_coverage,random,142,10,,5802.030351151352
10,breakthrough,317.37026411454315,10,10,100.0,hexagon_analytic,12013.513205727158,0,6,7,121,q3,False,0,1.1670030999812298,23,17,complete_coverage,random,116,10,8,3173.7026411454317
11,gemini,489.55294396079177,11,11,,,21955.411917843554,0,,,159,q3,False,,1.091366900014691,24,,complete_coverage,random,144,11,,5385.08238356871
11,breakthrough,261.61017105903096,11,11,100.0,hexagon_analytic,10873.5594082467,0,6,7,109,q3,False,0,1.194689500000095,24,15,complete_coverage,random,103,11,8,2877.7118816493407
15,gemini,453.34371214999595,15,15,,,28785.778411249707,0,,,164,q3,False,,1.7646718000178225,25,,complete_coverage,random,148,15,,6800.15568224994
15,breakthrough,238.74652481790525,15,15,100.0,hexagon_analytic,14150.989361342896,0,6,7,114,q3,False,0,2.0424214000231586,25,34,complete_coverage,random,106,15,8,3581.197872268579
16,gemini,455.91705073527424,16,16,,,31253.36405882195,0,,,163,q3,False,,4.494222799985437,26,,complete_upper_bound,random,149,16,,7294.672811764388
16,breakthrough,226.3702420067343,16,16,100.0,hexagon_analytic,14359.619360538734,0,6,7,113,q3,False,0,2.071971899975324,26,22,complete_upper_bound,random,105,16,8,3621.9238721077486
16,gemini,431.8708820683144,16,16,,,29329.67056546516,0,,,163,q3,False,,2.2279862000141293,27,,complete_upper_bound,random,149,16,,6909.934113093031
16,breakthrough,216.13691276344485,16,16,100.0,hexagon_analytic,13655.953021075587,0,6,7,109,q3,False,0,1.9793208000191953,27,34,complete_upper_bound,random,102,16,8,3458.1906042151177
15,gemini,446.7378641378303,15,15,,,28365.339810337286,0,,,161,q3,False,,1.6635083000001032,28,,complete_coverage,random,148,15,,6701.067962067455
15,breakthrough,221.70661101268232,15,15,100.0,hexagon_analytic,12952.995825951173,0,6,7,111,q3,False,0,2.17528090000269,28,23,complete_coverage,random,105,15,8,3325.5991651902345
14,gemini,462.7993060679682,14,14,,,27210.951424757786,0,,,164,q3,False,,1.9612390999973286,29,,complete_coverage,random,147,14,,6479.1902849515545
14,breakthrough,229.4746189635116,14,14,100.0,hexagon_analytic,12098.223327445814,0,6,7,121,q3,False,0,2.101029000012204,29,28,complete_coverage,random,118,14,8,3212.6446654891624
12,gemini,506.8492357975322,12,12,,,25435.95414785194,0,,,158,q3,False,,1.3964128000079654,30,,complete_coverage,random,145,12,,6082.190829570386
12,breakthrough,261.7138705167465,12,12,100.0,hexagon_analytic,12142.832231004793,0,6,7,110,q3,False,0,1.4402219000039622,30,24,complete_coverage,random,102,12,8,3140.566446200958
10,gemini,549.2646362780072,10,10,,,22623.231813900366,0,,,155,q3,False,,1.1191893000213895,31,,complete_coverage,random,143,10,,5492.646362780071
10,breakthrough,314.2978961685555,10,10,100.0,hexagon_analytic,11834.894808427782,0,6,7,122,q3,False,0,1.8906725999841,31,15,complete_coverage,random,116,10,8,3142.978961685555
16,gemini,431.06012353868624,16,16,,,29214.809883094902,0,,,165,q3,False,,2.1386436999891885,32,,complete_upper_bound,random,149,16,,6896.96197661898
16,breakthrough,211.1962257463265,16,16,100.0,hexagon_analytic,13490.69805970612,0,6,7,101,q3,False,0,2.498520399996778,32,34,complete_upper_bound,random,96,16,8,3379.139611941224
14,gemini,433.81686958895017,14,14,,,25182.180871226516,0,,,164,q3,False,,1.6143290000036359,33,,complete_coverage,random,147,14,,6073.436174245302
14,breakthrough,216.35960915846562,14,14,100.0,hexagon_analytic,11510.172641092595,0,6,7,111,q3,False,0,2.165350099996431,33,25,complete_coverage,random,102,14,8,3029.0345282185185
10,gemini,522.4723750630794,10,10,,,21308.61875315396,0,,,154,q3,False,,1.339566599985119,34,,complete_coverage,random,143,10,,5224.723750630794
10,breakthrough,306.61903033115743,10,10,100.0,hexagon_analytic,11655.951516557869,0,6,7,115,q3,False,0,1.2505945000157226,34,18,complete_coverage,random,110,10,8,3066.190303311574
15,gemini,437.23069766312335,15,15,,,27602.30232473425,0,,,163,q3,False,,1.6199117000214756,35,,complete_coverage,random,148,15,,6558.46046494685
15,breakthrough,222.4594391505413,15,15,100.0,hexagon_analytic,12624.457936290597,0,6,7,124,q3,False,0,2.0711589000129607,35,36,complete_coverage,random,117,15,8,3336.8915872581197
15,gemini,436.9447727061006,15,15,,,27630.85795295755,0,,,161,q3,False,,1.6390521000139415,36,,complete_coverage,random,148,15,,6554.171590591509
15,breakthrough,219.6763624018345,15,15,100.0,hexagon_analytic,12635.727180137581,0,6,7,116,q3,False,0,1.614991899987217,36,25,complete_coverage,random,113,15,8,3295.1454360275175
12,gemini,502.97689285756746,12,12,,,25278.61357145405,0,,,155,q3,False,,1.711107200011611,37,,complete_coverage,random,145,12,,6035.72271429081
12,breakthrough,282.65840756016127,12,12,100.0,hexagon_analytic,13199.504453609676,0,6,7,116,q3,False,0,1.5089819999993779,37,19,complete_coverage,random,112,12,8,3391.9008907219354
11,gemini,562.2870595330979,11,11,,,25980.788274320377,0,,,158,q3,False,,1.3999742000014521,38,,complete_coverage,random,144,11,,6185.157654864077
11,breakthrough,279.20636666816426,11,11,100.0,hexagon_analytic,11641.350166749033,0,6,7,116,q3,False,0,1.395930699974997,38,15,complete_coverage,random,108,11,8,3071.270033349807
14,gemini,482.3607273074782,14,14,,,28605.250911523486,0,,,163,q3,False,,1.5660567999875639,39,,complete_coverage,random,147,14,,6753.050182304695
14,breakthrough,241.33891762332217,14,14,100.0,hexagon_analytic,13098.724233632543,0,6,7,116,q3,False,0,1.5086783999868203,39,17,complete_coverage,random,109,14,8,3378.7448467265103
16,gemini,431.56477915763975,16,16,,,29825.1823326112,0,,,146,q3,False,,1.991236800007755,40,,complete_upper_bound,random,130,16,,6905.036466522236
16,breakthrough,206.4127574175709,16,16,100.0,hexagon_analytic,13098.020593405674,0,6,7,101,q3,False,0,2.1697975999850314,40,35,complete_upper_bound,random,98,16,8,3302.6041186811344
