algorithm,stress,seed,total,cleared,virtual_time_s,average_time_s,distance_m,measures,switches,clear_attempts,fallback_count,runtime_s
breakthrough,random,1,11,11,3068.2959550064825,278.93599590968023,11641.47977503241,115,110,11,0,0.85831539996434
ultimate,random,1,11,11,2819.8613981053277,256.3510361913934,10459.306990526638,113,108,11,0,1.171855799970217
breakthrough,random,2,14,14,3301.544635457184,235.8246168183703,12732.723177285918,116,105,14,0,1.742331000044942
ultimate,random,2,14,14,2955.2016781947436,211.0858341567674,11336.008390973713,104,98,14,0,1.3612632000003941
breakthrough,random,3,13,13,3188.1076171213613,245.23904747087394,11985.538085606804,122,116,13,0,0.9702022999990731
ultimate,random,3,13,13,3649.346267491115,280.7189436531627,14351.73133745557,119,113,15,0,1.0038983999984339
breakthrough,random,4,15,15,3242.715508712788,216.18103391418586,12498.577543563937,112,108,15,0,1.1821541999815963
ultimate,random,4,15,15,3027.3133976471777,201.8208931764785,11171.566988235885,121,113,15,0,1.330350299947895
breakthrough,random,5,11,11,3267.664265336485,297.0603877578623,12388.321326682424,124,115,11,0,1.2010424999753013
ultimate,random,5,11,11,3123.949922037683,283.9954474579712,11684.749610188413,123,114,12,0,1.207722700026352
breakthrough,random,6,10,10,3088.5547644622675,308.85547644622676,11652.773822311336,119,113,10,0,0.8369609999936074
ultimate,random,6,10,10,2888.5749551025574,288.8574955102557,10317.874775512788,130,122,11,0,0.8171613999875262
breakthrough,random,7,13,13,3173.6106789856776,244.12389838351368,12468.053394928393,104,95,13,0,1.2928265999653377
ultimate,random,7,13,13,2877.375862554914,221.33660481191646,10966.879312774568,104,99,13,0,1.1830293000093661
breakthrough,random,8,16,16,3487.697474185991,217.98109213662443,13653.487370929959,114,107,16,0,1.2055956000112928
ultimate,random,8,16,16,3183.391193155466,198.96194957221664,12041.95596577733,116,109,18,0,1.294884200033266
breakthrough,random,9,14,14,3597.8038149967138,256.98598678547955,14364.019074983566,111,100,14,0,1.0803692999761552
ultimate,random,9,14,14,3090.4660322367404,220.74757373119573,12067.330161183701,102,97,14,0,1.2107725000241771
breakthrough,random,10,13,13,3247.087825699662,249.7759865922817,12640.43912849831,110,104,13,0,1.0718026999966241
ultimate,random,10,13,13,3282.6258018502517,252.509677065404,12653.12900925126,115,109,14,0,1.1191870999755338
breakthrough,random,11,12,12,3497.139193963382,291.42826616361515,13770.69596981691,115,108,12,0,0.9633014000137337
ultimate,random,11,12,12,3092.2633597580325,257.68861331316936,11776.316798790162,113,106,14,0,0.9570803000242449
breakthrough,random,12,10,10,3304.2899867448305,330.42899867448307,12616.449933724152,123,116,10,0,0.8124484999570996
ultimate,random,12,10,10,3089.51691381663,308.951691381663,11607.584569083156,121,113,10,0,0.7987184000085108
breakthrough,random,13,15,15,3290.6034569633543,219.37356379755695,12613.017284816768,117,108,15,0,1.1786517999717034
ultimate,random,13,15,15,3022.524205970507,201.50161373136714,11272.621029852531,116,110,16,0,1.253909900027793
breakthrough,random,14,15,15,3328.7828433945506,221.91885622630338,12823.914216972755,116,109,15,0,1.1618727999739349
ultimate,random,14,15,15,3462.862789334876,230.85751928899174,13764.31394667438,107,100,15,0,1.2386705999961123
breakthrough,random,15,10,10,2726.2221913150383,272.6222191315038,9841.11095657519,119,113,10,0,0.8334180999663658
ultimate,random,15,10,10,2674.2174947223116,267.42174947223117,9706.087473611557,113,109,13,0,0.8184612999903038
breakthrough,random,16,15,15,3305.0303237874705,220.3353549191647,12775.151618937352,114,105,15,0,1.1171414999989793
ultimate,random,16,15,15,3321.2718550778372,221.41812367185582,12751.35927538919,117,111,15,0,1.270977700012736
breakthrough,random,17,15,15,3415.165610028947,227.67770733526314,13330.828050144737,114,104,15,0,1.2056317999958992
ultimate,random,17,15,15,3376.794501297318,225.1196334198212,13348.972506486592,106,102,15,0,1.2113433000049554
breakthrough,random,18,11,11,2925.9757679073323,265.99779708248474,10969.878839536661,114,107,11,0,0.8713080000015907
ultimate,random,18,11,11,2718.7761274005106,247.16146612731916,10078.880637002556,109,103,11,0,0.9149090999853797
breakthrough,random,19,14,14,2778.882341107644,198.49159579340315,10454.411705538223,104,98,14,0,1.1798176000011154
ultimate,random,19,14,14,2587.91271469646,184.8509081926043,9524.5635734823,103,95,15,0,1.2776901999604888
breakthrough,random,20,13,13,3136.615952049656,241.27815015766583,11918.07976024828,116,108,13,0,1.0045917000388727
ultimate,random,20,13,13,2854.2897219988963,219.56074784606895,10646.44860999448,110,107,14,0,1.169285600015428
breakthrough,random,21,14,14,3295.493738664607,235.3924099046148,12772.468693323031,113,106,14,0,1.160534100024961
ultimate,random,21,14,14,3035.4884765491984,216.82060546779988,11657.44238274599,107,99,14,0,1.1410464000073262
breakthrough,random,22,10,10,3398.109156032708,339.8109156032708,12950.545780163542,128,118,10,0,0.7793285999796353
ultimate,random,22,10,10,3134.3891997500714,313.43891997500714,12001.945998750361,115,109,10,0,0.80121310002869
breakthrough,random,23,10,10,3173.7026411454317,317.37026411454315,12013.513205727158,121,116,10,0,0.8277228000224568
ultimate,random,23,10,10,2834.5662353094967,283.4566235309497,10447.831176547481,116,112,11,0,0.8077981999958865
breakthrough,random,24,11,11,2877.7118816493407,261.61017105903096,10873.5594082467,109,103,11,0,0.9241421000333503
ultimate,random,24,11,11,2653.6797153687935,241.24361048807214,9548.398576843965,115,111,12,0,1.0068668000167236
breakthrough,random,25,15,15,3581.197872268579,238.74652481790525,14150.989361342896,114,106,15,0,1.2040418999968097
ultimate,random,25,15,15,3130.985767257401,208.73238448382673,11864.928836287008,115,108,15,0,1.221886999963317
breakthrough,random,26,16,16,3621.9238721077486,226.3702420067343,14359.619360538734,113,105,16,0,1.2436072999844328
ultimate,random,26,16,16,3340.828807073441,208.80180044209007,13099.144035367204,108,98,17,0,1.3419974999851547
breakthrough,random,27,16,16,3458.1906042151177,216.13691276344485,13655.953021075587,109,102,16,0,1.7651571999886073
ultimate,random,27,16,16,3114.4189517761124,194.65118448600703,11857.094758880557,110,104,19,0,2.0377843999885954
breakthrough,random,28,15,15,3325.5991651902345,221.70661101268232,12952.995825951173,111,105,15,0,2.25096700002905
ultimate,random,28,15,15,3022.5628867949904,201.50419245299935,11387.814433974949,112,107,16,0,3.320195300038904
breakthrough,random,29,14,14,3212.6446654891624,229.4746189635116,12098.223327445814,121,118,14,0,2.6435801000334322
ultimate,random,29,14,14,3054.7276271372257,218.19483050980185,11608.638135686126,111,108,14,0,2.4415220000082627
breakthrough,random,30,12,12,3140.566446200958,261.7138705167465,12142.832231004793,110,102,12,0,1.6160857999930158
ultimate,random,30,12,12,2795.9098305671164,232.99248588059302,10274.549152835576,114,108,13,0,1.4752460999879986
breakthrough,random,31,10,10,3142.978961685555,314.2978961685555,11834.894808427782,122,116,10,0,1.1500330000417307
ultimate,random,31,10,10,2841.182633740104,284.1182633740104,10355.91316870052,120,114,12,0,1.4047036000411026
breakthrough,random,32,16,16,3379.139611941224,211.1962257463265,13490.69805970612,101,96,16,0,1.769174400018528
ultimate,random,32,16,16,2605.7901651062925,162.86188531914328,9748.950825531465,97,91,16,0,1.9776765999849886
breakthrough,random,33,14,14,3029.0345282185185,216.35960915846562,11510.172641092595,111,102,14,0,1.3324404999730177
ultimate,random,33,14,14,2988.230970474846,213.44506931963184,11091.154852374226,118,107,15,0,1.2351270000217482
breakthrough,random,34,10,10,3066.190303311574,306.61903033115743,11655.951516557869,115,110,10,0,0.7748552999692038
ultimate,random,34,10,10,2773.866249507101,277.38662495071014,10104.33124753551,118,113,10,0,0.7678691999753937
breakthrough,random,35,15,15,3336.8915872581197,222.4594391505413,12624.457936290597,124,117,15,0,1.2022519999882206
ultimate,random,35,15,15,2861.577887056712,190.77185913711412,10882.889435283563,103,95,15,0,1.2094456999911927
breakthrough,random,36,15,15,3295.1454360275175,219.6763624018345,12635.727180137581,116,113,15,0,1.5317319000023417
ultimate,random,36,15,15,3252.3138061819045,216.82092041212698,12501.569030909519,113,109,16,0,1.5957846000092104
breakthrough,random,37,12,12,3391.9008907219354,282.65840756016127,13199.504453609676,116,112,12,0,1.3576036000158638
ultimate,random,37,12,12,3191.5372110611597,265.96143425509666,12032.686055305794,121,117,13,0,1.0211686000111513
breakthrough,random,38,11,11,3071.270033349807,279.20636666816426,11641.350166749033,116,108,11,0,0.8581189999822527
ultimate,random,38,11,11,2835.392277033096,257.762934275736,10636.961385165476,109,105,12,0,0.8897979999892414
breakthrough,random,39,14,14,3378.7448467265103,241.33891762332217,13098.724233632543,116,109,14,0,1.1518869000137784
ultimate,random,39,14,14,3231.4959394211783,230.82113853008417,12482.479697105888,112,105,14,0,1.1176499999710359
breakthrough,random,40,16,16,3302.6041186811344,206.4127574175709,13098.020593405674,101,98,16,0,1.4401046000421047
ultimate,random,40,16,16,2849.991151673692,178.12444697960575,10844.955758368458,101,93,17,0,1.6111329999985173
breakthrough,edge,101,11,11,4309.374568742483,391.76132443113477,17061.872843712415,142,132,11,0,1.2613284999970347
ultimate,edge,101,11,11,4210.171275535914,382.74284323053763,16680.85637767957,135,132,15,0,1.162703599955421
breakthrough,edge,102,10,10,4271.636276300324,427.16362763003247,16913.18138150162,142,129,10,0,0.9612878999905661
ultimate,edge,102,10,10,4241.911476859808,424.1911476859808,16424.557384299034,150,136,17,0,1.098771899996791
breakthrough,edge,103,11,11,4290.9008659481515,390.0818969043774,17099.50432974075,137,131,11,0,1.0866360999643803
ultimate,edge,103,11,11,4360.00362262308,396.3639656930073,17415.0181131154,135,132,16,0,0.8954677000292577
breakthrough,edge,104,11,11,4382.033677295928,398.36669793599344,17475.16838647964,140,132,11,0,0.9772090000333264
ultimate,edge,104,11,11,4338.217987743965,394.3834534312695,17296.08993871982,136,132,15,0,0.9037770999711938
breakthrough,edge,105,13,13,4442.4140627402,341.7241586723231,17967.070313701,132,124,13,0,1.1125243999995291
ultimate,edge,105,13,13,4402.328648263317,338.64066525102436,17601.643241316582,135,133,16,0,1.0389415000099689
breakthrough,edge,106,13,13,4451.8279198281825,342.4483015252448,17824.13959914091,138,132,13,0,0.9994755000225268
ultimate,edge,106,13,13,4609.913352989435,354.6087194607258,18534.566764947176,138,133,18,0,1.028549499984365
breakthrough,edge,107,11,11,4271.6359908490895,388.3305446226445,16978.17995424545,138,131,11,0,0.9377263000351377
ultimate,edge,107,11,11,4412.403613989679,401.127601271789,17772.018069948394,133,129,14,0,1.037593899993226
breakthrough,edge,108,16,16,4593.066337239022,287.06664607743886,18460.33168619511,139,126,16,0,1.8349793000379577
ultimate,edge,108,16,16,4617.772788898077,288.6107993061298,18653.863944490386,133,130,20,0,1.3585389000363648
breakthrough,edge,109,16,16,4686.05538711283,292.8784616945519,19020.27693556415,135,127,16,0,1.412056399974972
ultimate,edge,109,16,16,4514.311841854531,282.1444901159082,18266.55920927265,130,125,18,0,2.4447216000407934
breakthrough,edge,110,16,16,4517.529222911793,282.34557643198707,18222.64611455896,134,123,16,0,1.8487037000013515
ultimate,edge,110,16,16,4682.02292498358,292.62643281147376,18930.11462491791,135,132,19,0,2.8526591999689117
breakthrough,cluster,101,11,11,2209.2546963459736,200.84133603145213,7861.273481729866,98,92,11,0,1.8097639000043273
ultimate,cluster,101,11,11,2376.6166786570852,216.05606169609865,7438.083393285427,140,134,11,0,1.6439609000226483
breakthrough,cluster,102,10,10,2191.1339143232267,219.11339143232266,7735.669571616133,100,94,10,0,1.059911199961789
ultimate,cluster,102,10,10,2554.276366050245,255.4276366050245,8301.381830251226,141,136,11,0,1.091983899998013
breakthrough,cluster,103,11,11,2214.9110119161246,201.3555465378295,7774.555059580625,102,95,11,0,1.8636679000337608
ultimate,cluster,103,11,11,2370.4218088396283,215.49289171269348,7412.1090441981405,140,133,11,0,1.218825599993579
breakthrough,cluster,104,11,11,2325.6137501841467,211.41943183492242,8118.068750920733,109,102,11,0,1.227579899947159
ultimate,cluster,104,11,11,2344.29977672344,213.11816152031273,7606.4988836172,129,123,11,0,1.1733199000009336
breakthrough,cluster,105,13,13,2233.473783100922,171.80567562314783,7782.368915504611,103,97,13,0,1.3239171000313945
ultimate,cluster,105,13,13,2463.629272118123,189.50994400908638,8298.146360590614,124,119,13,0,1.1833926000399515
breakthrough,cluster,106,13,13,2416.939398449708,185.91841526536214,8074.696992248539,124,117,13,0,2.116013999970164
ultimate,cluster,106,13,13,2252.993650996877,173.3072039228367,7404.968254984387,119,112,13,0,1.858395399991423
breakthrough,cluster,107,11,11,2379.2284204880793,216.29349277164357,8111.142102440396,118,112,11,0,1.4483228999888524
ultimate,cluster,107,11,11,2293.526022672715,208.50236569751954,7682.630113363573,118,112,11,0,1.5831496000173502
breakthrough,cluster,108,16,16,1698.299237268099,106.14370232925619,4786.496186340495,111,106,16,0,2.4804688000003807
ultimate,cluster,108,16,16,1340.4619555191043,83.77887221994402,3922.309777595524,80,76,16,0,2.315234799985774
breakthrough,cluster,109,16,16,2040.7212585224765,127.54507865765478,6223.606292612382,120,116,16,0,2.219658599991817
ultimate,cluster,109,16,16,1225.7283978596088,76.60802486622555,3258.641989298042,83,79,16,0,2.7363595999777317
breakthrough,cluster,110,16,16,1974.5723868873297,123.4107741804581,5957.86193443665,118,113,16,0,1.8096853999886662
ultimate,cluster,110,16,16,1180.7902881005925,73.79939300628703,3238.9514405029618,76,73,16,0,2.037788899964653
breakthrough,minrange,101,11,11,3078.2279858856105,279.8389078077828,11781.13992942805,112,107,11,0,1.7537142999935895
ultimate,minrange,101,11,11,3006.0228425972914,273.274803872481,10940.114212986457,127,122,13,0,1.7683818999794312
breakthrough,minrange,102,10,10,2840.798085423515,284.07980854235154,10338.990427117576,122,113,10,0,1.3455696000019088
ultimate,minrange,102,10,10,2740.4706093868213,274.04706093868214,9887.353046934104,120,113,10,0,1.3097195000154898
breakthrough,minrange,103,11,11,3708.1534831357753,337.1048621032523,14525.767415678876,126,118,11,0,1.3653963999822736
ultimate,minrange,103,11,11,3103.2429928139845,282.11299934672587,11686.214964069923,119,113,12,0,1.4190837000496686
breakthrough,minrange,104,11,11,3238.2575953909036,294.3870541264458,12076.28797695452,129,123,11,0,1.4118905999930575
ultimate,minrange,104,11,11,3216.1090324233,292.37354840211816,12165.545162116501,123,113,11,0,1.5782519999775104
breakthrough,minrange,105,13,13,3251.5558875365555,250.1196836566581,11987.779437682775,133,124,13,0,1.615553200012073
ultimate,minrange,105,13,13,3219.0356953251794,247.61813040962917,12040.178476625892,125,118,14,0,1.6843722999910824
breakthrough,minrange,106,13,13,3419.117804603169,263.0090618925515,13510.589023015846,110,102,13,0,1.7181959999725223
ultimate,minrange,106,13,13,3195.188431246064,245.78372548046644,12265.942156230325,114,107,13,0,1.8415732000139542
breakthrough,minrange,107,11,11,3096.2882169661357,281.4807469969214,11506.441084830676,124,120,11,0,2.304901900002733
ultimate,minrange,107,11,11,3169.110881465844,288.1009892241677,12040.55440732922,119,111,11,0,1.8706787999835797
breakthrough,minrange,108,16,16,3788.0011153237474,236.7500697077342,14750.005576618736,128,118,16,0,2.40004089998547
ultimate,minrange,108,16,16,3579.5681534318314,223.72300958948946,13997.840767159158,117,112,17,0,2.177216599986423
breakthrough,minrange,109,16,16,3707.0630678036764,231.69144173772978,14885.315339018376,109,105,16,0,2.7655745000229217
ultimate,minrange,109,16,16,3466.274684618931,216.6421677886832,13651.373423094654,110,103,17,0,3.4876385999959894
breakthrough,minrange,110,16,16,3517.5183190635303,219.84489494147064,13832.591595317645,113,106,16,0,3.001932199986186
ultimate,minrange,110,16,16,3068.7512663231014,191.79695414519384,11843.756331615503,104,100,16,0,3.0751254000351764
breakthrough,bias,101,11,11,3039.172529686092,276.2884117896447,11415.862648430453,118,111,11,0,2.8494083999539725
ultimate,bias,101,11,11,2937.14440900505,267.0131280913682,10740.722045025248,123,116,12,0,2.5661037999670953
breakthrough,bias,102,10,10,2730.245055511913,273.0245055511913,9896.22527755957,118,111,10,0,2.1931821999605745
ultimate,bias,102,10,10,2781.105499104248,278.11054991042477,9920.527495521237,125,119,11,0,1.2359162999782711
breakthrough,bias,103,11,11,3297.8866538242532,299.80787762038665,12869.433269121264,113,104,11,0,1.9481476999935694
ultimate,bias,103,11,11,3030.9216462141057,275.5383314740096,11164.608231070528,124,117,13,0,1.3373665999970399
breakthrough,bias,104,11,11,2954.169323860349,268.56084762366805,10690.846619301745,128,121,11,0,1.4979638999793679
ultimate,bias,104,11,11,2839.157148374552,258.10519530677743,10320.785741872762,119,113,15,0,1.762441300030332
breakthrough,bias,105,13,13,3136.262282541162,241.25094481085864,11816.31141270581,119,113,13,0,2.1627964000217617
ultimate,bias,105,13,13,3101.5688650091797,238.5822203853215,11512.844325045902,121,111,19,0,2.128599000046961
breakthrough,bias,106,13,13,3099.9727684570526,238.45944372746558,11704.86384228526,117,109,13,0,2.157205499999691
ultimate,bias,106,13,13,3087.498960662378,237.49992005095217,11822.494803311885,110,105,14,0,2.7130739000276662
breakthrough,bias,107,11,11,2737.3227385779996,248.84752168890907,10061.613692889996,113,105,11,0,2.235478000016883
ultimate,bias,107,11,11,2933.388396720545,266.6716724291405,10761.941983602728,121,115,13,0,1.8441601999802515
breakthrough,bias,108,16,16,3356.2574169536706,209.7660885596044,13116.28708476835,110,103,16,0,2.2754256000043824
ultimate,bias,108,16,16,3111.793680460169,194.48710502876057,11733.968402300847,114,106,19,0,2.199094999989029
breakthrough,bias,109,16,16,3637.4098638455125,227.33811649034453,14157.049319227564,122,116,16,0,2.028855799988378
ultimate,bias,109,16,16,3503.286656170658,218.9554160106661,13661.433280853287,115,107,19,0,2.2762169999768957
breakthrough,bias,110,16,16,3353.587684127322,209.59923025795763,13417.938420636605,99,95,16,0,1.8223594999872148
ultimate,bias,110,16,16,2915.3581528328923,182.20988455205577,11026.790764164463,105,99,18,0,2.4467047000071034
breakthrough,extreme,101,11,11,3032.850798393285,275.7137089448441,11529.253991966425,113,107,11,0,2.0100543000153266
ultimate,extreme,101,11,11,2792.8575056027103,253.89613687297367,10234.28752801355,116,111,11,0,1.8872422999702394
breakthrough,extreme,102,10,10,2785.576248517279,278.5576248517279,10112.881242586394,120,113,10,0,1.5492357999901287
ultimate,extreme,102,10,10,2881.64532445735,288.164532445735,10423.226622286747,125,119,11,0,1.582769000029657
breakthrough,extreme,103,11,11,3103.6647543110284,282.15134130100256,12003.32377155514,109,103,11,0,1.662321100011468
ultimate,extreme,103,11,11,2960.0087233354984,269.09170212140896,11050.04361667749,116,109,13,0,2.290495400025975
breakthrough,extreme,104,11,11,2958.7464261716427,268.9769478337857,10908.732130858214,121,117,11,0,1.8286268000374548
ultimate,extreme,104,11,11,2918.949492495657,265.3590447723325,10699.747462478286,121,113,13,0,1.4334995999815874
breakthrough,extreme,105,13,13,3105.0138260769586,238.84721739053526,11875.069130384793,112,105,13,0,1.8946360000409186
ultimate,extreme,105,13,13,3261.8458621834197,250.91122016795538,12559.229310917102,114,106,16,0,1.414259699988179
breakthrough,extreme,106,13,13,3172.339966855438,244.02615129657215,12346.699834277186,108,98,13,0,1.8259168000076897
ultimate,extreme,106,13,13,3151.7166610828644,242.43974316022033,12363.583305414322,103,96,14,0,1.7899486999958754
breakthrough,extreme,107,11,11,2909.7245919297343,264.5204174481577,10668.622959648676,121,116,11,0,1.4886624999926426
ultimate,extreme,107,11,11,2802.6261204734865,254.78419277031696,10358.130602367435,113,108,12,0,1.4730405999580398
breakthrough,extreme,108,16,16,3713.854547117401,232.11590919483757,14799.272735587,113,109,16,0,2.155834299977869
ultimate,extreme,108,16,16,3020.458984457241,188.77868652857757,11327.294922286204,110,101,24,0,2.2019126000232063
breakthrough,extreme,109,16,16,3631.9349440715414,226.99593400447134,14389.674720357703,113,109,16,0,2.9457147999783047
ultimate,extreme,109,16,16,3373.5845013316703,210.8490313332294,13397.922506658357,102,95,19,0,2.1936548000085168
breakthrough,extreme,110,16,16,3531.884744125892,220.74279650786826,13894.42372062946,113,108,16,0,1.87941100000171
ultimate,extreme,110,16,16,2781.816477951158,173.86352987194738,10559.082389755795,98,94,18,0,3.1406194000155665
breakthrough,random,20001,10,10,3443.5643528702067,344.35643528702064,13252.82176435103,125,118,10,0,3.019633000018075
ultimate,random,20001,10,10,3029.867462588271,302.9867462588271,11204.33731294135,124,119,10,0,2.1355494000017643
breakthrough,random,20002,13,13,2991.92665680451,230.14820436957768,11254.633284022551,114,106,13,0,2.1794325999799185
ultimate,random,20002,13,13,3259.69233559797,250.74556427676694,12453.461677989852,117,113,15,0,2.4107469000155106
breakthrough,random,20003,15,15,3391.573519828307,226.10490132188713,13337.867599141537,109,104,15,0,1.6932574000093155
ultimate,random,20003,15,15,3473.689664326395,231.579310955093,13668.448321631975,111,104,17,0,1.4453630999778397
breakthrough,random,20004,16,16,3271.0777083244348,204.44235677027717,12975.388541622178,100,96,16,0,1.600470100005623
ultimate,random,20004,16,16,3062.675808989152,191.417238061822,11598.379044945757,112,103,16,0,1.7367659999872558
breakthrough,random,20005,13,13,3223.883961058515,247.99107392757807,12079.419805292571,125,118,13,0,1.4675670999567956
ultimate,random,20005,13,13,3246.473971310849,249.72876702391144,12167.369856554247,125,120,14,0,1.7696668999851681
breakthrough,random,20006,14,14,3296.6801859054935,235.4771561361067,12343.400929527463,127,123,14,0,2.4511072000022978
ultimate,random,20006,14,14,2961.661677905693,211.5472627075495,11078.308389528464,113,108,15,0,1.7282983000040986
breakthrough,random,20007,11,11,2884.8026458981485,262.2547859907408,10649.013229490742,118,110,11,0,1.143796599993948
ultimate,random,20007,11,11,2702.920345895013,245.72003144500115,9634.601729475062,121,116,11,0,0.960908200009726
breakthrough,random,20008,11,11,2935.59423006932,266.87220273357457,10662.971150346599,126,118,11,0,0.9283984000212513
ultimate,random,20008,11,11,2897.5248992146135,263.41135447405577,10462.624496073067,125,122,12,0,1.0869941000128165
breakthrough,random,20009,11,11,3053.53144710498,277.59376791863457,11487.6572355249,118,111,11,0,1.2748535000137053
ultimate,random,20009,11,11,3387.765485561791,307.9786805056174,12933.827427808952,125,118,12,0,1.548540799994953
breakthrough,random,20010,11,11,2717.899326365843,247.08175694234936,9944.496631829217,113,109,11,0,1.915946500026621
ultimate,random,20010,11,11,2649.9735800898484,240.9066890990771,9574.867900449242,114,110,11,0,3.522052199987229
breakthrough,random,20011,11,11,3218.4350592446467,292.58500538587697,12222.175296223233,122,109,11,0,1.9660621000221
ultimate,random,20011,11,11,3230.3682490049428,293.66984081863114,12266.84124502471,121,117,11,0,1.3333382000564598
breakthrough,random,20012,10,10,2874.450291156475,287.4450291156475,10802.251455782374,112,104,10,0,0.9242903999984264
ultimate,random,20012,10,10,2747.826901854919,274.7826901854919,9824.134509274598,123,118,10,0,0.9613714999868535
breakthrough,random,20013,10,10,3146.598272506271,314.6598272506271,11857.991362531353,122,115,10,0,1.0247307000099681
ultimate,random,20013,10,10,2868.42021123506,286.842021123506,10522.101056175297,120,114,10,0,0.9937970000319183
breakthrough,random,20014,12,12,3126.366949841496,260.530579153458,11881.834749207479,116,110,12,0,1.825355999986641
ultimate,random,20014,12,12,3007.044475084304,250.58703959035867,11395.22237542152,112,105,13,0,1.1471046000369824
breakthrough,random,20015,11,11,3144.9277681245617,285.90252437496014,11904.638840622807,119,114,11,0,0.9333821999607608
ultimate,random,20015,11,11,2676.085387712035,243.28048979200318,9900.426938560175,107,103,12,0,1.6583096999675035
breakthrough,random,20016,16,16,2950.471053762824,184.4044408601765,11227.355268814123,105,100,16,0,2.185433400038164
ultimate,random,20016,16,16,3065.3140618557104,191.5821288659819,11656.570309278553,109,106,17,0,1.5307169000152498
breakthrough,random,20017,14,14,3224.542893923076,230.32449242307686,12402.714469615374,113,109,14,0,1.259418800007552
ultimate,random,20017,14,14,3032.4221063930154,216.60157902807254,11637.110531965076,106,102,15,0,1.1998828999930993
breakthrough,random,20018,15,15,3360.6810014436533,224.04540009624355,12703.405007218262,125,120,15,0,1.3975539000239223
ultimate,random,20018,15,15,3246.8828012159124,216.45885341439416,12389.414006079562,116,111,16,0,1.8180218000197783
breakthrough,random,20019,11,11,3018.3349240846896,274.39408400769906,11496.674620423453,112,104,11,0,5.501863399986178
ultimate,random,20019,11,11,2781.1814673182866,252.83467884711698,10345.907336591432,111,102,11,0,4.318441899958998
breakthrough,random,20020,16,16,3347.8324029357477,209.23952518348423,13079.162014678739,110,102,16,0,4.216794700012542
ultimate,random,20020,16,16,3191.421450260545,199.46384064128407,12142.107251302723,115,108,16,0,2.4653035000083037
breakthrough,random,20021,10,10,2592.2399273793767,259.2239927379377,9456.199636896883,110,101,10,0,1.3295979999820702
ultimate,random,20021,10,10,2592.4613652303315,259.24613652303316,9272.306826151653,115,113,10,0,0.9583635999588296
breakthrough,random,20022,11,11,2951.1013338111147,268.2819394373741,11010.506669055574,117,109,11,0,0.9382219000253826
ultimate,random,20022,11,11,3202.520791857579,291.13825380523446,12267.603959287895,117,109,11,0,1.1018201999831945
breakthrough,random,20023,13,13,2812.9216258403417,216.3785866031032,10304.608129201704,116,107,13,0,1.3396352999843657
ultimate,random,20023,13,13,2629.1581132939036,202.24293179183874,9525.790566469515,111,104,13,0,1.2192440000362694
breakthrough,random,20024,11,11,3210.1231584425636,291.82937804023305,11930.615792212819,129,124,11,0,1.1056984000024386
ultimate,random,20024,11,11,2832.0753705196316,257.4613973199665,10525.376852598154,113,107,11,0,0.9777603999827988
breakthrough,random,20025,13,13,3171.066996706293,243.9282305158687,12340.334983531466,108,98,13,0,1.3463426999514922
ultimate,random,20025,13,13,2768.3562887810444,212.95048375238804,10341.781443905225,107,100,13,0,4.293848200002685
breakthrough,random,20026,10,10,2861.810367399988,286.18103673999883,10654.051836999939,114,111,10,0,3.704466799972579
ultimate,random,20026,10,10,2578.5865055329878,257.8586505532988,9272.932527664936,113,109,10,0,2.6243446999578737
breakthrough,random,20027,16,16,3204.667887474932,200.29174296718324,12088.339437374654,120,107,16,0,3.903468900010921
ultimate,random,20027,16,16,3041.003768129782,190.0627355081114,11415.018840648907,114,105,17,0,2.68012610002188
breakthrough,random,20028,12,12,3104.800850364297,258.73340419702475,11759.004251821483,116,113,12,0,1.2770336999674328
ultimate,random,20028,12,12,3010.0492652618505,250.83743877182087,10990.246326309254,124,120,16,0,1.5208556999568827
breakthrough,random,20029,16,16,3124.867089099841,195.30419306874006,11964.335445499206,110,102,16,0,1.5725464999559335
ultimate,random,20029,16,16,2866.36177916756,179.1476111979725,10646.8088958378,110,107,16,0,1.609249999979511
breakthrough,random,20030,12,12,3386.6426783946963,282.220223199558,13073.213391973482,120,112,12,0,1.161851899989415
ultimate,random,20030,12,12,3294.1799179617046,274.51499316347537,12665.899589808518,118,111,12,0,1.357407899980899
breakthrough,random,20031,12,12,3481.8022735708796,290.15018946424,13624.011367854404,117,112,12,0,0.9991698000230826
ultimate,random,20031,12,12,3099.2847655623727,258.2737304635311,11731.423827811863,116,110,13,0,0.9748566999915056
breakthrough,random,20032,15,15,3228.960547796552,215.26403651977014,12584.802738982758,107,102,15,0,1.2374410000047646
ultimate,random,20032,15,15,3178.744985423119,211.91633236154127,12398.724927115594,104,98,17,0,3.2303228999953717
breakthrough,random,20033,10,10,2990.700645788997,299.0700645788997,10598.503228944985,138,131,10,0,3.448665500036441
ultimate,random,20033,10,10,2809.8136848760373,280.98136848760373,9669.068424380188,139,131,10,0,3.339243499969598
breakthrough,random,20034,10,10,2765.496489408416,276.5496489408416,9622.482447042072,133,126,10,0,5.19441439997172
ultimate,random,20034,10,10,2915.6981924801503,291.56981924801505,10503.490962400749,128,125,10,0,2.149439300002996
breakthrough,random,20035,14,14,3610.5019448346234,257.89299605961594,14332.509724173116,114,104,14,0,2.877024200046435
ultimate,random,20035,14,14,3210.389322658352,229.31352304702514,12286.94661329176,114,107,16,0,2.49968369997805
breakthrough,random,20036,10,10,2958.2596921278964,295.82596921278963,11031.298460639482,118,112,10,0,1.4106439999886788
ultimate,random,20036,10,10,2896.428566492909,289.6428566492909,10502.142832464546,125,121,10,0,1.2212829000200145
breakthrough,random,20037,10,10,2790.886553315024,279.08865533150237,10279.432766575117,115,110,10,0,1.1382896999712102
ultimate,random,20037,10,10,2560.023989067345,256.0023989067345,9155.119945336723,114,109,10,0,1.7605021999916062
breakthrough,random,20038,13,13,3092.106570704722,237.85435159267092,11800.532853523602,112,107,13,0,3.935443900001701
ultimate,random,20038,13,13,2752.435483018201,211.72580638601545,10062.177415091004,113,107,14,0,6.6150328000076115
breakthrough,random,20039,10,10,3009.6333718267165,300.96333718267164,10938.166859133584,130,122,10,0,1.222637799975928
ultimate,random,20039,10,10,2690.997419346112,269.0997419346112,9839.987096730561,113,108,10,0,2.6023824000149034
breakthrough,random,20040,16,16,3347.775635005877,209.23597718786732,13118.878175029384,109,99,16,0,1.8012107000104152
ultimate,random,20040,16,16,3211.777813959123,200.73611337244517,12438.88906979561,109,99,16,0,4.332134599972051
breakthrough,random,20041,11,11,3087.844274222398,280.7131158383998,11674.221371111986,117,113,11,0,2.244654799986165
ultimate,random,20041,11,11,2991.6283708816713,271.96621553469737,11218.141854408354,116,113,11,0,1.9837475000531413
breakthrough,random,20042,10,10,2891.067757356495,289.1067757356495,10515.338786782471,124,118,10,0,1.8032773000304587
ultimate,random,20042,10,10,2741.678015668063,274.1678015668063,9853.390078340313,120,118,11,0,1.7820662999874912
breakthrough,random,20043,13,13,3513.7255050393096,270.2865773107161,13778.627525196542,117,108,13,0,1.9523492000298575
ultimate,random,20043,13,13,3337.6723496367254,256.7440268951327,12853.361748183623,117,111,15,0,1.7978676999919116
breakthrough,random,20044,14,14,3217.0990363432757,229.792788310234,12320.495181716375,115,108,14,0,1.8254250999889337
ultimate,random,20044,14,14,3303.1121464198377,235.93658188713127,13020.560732099191,105,101,15,0,2.0241569000063464
breakthrough,random,20045,10,10,2829.174088419044,282.9174088419044,10710.870442095218,107,102,10,0,1.9888616999960504
ultimate,random,20045,10,10,2705.097724199112,270.5097724199112,9715.488620995558,119,114,11,0,2.417967299988959
breakthrough,random,20046,13,13,3172.1799246673895,244.01384035902996,12195.899623336947,112,108,13,0,3.8857223999802954
ultimate,random,20046,13,13,2883.0579489943707,221.77368838418235,10880.289744971855,108,102,13,0,2.9841123000369407
breakthrough,random,20047,12,12,3280.9267935881594,273.4105661323466,12804.633967940797,111,105,12,0,3.083059700031299
ultimate,random,20047,12,12,2996.925237590784,249.743769799232,11279.62618795392,114,108,13,0,2.878934999986086
breakthrough,random,20048,14,14,3889.858299726749,277.8470214090535,15574.29149863374,118,115,14,0,3.534888199996203
ultimate,random,20048,14,14,3362.8424612377707,240.20303294555507,13179.21230618885,110,107,14,0,3.156000300019514
breakthrough,random,20049,10,10,3269.5680087872897,326.956800878729,12512.840043936445,120,117,10,0,1.4581453999853693
ultimate,random,20049,10,10,2633.32754212589,263.332754212589,9276.637710629451,122,115,11,0,1.670964399992954
breakthrough,random,20050,16,16,2847.7530783190086,177.98456739493804,10923.765391595043,98,93,16,0,2.20133710000664
ultimate,random,20050,16,16,3040.8588159003457,190.0536759937716,11239.294079501735,119,112,18,0,2.830732900009025
breakthrough,random,20051,13,13,3000.508694687933,230.808361129841,11432.543473439666,109,104,13,0,3.2195973999914713
ultimate,random,20051,13,13,2913.982417687419,224.152493668263,10934.912088437095,111,107,13,0,4.175072600017302
breakthrough,random,20052,15,15,3157.7467650725157,210.51645100483438,11788.733825362577,122,115,15,0,3.921522199991159
ultimate,random,20052,15,15,2971.817718622068,198.1211812414712,11304.088593110333,107,101,15,0,4.402590000012424
breakthrough,random,20053,13,13,2730.4149964773014,210.03192280594627,10107.074982386506,108,104,13,0,2.7658358000335284
ultimate,random,20053,13,13,2816.8109910054186,216.67776853887835,10439.054955027092,111,106,14,0,1.960971399967093
breakthrough,random,20054,12,12,3049.196950000944,254.09974583341202,11580.984750004718,113,108,12,0,1.0664287999970838
ultimate,random,20054,12,12,2823.740124333494,235.31167702779115,10493.700621667467,112,105,12,0,1.0881998999975622
breakthrough,random,20055,11,11,3099.9636904762106,281.8148809523828,11329.818452381052,131,124,11,0,0.9725481999921612
ultimate,random,20055,11,11,2957.540763026643,268.8673420933312,10817.703815133218,124,119,11,0,1.239123000006657
breakthrough,random,20056,15,15,3660.2624422367935,244.01749614911958,14711.312211183964,108,103,15,0,1.644309799943585
ultimate,random,20056,15,15,3529.437836581608,235.2958557721072,14027.189182908036,107,102,19,0,1.3303894000127912
breakthrough,random,20057,11,11,2920.7132344446823,265.51938494951656,10793.56617222341,119,112,11,0,1.0880939000053331
ultimate,random,20057,11,11,2742.8993090510953,249.35448264100867,10104.496545255479,112,107,11,0,1.555597200000193
breakthrough,random,20058,11,11,2782.2969931024454,252.93609028204048,10486.484965512229,106,100,11,0,1.389493599999696
ultimate,random,20058,11,11,2890.000858731222,262.72735079374746,10885.004293656106,111,103,11,0,1.482029100006912
breakthrough,random,20059,14,14,3530.5144529304357,252.1796037807454,13912.572264652179,114,108,14,0,1.9111399999819696
ultimate,random,20059,14,14,3279.670099911667,234.26214999369049,12568.35049955834,117,108,15,0,1.62228170002345
breakthrough,random,20060,10,10,2957.492646134496,295.7492646134496,11167.46323067248,113,109,10,0,1.4114314000471495
ultimate,random,20060,10,10,2725.1419372622636,272.5141937262264,9875.709686311318,117,112,11,0,1.1994806000147946
breakthrough,random,20061,13,13,3365.606225998699,258.89278661528454,12878.031129993495,122,115,13,0,1.605506099993363
ultimate,random,20061,13,13,3380.6075627722435,260.0467355978649,13128.037813861216,116,110,13,0,1.7242723000235856
breakthrough,random,20062,11,11,3288.8282609422627,298.9843873583875,12714.141304711313,116,111,11,0,1.4575474000303075
ultimate,random,20062,11,11,3050.864837535132,277.3513488668302,11649.324187675658,112,106,11,0,1.587150399980601
breakthrough,random,20063,16,16,3368.467034755713,210.52918967223206,13387.335173778569,104,91,16,0,2.3138936000177637
ultimate,random,20063,16,16,2897.5204457381906,181.0950278586369,11097.60222869095,101,93,16,0,3.0402280000271276
breakthrough,random,20064,15,15,3268.374530526667,217.89163536844447,12551.872652633336,115,108,15,0,3.423057299980428
ultimate,random,20064,15,15,3063.2383933210267,204.21589288806845,11746.191966605134,107,101,16,0,2.2495630999910645
breakthrough,random,20065,16,16,3347.622806031487,209.22642537696794,13078.114030157438,110,102,16,0,3.5121509000309743
ultimate,random,20065,16,16,3163.289928229463,197.70562051434143,11876.449641147317,118,112,18,0,2.4344922000309452
breakthrough,random,20066,12,12,3248.0719435989595,270.67266196657994,12400.359717994792,119,113,12,0,1.9196654000552371
ultimate,random,20066,12,12,2998.820405960344,249.90170049669533,11169.10202980172,117,111,15,0,1.6593452999950387
breakthrough,random,20067,10,10,2980.7651055879846,298.0765105587985,11058.82552793992,121,114,10,0,1.335891199996695
ultimate,random,20067,10,10,2693.6072480461776,269.36072480461775,9788.036240230884,114,110,12,0,1.7312603000318632
breakthrough,random,20068,13,13,2938.0161013870243,226.00123856823262,10975.080506935119,114,108,13,0,1.7615703000337817
ultimate,random,20068,13,13,2867.388788844881,220.56836837268318,10481.9439442244,118,110,15,0,1.431653500010725
breakthrough,random,20069,16,16,3346.5522764223965,209.15951727639978,12967.761382111983,113,108,16,0,1.94857199996477
ultimate,random,20069,16,16,3048.950215673068,190.55938847956676,11944.751078365338,97,92,17,0,1.884488700015936
breakthrough,random,20070,12,12,3109.75625093931,259.14635424494253,11648.781254696549,121,115,12,0,1.3631049999967217
ultimate,random,20070,12,12,2780.400430270407,231.70003585586724,10162.002151352033,115,110,13,0,1.496542499982752
breakthrough,random,20071,15,15,3369.8355849603568,224.65570566402377,13169.177924801781,111,106,15,0,2.5205319999950007
ultimate,random,20071,15,15,2856.838815887331,190.4559210591554,10889.194079436655,102,94,15,0,1.274690099991858
breakthrough,random,20072,16,16,3355.430374277098,209.71439839231863,13322.151871385484,103,96,16,0,1.266968700045254
ultimate,random,20072,16,16,3099.667513668106,193.72921960425663,11938.33756834053,106,99,17,0,1.7143593999790028
breakthrough,random,20073,16,16,3377.266739741754,211.07917123385963,13306.333698708764,107,101,16,0,1.751222199993208
ultimate,random,20073,16,16,3017.828879754725,188.61430498467033,11494.144398773622,107,101,17,0,2.1674648000043817
breakthrough,random,20074,14,14,3321.333459383776,237.23810424169827,13171.667296918877,104,97,14,0,1.3499229999724776
ultimate,random,20074,14,14,3176.653033932431,226.90378813803076,12258.26516966215,110,105,14,0,1.53255750000244
breakthrough,random,20075,15,15,3190.2632122418795,212.68421414945863,12261.316061209393,112,103,15,0,2.467432799981907
ultimate,random,20075,15,15,2854.3640031095983,190.29093354063988,10346.82001554799,119,112,16,0,2.271441099990625
breakthrough,random,20076,13,13,3288.5177559639224,252.96290430491712,12737.58877981961,114,106,13,0,1.7245497000403702
ultimate,random,20076,13,13,2840.4191229003,218.49377868463847,10727.0956145015,105,102,14,0,1.802640900015831
breakthrough,random,20077,15,15,3384.005035393284,225.60033569288558,13065.025176966416,117,111,15,0,1.903113900043536
ultimate,random,20077,15,15,3273.537764206285,218.23585094708565,12492.688821031425,117,109,17,0,1.6291346999933012
breakthrough,random,20078,14,14,3610.783174736427,257.9130839097448,14223.915873682134,117,111,14,0,1.5724285999895073
ultimate,random,20078,14,14,3607.3491390869485,257.6677956490677,14296.745695434742,114,108,14,0,2.118644000031054
breakthrough,random,20079,14,14,3420.282264059822,244.305876004273,13471.411320299105,110,106,14,0,1.7285907000186853
ultimate,random,20079,14,14,2987.718456939054,213.40846120993243,11448.592284695267,106,98,14,0,1.3608561000437476
breakthrough,random,20080,14,14,3219.318901374792,229.9513500981994,12121.594506873958,122,115,14,0,1.3061496000154875
ultimate,random,20080,14,14,3144.1584162223153,224.58274401587965,11970.792081111573,113,109,16,0,1.3265849000308663
breakthrough,random,20081,14,14,3157.85041385925,225.56074384708927,12259.252069296248,107,101,14,0,1.2706383999902755
ultimate,random,20081,14,14,2938.6931130557573,209.9066509325541,11188.465565278786,106,101,14,0,1.3031094000325538
breakthrough,random,20082,12,12,3067.7116736263943,255.64263946886618,11618.558368131966,115,109,12,0,1.9591291000251658
ultimate,random,20082,12,12,2959.8116063569946,246.65096719641622,11149.058031784973,112,107,13,0,2.0754266000003554
breakthrough,random,20083,10,10,2749.259705495908,274.9259705495908,10041.298527479541,116,111,10,0,1.1580935000092722
ultimate,random,20083,10,10,2818.4219485394,281.84219485394,10482.109742697001,113,107,10,0,1.3020481999847107
breakthrough,random,20084,12,12,3186.4544598244274,265.5378716520356,12052.272299122138,121,111,12,0,1.2236159999738447
ultimate,random,20084,12,12,3111.7477855960324,259.31231546633603,11788.738927980161,116,111,13,0,1.1633570999838412
breakthrough,random,20085,11,11,3170.458830907186,288.2235300824714,12302.294154535934,110,105,11,0,1.1826536000007764
ultimate,random,20085,11,11,2775.4454075729363,252.31321887026695,10197.22703786468,114,108,12,0,1.1219663000083528
breakthrough,random,20086,11,11,3039.0787649569556,276.2798877233596,11720.393824784775,107,105,11,0,1.5681894999579526
ultimate,random,20086,11,11,2663.1792566108334,242.10720514643938,9695.896283054168,112,109,11,0,1.770113600010518
breakthrough,random,20087,11,11,2740.6146472449677,249.14678611317888,10338.07323622484,104,98,11,0,1.328056700003799
ultimate,random,20087,11,11,2642.6569060808797,240.2415369164436,9778.284530404397,107,97,11,0,1.2857834000024013
breakthrough,random,20088,14,14,3355.456874458695,239.67549103276392,13077.284372293474,113,105,14,0,1.6733441000105813
ultimate,random,20088,14,14,3128.202057057914,223.44300407556528,12031.010285289567,109,104,15,0,1.744668899977114
breakthrough,random,20089,11,11,3166.407140047418,287.85519454976526,12217.035700237093,112,108,11,0,1.3832457999815233
ultimate,random,20089,11,11,2799.0423382532394,254.45839438665814,10200.211691266199,119,109,11,0,0.9955742000020109
breakthrough,random,20090,16,16,3604.5236495007985,225.2827280937999,14187.618247503986,116,107,16,0,1.4731056000455283
ultimate,random,20090,16,16,3094.4476762238914,193.40297976399322,11727.238381119456,111,105,19,0,1.6147879000054672
breakthrough,random,20091,14,14,3130.754867185541,223.62534765611008,12028.774335927706,111,100,14,0,1.2312516999663785
ultimate,random,20091,14,14,3013.10214204917,215.22158157494073,11625.510710245851,103,100,15,0,1.3850490999757312
breakthrough,random,20092,11,11,2947.453003270436,267.9502730245851,11067.265016352178,114,109,11,0,1.2389444999862462
ultimate,random,20092,11,11,2684.132786243532,244.01207147668472,9650.663931217663,117,114,11,0,1.3950526000116952
breakthrough,random,20093,11,11,2874.424128671499,261.31128442468173,10657.120643357497,116,108,11,0,1.4649824000080116
ultimate,random,20093,11,11,2664.0016094671983,242.18196449701801,9525.00804733599,118,114,11,0,1.5966296999831684
breakthrough,random,20094,10,10,3040.572688833081,304.0572688833081,11577.863444165407,113,110,10,0,1.9909395999857225
ultimate,random,20094,10,10,2810.1625178981662,281.01625178981664,10205.812589490828,121,114,10,0,1.4370041999500245
breakthrough,random,20095,10,10,2779.6408730063795,277.96408730063797,10283.204365031897,113,108,10,0,1.7869821999920532
ultimate,random,20095,10,10,2490.339588259661,249.0339588259661,8916.697941298307,110,107,10,0,1.9022464999579825
breakthrough,random,20096,14,14,2956.797913254029,211.19985094671637,11158.989566270151,110,105,14,0,1.7935458999709226
ultimate,random,20096,14,14,2675.4232311686164,191.10165936918688,9752.11615584308,109,107,15,0,1.7435330000007525
breakthrough,random,20097,10,10,3046.3282386092096,304.63282386092095,11396.641193046044,121,112,10,0,1.3082619999768212
ultimate,random,20097,10,10,2750.9785807678113,275.0978580767811,10054.892903839052,116,110,10,0,1.1951516999979503
breakthrough,random,20098,14,14,2755.8907982751575,196.84934273393984,9874.453991375789,120,111,14,0,1.5218131000292487
ultimate,random,20098,14,14,2787.1394922924273,199.08139230660194,10350.697461462138,109,102,14,0,1.5978682999848388
breakthrough,random,20099,10,10,2806.9162135282177,280.69162135282176,10434.581067641084,112,110,10,0,1.098157899978105
ultimate,random,20099,10,10,2687.791228375025,268.77912283750254,9843.956141875122,112,109,10,0,1.179242999991402
breakthrough,random,20100,16,16,3191.7281935769074,199.4830120985567,12428.640967884541,105,101,16,0,1.6918629999854602
ultimate,random,20100,16,16,3055.1717983558897,190.9482373972431,11510.858991779447,113,108,16,0,1.3554935000138357
