actual_cleared,algorithm,average_time_s,clear_attempts,cleared,coverage_cell_m,coverage_certificate,distance_m,elastic,elastic_node_updates,fallback_count,fixed_nodes_visited,full_scan_count,joint,measures,mode,official_validated,optical_trial_radius,pending_tracks,phases,pilot_m,replaced_nodes,runtime_s,scan_gain,seed,shared_measures,status,stress,switches,total,uncovered_cells,virtual_time_s,visibility
11,combo100,256.3510361913934,11,11,100.0,circular_arc_radial,10459.306990526638,True,15,0,6,7,False,113,q3,False,50,0,1,100,0,0.6241892000252847,12,1,11,complete_coverage,random,108,11,14,2819.8613981053277,True
11,combo200,268.3690301977362,11,11,100.0,circular_arc_radial,11190.296660875485,True,17,0,6,7,False,111,q3,False,50,0,1,200,0,0.8848808000038844,12,1,15,complete_coverage,random,104,11,15,2952.059332175098,True
14,combo100,211.0858341567674,14,14,100.0,circular_arc_radial,11336.008390973713,True,22,0,6,7,False,104,q3,False,50,0,1,100,0,1.0832991000206675,12,2,14,complete_coverage,random,98,14,16,2955.2016781947436,True
14,combo200,212.55136650610962,15,14,100.0,circular_arc_radial,11363.59565542767,True,26,0,6,7,False,106,q3,False,50,0,1,200,0,1.114447800006019,12,2,15,complete_coverage,random,100,14,15,2975.7191310855346,True
13,combo100,280.7189436531627,15,13,100.0,circular_arc_radial,14351.73133745557,True,31,0,6,7,False,119,q3,False,50,0,1,100,0,0.9375749999890104,12,3,6,complete_coverage,random,113,13,11,3649.346267491115,True
13,combo200,252.27678890665118,14,13,100.0,circular_arc_radial,12577.991278932323,True,30,0,6,7,False,117,q3,False,50,0,1,200,0,0.9327123000111897,12,3,5,complete_coverage,random,111,13,10,3279.5982557864654,True
15,combo100,201.8208931764785,15,15,100.0,circular_arc_radial,11171.566988235885,True,27,0,6,7,False,121,q3,False,50,0,1,100,0,1.6399688000092283,12,4,35,complete_coverage,random,113,15,10,3027.3133976471777,True
15,combo200,193.58097162313254,15,15,100.0,circular_arc_radial,10778.572871734941,True,21,0,6,7,False,113,q3,False,50,0,1,200,0,1.3298733999836259,12,4,28,complete_coverage,random,108,15,12,2903.7145743469882,True
11,combo100,283.9954474579712,12,11,100.0,circular_arc_radial,11684.749610188413,True,23,0,6,7,False,123,q3,False,50,0,1,100,0,0.834871099999873,12,5,13,complete_coverage,random,114,11,14,3123.949922037683,True
11,combo200,266.58440269885233,11,11,100.0,circular_arc_radial,10902.142148436878,True,26,0,6,7,False,117,q3,False,50,0,1,200,0,0.8978522000252269,12,5,12,complete_coverage,random,112,11,16,2932.4284296873757,True
10,combo100,288.8574955102557,11,10,100.0,circular_arc_radial,10317.874775512788,True,15,0,6,7,False,130,q3,False,50,0,1,100,0,0.8206404999946244,12,6,11,complete_coverage,random,122,10,16,2888.5749551025574,True
10,combo200,293.0080464637141,10,10,100.0,circular_arc_radial,10750.402323185706,True,10,0,6,7,False,123,q3,False,50,0,1,200,0,0.7765118000097573,12,6,11,complete_coverage,random,115,10,15,2930.080464637141,True
13,combo100,221.33660481191646,13,13,100.0,circular_arc_radial,10966.879312774568,True,18,0,6,7,False,104,q3,False,50,0,1,100,0,1.0600523999892175,12,7,19,complete_coverage,random,99,13,12,2877.375862554914,True
13,combo200,214.10861928204764,14,13,100.0,circular_arc_radial,10082.060253333098,True,11,0,6,7,False,118,q3,False,50,0,1,200,0,1.0255230000184383,12,7,31,complete_coverage,random,109,13,15,2783.4120506666195,True
16,combo100,198.96194957221664,18,16,100.0,circular_arc_radial,12041.95596577733,True,18,0,6,7,False,116,q3,False,50,0,1,100,0,1.213339799985988,12,8,22,complete_upper_bound,random,109,16,14,3183.391193155466,True
16,combo200,194.28305490058113,17,16,100.0,not_yet_complete,12222.644392046488,True,30,0,5,6,False,98,q3,False,50,0,1,200,0,1.2272214999829885,12,8,25,complete_upper_bound,random,91,16,107,3108.528878409298,True
14,combo100,220.74757373119573,14,14,100.0,circular_arc_radial,12067.330161183701,True,14,0,6,7,False,102,q3,False,50,0,1,100,0,1.1217080999922473,12,9,20,complete_coverage,random,97,14,12,3090.4660322367404,True
14,combo200,235.02461930080176,15,14,100.0,circular_arc_radial,12896.723351056124,True,27,0,6,7,False,108,q3,False,50,0,1,200,0,1.5933310000109486,12,9,17,complete_coverage,random,98,14,8,3290.3446702112246,True
13,combo100,252.509677065404,14,13,100.0,circular_arc_radial,12653.12900925126,True,27,0,6,7,False,115,q3,False,50,0,1,100,0,0.9758855999971274,12,10,18,complete_coverage,random,109,13,12,3282.6258018502517,True
13,combo200,255.0626256823129,14,13,100.0,circular_arc_radial,12904.070669350338,True,29,0,6,7,False,112,q3,False,50,0,1,200,0,1.0277886999829207,12,10,16,complete_coverage,random,107,13,13,3315.8141338700675,True
12,combo100,257.68861331316936,14,12,100.0,circular_arc_radial,11776.316798790162,True,13,0,6,7,False,113,q3,False,50,0,1,100,0,0.9166815000062343,12,11,12,complete_coverage,random,106,12,10,3092.2633597580325,True
12,combo200,275.1801017478205,13,12,100.0,circular_arc_radial,12715.806104869225,True,15,0,6,7,False,117,q3,False,50,0,1,200,0,0.9229653000074904,12,11,14,complete_coverage,random,111,12,11,3302.161220973846,True
10,combo100,308.951691381663,10,10,100.0,circular_arc_radial,11607.584569083156,True,22,0,6,7,False,121,q3,False,50,0,1,100,0,0.7579390999744646,12,12,9,complete_coverage,random,113,10,15,3089.51691381663,True
10,combo200,340.8994002851879,11,10,100.0,circular_arc_radial,13179.970014259394,True,15,0,6,7,False,121,q3,False,50,0,1,200,0,0.7319846999889705,12,12,9,complete_coverage,random,115,10,16,3408.994002851879,True
15,combo100,201.50161373136714,16,15,100.0,circular_arc_radial,11272.621029852531,True,20,0,6,7,False,116,q3,False,50,0,1,100,0,1.1595333000004757,12,13,24,complete_coverage,random,110,15,12,3022.524205970507,True
15,combo200,198.6503475338819,16,15,100.0,circular_arc_radial,11063.776065041144,True,21,0,6,7,False,116,q3,False,50,0,1,200,0,1.24239289999241,12,13,26,complete_coverage,random,109,15,11,2979.7552130082286,True
15,combo100,230.85751928899174,15,15,100.0,circular_arc_radial,13764.31394667438,True,22,0,6,7,False,107,q3,False,50,0,1,100,0,1.2313060000014957,12,14,19,complete_coverage,random,100,15,18,3462.862789334876,True
15,combo200,210.01000560783902,16,15,100.0,circular_arc_radial,12065.75042058793,True,25,0,6,7,False,111,q3,False,50,0,1,200,0,1.1332978999998886,12,14,29,complete_coverage,random,104,15,13,3150.1500841175853,True
10,combo100,267.42174947223117,13,10,100.0,circular_arc_radial,9706.087473611557,True,12,0,6,7,False,113,q3,False,50,0,1,100,0,0.8168858999852091,12,15,13,complete_coverage,random,109,10,16,2674.2174947223116,True
10,combo200,257.02316855105033,10,10,100.0,circular_arc_radial,8906.158427552518,True,15,0,6,7,False,124,q3,False,50,0,1,200,0,0.7892399000120349,12,15,15,complete_coverage,random,119,10,13,2570.231685510503,True
15,combo100,221.41812367185582,15,15,100.0,circular_arc_radial,12751.35927538919,True,11,0,6,7,False,117,q3,False,50,0,1,100,0,1.0922256000048947,12,16,24,complete_coverage,random,111,15,12,3321.2718550778372,True
15,combo200,223.77591188221447,16,15,100.0,circular_arc_radial,13183.193391166084,True,12,0,6,7,False,108,q3,False,50,0,1,200,0,1.3904618000087794,12,16,24,complete_coverage,random,102,15,14,3356.638678233217,True
15,combo100,225.1196334198212,15,15,100.0,circular_arc_radial,13348.972506486592,True,20,0,6,7,False,106,q3,False,50,0,1,100,0,1.5358519000001252,12,17,21,complete_coverage,random,102,15,14,3376.794501297318,True
15,combo200,209.02011385510193,16,15,100.0,circular_arc_radial,12011.508539132645,True,24,0,6,7,False,110,q3,False,50,0,1,200,0,1.277663599990774,12,17,23,complete_coverage,random,105,15,13,3135.301707826529,True
11,combo100,247.16146612731916,11,11,100.0,circular_arc_radial,10078.880637002556,True,13,0,6,7,False,109,q3,False,50,0,1,100,0,0.9052890999882948,12,18,16,complete_coverage,random,103,11,12,2718.7761274005106,True
11,combo200,251.91685472164946,12,11,100.0,circular_arc_radial,9995.427009690724,True,18,0,6,7,False,120,q3,False,50,0,1,200,0,0.9505114000057802,12,18,14,complete_coverage,random,114,11,11,2771.085401938144,True
14,combo100,184.8509081926043,15,14,100.0,circular_arc_radial,9524.5635734823,True,25,0,6,7,False,103,q3,False,50,0,1,100,0,1.1380858999909833,12,19,27,complete_coverage,random,95,14,9,2587.91271469646,True
14,combo200,185.9942186861758,14,14,100.0,circular_arc_radial,9554.595308032309,True,27,0,6,7,False,105,q3,False,50,0,1,200,0,1.084000799979549,12,19,30,complete_coverage,random,98,14,8,2603.919061606461,True
13,combo100,219.56074784606895,14,13,100.0,circular_arc_radial,10646.44860999448,True,15,0,6,7,False,110,q3,False,50,0,1,100,0,1.0286832000128925,12,20,14,complete_coverage,random,107,13,16,2854.2897219988963,True
13,combo200,222.92124299456248,13,13,100.0,circular_arc_radial,10879.880794646562,True,13,0,6,7,False,110,q3,False,50,0,1,200,0,1.3569919999863487,12,20,15,complete_coverage,random,107,13,13,2897.976158929312,True
14,combo100,216.82060546779988,14,14,100.0,circular_arc_radial,11657.44238274599,True,13,0,6,7,False,107,q3,False,50,0,1,100,0,1.3338875999907032,12,21,25,complete_coverage,random,99,14,12,3035.4884765491984,True
14,combo200,217.10352860995985,15,14,100.0,circular_arc_radial,11747.247002697188,True,13,0,6,7,False,104,q3,False,50,0,1,200,0,1.2000305999827106,12,21,23,complete_coverage,random,97,14,12,3039.449400539438,True
10,combo100,313.43891997500714,10,10,100.0,circular_arc_radial,12001.945998750361,True,12,0,6,7,False,115,q3,False,50,0,1,100,0,0.7957612000172958,12,22,10,complete_coverage,random,109,10,14,3134.3891997500714,True
10,combo200,317.8999225767674,10,10,100.0,circular_arc_radial,12094.996128838366,True,8,0,6,7,False,119,q3,False,50,0,1,200,0,0.774581700010458,12,22,15,complete_coverage,random,115,10,18,3178.9992257676736,True
10,combo100,283.4566235309497,11,10,100.0,circular_arc_radial,10447.831176547481,True,16,0,6,7,False,116,q3,False,50,0,1,100,0,0.7806058000132907,12,23,9,complete_coverage,random,112,10,14,2834.5662353094967,True
10,combo200,292.3356868655977,11,10,100.0,circular_arc_radial,10721.784343279885,True,17,0,6,7,False,122,q3,False,50,0,1,200,0,0.7827076999819838,12,23,17,complete_coverage,random,116,10,14,2923.356868655977,True
11,combo100,241.24361048807214,12,11,100.0,circular_arc_radial,9548.398576843965,True,29,0,6,7,False,115,q3,False,50,0,1,100,0,0.9160259999916889,12,24,11,complete_coverage,random,111,11,15,2653.6797153687935,True
11,combo200,243.75938437226833,12,11,100.0,circular_arc_radial,9661.766140474758,True,25,0,6,7,False,116,q3,False,50,0,1,200,0,0.8481530999997631,12,24,12,complete_coverage,random,111,11,14,2681.3532280949516,True
15,combo100,208.73238448382673,15,15,100.0,circular_arc_radial,11864.928836287008,True,30,0,6,7,False,115,q3,False,50,0,1,100,0,1.1664465999929234,12,25,23,complete_coverage,random,108,15,7,3130.985767257401,True
15,combo200,203.51122987071685,16,15,100.0,circular_arc_radial,11438.342240303764,True,24,0,6,7,False,116,q3,False,50,0,1,200,0,1.0969230999762658,12,25,25,complete_coverage,random,107,15,12,3052.668448060753,True
16,combo100,208.80180044209007,17,16,100.0,circular_arc_radial,13099.144035367204,True,30,0,6,7,False,108,q3,False,50,0,1,100,0,1.270044400007464,12,26,23,complete_upper_bound,random,98,16,12,3340.828807073441,True
16,combo200,212.15297377398198,18,16,100.0,circular_arc_radial,13252.23790191856,True,27,0,6,7,False,111,q3,False,50,0,1,200,0,1.2778681000054348,12,26,25,complete_upper_bound,random,103,16,8,3394.4475803837117,True
16,combo100,194.65118448600703,19,16,100.0,circular_arc_radial,11857.094758880557,True,22,0,6,7,False,110,q3,False,50,0,1,100,0,1.2955267999786884,12,27,27,complete_upper_bound,random,104,16,13,3114.4189517761124,True
16,combo200,190.5807774018152,19,16,100.0,circular_arc_radial,11561.462192145213,True,16,0,6,7,False,109,q3,False,50,0,1,200,0,1.2601285999990068,12,27,29,complete_upper_bound,random,103,16,13,3049.292438429043,True
15,combo100,201.50419245299935,16,15,100.0,circular_arc_radial,11387.814433974949,True,17,0,6,7,False,112,q3,False,50,0,1,100,0,1.1825704000075348,12,28,22,complete_coverage,random,107,15,14,3022.5628867949904,True
15,combo200,195.97838918311317,16,15,100.0,circular_arc_radial,11133.379188733486,True,24,0,6,7,False,107,q3,False,50,0,1,200,0,1.1377182999858633,12,28,20,complete_coverage,random,100,15,16,2939.6758377466977,True
14,combo100,218.19483050980185,14,14,100.0,circular_arc_radial,11608.638135686126,True,20,0,6,7,False,111,q3,False,50,0,1,100,0,1.3098271999915596,12,29,16,complete_coverage,random,108,14,11,3054.7276271372257,True
14,combo200,218.1530245693169,15,14,100.0,circular_arc_radial,11540.711719852186,True,16,0,6,7,False,113,q3,False,50,0,1,200,0,1.1104214999941178,12,29,20,complete_coverage,random,108,14,17,3054.1423439704367,True
12,combo100,232.99248588059302,13,12,100.0,circular_arc_radial,10274.549152835576,True,21,0,6,7,False,114,q3,False,50,0,1,100,0,0.966998500021873,12,30,22,complete_coverage,random,108,12,14,2795.9098305671164,True
12,combo200,252.755429157913,12,12,100.0,circular_arc_radial,11540.325749474783,True,23,0,6,7,False,112,q3,False,50,0,1,200,0,0.981608200003393,12,30,22,complete_coverage,random,105,12,12,3033.065149894956,True
10,combo100,284.1182633740104,12,10,100.0,circular_arc_radial,10355.91316870052,True,12,0,6,7,False,120,q3,False,50,0,1,100,0,0.7408378999971319,12,31,14,complete_coverage,random,114,10,8,2841.182633740104,True
10,combo200,280.62668918618914,12,10,100.0,circular_arc_radial,10206.334459309459,True,13,0,6,7,False,119,q3,False,50,0,1,200,0,0.7315512000059243,12,31,14,complete_coverage,random,114,10,12,2806.2668918618915,True
16,combo100,162.86188531914328,16,16,100.0,not_yet_complete,9748.950825531465,True,13,0,5,6,False,97,q3,False,50,0,1,100,0,1.2047136999899521,12,32,25,complete_upper_bound,random,91,16,103,2605.7901651062925,True
16,combo200,187.6513208127312,17,16,100.0,circular_arc_radial,11557.105665018495,True,17,0,6,7,False,102,q3,False,50,0,1,200,0,1.218961800012039,12,32,27,complete_upper_bound,random,98,16,9,3002.421133003699,True
14,combo100,213.44506931963184,15,14,100.0,circular_arc_radial,11091.154852374226,True,33,0,6,7,False,118,q3,False,50,0,1,100,0,1.1057371000060812,12,33,27,complete_coverage,random,107,14,15,2988.230970474846,True
14,combo200,220.28923308516804,14,14,100.0,circular_arc_radial,11940.246315961764,True,19,0,6,7,False,106,q3,False,50,0,1,200,0,1.0619872999959625,12,33,23,complete_coverage,random,96,14,16,3084.0492631923526,True
10,combo100,277.38662495071014,10,10,100.0,circular_arc_radial,10104.33124753551,True,18,0,6,7,False,118,q3,False,50,0,1,100,0,0.8319462999934331,12,34,14,complete_coverage,random,113,10,15,2773.866249507101,True
10,combo200,282.0233922575321,11,10,100.0,circular_arc_radial,10261.169612876607,True,19,0,6,7,False,120,q3,False,50,0,1,200,0,0.7567500000004657,12,34,15,complete_coverage,random,115,10,13,2820.2339225753212,True
15,combo100,190.77185913711412,15,15,100.0,circular_arc_radial,10882.889435283563,True,20,0,6,7,False,103,q3,False,50,0,1,100,0,1.09794750000583,12,35,20,complete_coverage,random,95,15,10,2861.577887056712,True
15,combo200,190.0905775004873,15,15,100.0,circular_arc_radial,10836.793312536543,True,27,0,6,7,False,103,q3,False,50,0,1,200,0,1.2360956000047736,12,35,20,complete_coverage,random,94,15,10,2851.35866250731,True
15,combo100,216.82092041212698,16,15,100.0,circular_arc_radial,12501.569030909519,True,13,0,6,7,False,113,q3,False,50,0,1,100,0,1.1348691000021063,12,36,23,complete_coverage,random,109,15,12,3252.3138061819045,True
15,combo200,211.64511779413252,17,15,100.0,circular_arc_radial,12158.383834559934,True,11,0,6,7,False,111,q3,False,50,0,1,200,0,1.1450840000179596,12,36,20,complete_coverage,random,107,15,12,3174.6767669119877,True
12,combo100,265.96143425509666,13,12,100.0,circular_arc_radial,12032.686055305794,True,13,0,6,7,False,121,q3,False,50,0,1,100,0,0.936547099991003,12,37,14,complete_coverage,random,117,12,14,3191.5372110611597,True
12,combo200,268.2088023754632,13,12,100.0,circular_arc_radial,12142.528142527795,True,12,0,6,7,False,122,q3,False,50,0,1,200,0,0.9485637999896426,12,37,14,complete_coverage,random,117,12,15,3218.505628505559,True
11,combo100,257.762934275736,12,11,100.0,circular_arc_radial,10636.961385165476,True,16,0,6,7,False,109,q3,False,50,0,1,100,0,0.9038135999871884,12,38,12,complete_coverage,random,105,11,16,2835.392277033096,True
11,combo200,253.9109906027196,13,11,100.0,circular_arc_radial,10210.104483149582,True,22,0,6,7,False,116,q3,False,50,0,1,200,0,0.8814188999822363,12,38,18,complete_coverage,random,110,11,13,2793.0208966299156,True
14,combo100,230.82113853008417,14,14,100.0,circular_arc_radial,12482.479697105888,True,11,0,6,7,False,112,q3,False,50,0,1,100,0,1.0986641999916174,12,39,11,complete_coverage,random,105,14,12,3231.4959394211783,True
14,combo200,235.9513996163968,15,14,100.0,circular_arc_radial,12491.597973147786,True,15,0,6,7,False,123,q3,False,50,0,1,200,0,1.0880943999800365,12,39,21,complete_coverage,random,117,14,13,3303.319594629555,True
16,combo100,178.12444697960575,17,16,100.0,circular_arc_radial,10844.955758368458,True,19,0,6,7,False,101,q3,False,50,0,1,100,0,1.2376593999797478,12,40,26,complete_upper_bound,random,93,16,8,2849.991151673692,True
16,combo200,183.98390971657116,16,16,100.0,circular_arc_radial,11308.712777325689,True,16,0,6,7,False,101,q3,False,50,0,1,200,0,1.340061800001422,12,40,25,complete_upper_bound,random,97,16,13,2943.7425554651386,True
