active_weight,actual_cleared,algorithm,average_time_s,clear_attempts,cleared,coverage_cell_m,coverage_certificate,coverage_worst_m,distance_m,elastic,elastic_node_updates,fallback_count,fixed_nodes_visited,full_scan_count,joint,measures,mode,official_validated,optical_trial_radius,pending_tracks,phases,pilot_m,replaced_nodes,runtime_s,scan_gain,seed,shared_measures,status,stress,switches,total,uncovered_cells,virtual_time_s,visibility
,12,breakthrough,291.42826616361515,12,12,100.0,hexagon_analytic,,13770.69596981691,,,0,6,7,,115,q3,False,,0,,,,0.9230366999981925,,11,13,complete_coverage,random,108,12,8,3497.139193963382,
,12,optical_fixed,289.98336062861097,14,12,100.0,voronoi_outer_polygon,968.9015717043841,13689.001637716654,,,0,6,7,False,114,q3,False,50,0,1,,0,0.9473562999919523,12,11,14,complete_coverage,random,106,12,8,3479.8003275433316,True
,12,elastic50,282.3480492212082,13,12,100.0,circular_arc_radial,,13205.882953272496,True,13,0,6,7,False,115,q3,False,50,0,1,,0,0.9205594999948516,12,11,16,complete_coverage,random,109,12,16,3388.176590654499,True
,12,pilot200,268.71670742108216,13,12,100.0,voronoi_outer_polygon,968.9015717043841,12333.002445264927,,,0,6,7,False,117,q3,False,50,0,1,200,0,0.9362639999890234,12,11,10,complete_coverage,random,110,12,8,3224.6004890529857,True
2.0,12,active2,286.68375129365563,13,12,100.0,voronoi_outer_polygon,968.9015717043841,13536.025077619337,,,0,6,7,False,113,q3,False,50,0,1,,0,1.0749509999877773,12,11,13,complete_coverage,random,105,12,8,3440.2050155238676,True
,10,breakthrough,330.42899867448307,10,10,100.0,hexagon_analytic,,12616.449933724152,,,0,6,7,,123,q3,False,,0,,,,0.768249199987622,,12,14,complete_coverage,random,116,10,8,3304.2899867448305,
,10,optical_fixed,329.2835697750231,11,10,100.0,voronoi_outer_polygon,968.9015717043841,12594.178488751157,,,0,6,7,False,121,q3,False,50,0,1,,0,0.7552551999979187,12,12,14,complete_coverage,random,116,10,8,3292.8356977502312,True
,10,elastic50,313.6052892072331,11,10,100.0,circular_arc_radial,,11600.264460361652,True,14,0,6,7,False,128,q3,False,50,0,1,,0,0.7841643999854568,12,12,13,complete_coverage,random,123,10,11,3136.052892072331,True
,10,pilot200,333.58718419345024,10,10,100.0,voronoi_outer_polygon,968.9015717043841,12789.359209672511,,,0,6,7,False,122,q3,False,50,0,1,200,0,0.746623000013642,12,12,12,complete_coverage,random,118,10,8,3335.8718419345023,True
2.0,10,active2,328.7322849609555,11,10,100.0,voronoi_outer_polygon,968.9015717043841,12546.614248047774,,,0,6,7,False,122,q3,False,50,0,1,,0,0.8308881999982987,12,12,14,complete_coverage,random,115,10,8,3287.322849609555,True
,15,breakthrough,219.37356379755695,15,15,100.0,hexagon_analytic,,12613.017284816768,,,0,6,7,,117,q3,False,,0,,,,1.567633200000273,,13,29,complete_coverage,random,108,15,8,3290.6034569633543,
,15,optical_fixed,202.08420118871516,16,15,100.0,voronoi_outer_polygon,968.9015717043841,11401.315089153637,,,0,6,7,False,113,q3,False,50,0,1,,0,1.239988799992716,12,13,30,complete_coverage,random,108,15,8,3031.263017830727,True
,15,elastic50,197.88892381440627,16,15,100.0,circular_arc_radial,,11046.669286080474,True,17,0,6,7,False,115,q3,False,50,0,1,,0,1.4746101999771781,12,13,32,complete_coverage,random,106,15,10,2968.333857216094,True
,15,pilot200,202.1460250780465,16,15,100.0,voronoi_outer_polygon,968.9015717043841,11345.951880853485,,,0,6,7,False,115,q3,False,50,0,1,200,0,1.2341626000124961,12,13,24,complete_coverage,random,110,15,8,3032.1903761706976,True
2.0,15,active2,201.80967641015306,18,15,100.0,voronoi_outer_polygon,968.9015717043841,11285.725730761484,,,0,6,7,False,116,q3,False,50,0,1,,0,1.2479319999984,12,13,30,complete_coverage,random,106,15,8,3027.145146152296,True
,15,breakthrough,221.91885622630338,15,15,100.0,hexagon_analytic,,12823.914216972755,,,0,6,7,,116,q3,False,,0,,,,1.1293003000027966,,14,32,complete_coverage,random,109,15,8,3328.7828433945506,
,15,optical_fixed,219.44465629401049,15,15,100.0,voronoi_outer_polygon,968.9015717043841,12728.349222050789,,,0,6,7,False,113,q3,False,50,0,1,,0,1.1758474999805912,12,14,32,complete_coverage,random,106,15,8,3291.669844410157,True
,15,elastic50,233.23962226068133,16,15,100.0,circular_arc_radial,,13632.971669551096,True,30,0,6,7,False,117,q3,False,50,0,1,,0,1.172100900002988,12,14,29,complete_coverage,random,109,15,18,3498.59433391022,True
,15,pilot200,230.15562484619724,15,15,100.0,voronoi_outer_polygon,968.9015717043841,13796.671863464797,,,0,6,7,False,104,q3,False,50,0,1,200,0,1.2455783000041265,12,14,19,complete_coverage,random,98,15,8,3452.334372692959,True
2.0,15,active2,220.22581213527386,17,15,100.0,voronoi_outer_polygon,968.9015717043841,12616.935910145536,,,0,6,7,False,118,q3,False,50,0,1,,0,1.1491105000022799,12,14,34,complete_coverage,random,109,15,8,3303.387182029108,True
,10,breakthrough,272.6222191315038,10,10,100.0,hexagon_analytic,,9841.11095657519,,,0,6,7,,119,q3,False,,0,,,,0.7479303999862168,,15,17,complete_coverage,random,113,10,8,2726.2221913150383,
,10,optical_fixed,271.4727062122307,11,10,100.0,voronoi_outer_polygon,968.9015717043841,9823.63531061154,,,0,6,7,False,117,q3,False,50,0,1,,0,0.7246287000016309,12,15,17,complete_coverage,random,112,10,8,2714.7270621223074,True
,10,elastic50,256.3059841796793,10,10,100.0,circular_arc_radial,,9080.299208983966,True,22,0,6,7,False,117,q3,False,50,0,1,,0,0.745753999974113,12,15,18,complete_coverage,random,112,10,13,2563.059841796793,True
,10,pilot200,263.2238719068171,10,10,100.0,voronoi_outer_polygon,968.9015717043841,9466.193595340857,,,0,6,7,False,116,q3,False,50,0,1,200,0,0.792018799984362,12,15,11,complete_coverage,random,109,10,8,2632.238719068171,True
2.0,10,active2,270.42851061185775,10,10,100.0,voronoi_outer_polygon,968.9015717043841,9841.42553059289,,,0,6,7,False,115,q3,False,50,0,1,,0,0.8077321999880951,12,15,15,complete_coverage,random,111,10,8,2704.2851061185775,True
,15,breakthrough,220.3353549191647,15,15,100.0,hexagon_analytic,,12775.151618937352,,,0,6,7,,114,q3,False,,0,,,,1.0798637999978382,,16,33,complete_coverage,random,105,15,8,3305.0303237874705,
,15,optical_fixed,215.22305191063782,16,15,100.0,voronoi_outer_polygon,968.9015717043841,12641.72889329783,,,0,6,7,False,105,q3,False,50,0,1,,0,1.073332300002221,12,16,29,complete_coverage,random,97,15,8,3228.3457786595673,True
,15,elastic50,216.00984935665716,17,15,100.0,circular_arc_radial,,12555.738701749286,True,16,0,6,7,False,109,q3,False,50,0,1,,0,1.105305999983102,12,16,31,complete_coverage,random,103,15,13,3240.1477403498575,True
,15,pilot200,220.4151308874503,15,15,100.0,voronoi_outer_polygon,968.9015717043841,13041.13481655877,,,0,6,7,False,105,q3,False,50,0,1,200,0,1.4835519999905955,12,16,23,complete_coverage,random,98,15,8,3306.2269633117544,True
2.0,15,active2,221.6604205818788,16,15,100.0,voronoi_outer_polygon,968.9015717043841,12869.531543640911,,,0,6,7,False,113,q3,False,50,0,1,,0,1.6675091000215616,12,16,32,complete_coverage,random,108,15,8,3324.906308728182,True
,15,breakthrough,227.67770733526314,15,15,100.0,hexagon_analytic,,13330.828050144737,,,0,6,7,,114,q3,False,,0,,,,2.0122970000084024,,17,17,complete_coverage,random,104,15,8,3415.165610028947,
,15,optical_fixed,221.83400723829854,15,15,100.0,voronoi_outer_polygon,968.9015717043841,13097.55054287239,,,0,6,7,False,107,q3,False,50,0,1,,0,2.279438300000038,12,17,17,complete_coverage,random,98,15,8,3327.510108574478,True
,15,elastic50,221.23092663373916,17,15,100.0,circular_arc_radial,,13122.319497530436,True,21,0,6,7,False,103,q3,False,50,0,1,,0,2.1401990999875125,12,17,19,complete_coverage,random,98,15,10,3318.4638995060873,True
,15,pilot200,208.44148997690505,15,15,100.0,voronoi_outer_polygon,968.9015717043841,12268.111748267878,,,0,6,7,False,101,q3,False,50,0,1,200,0,2.482010200008517,12,17,19,complete_coverage,random,93,15,8,3126.622349653576,True
2.0,15,active2,223.94453851520697,15,15,100.0,voronoi_outer_polygon,968.9015717043841,13160.840388640521,,,0,6,7,False,110,q3,False,50,0,1,,0,2.0047488999844063,12,17,18,complete_coverage,random,102,15,8,3359.1680777281044,True
,11,breakthrough,265.99779708248474,11,11,100.0,hexagon_analytic,,10969.878839536661,,,0,6,7,,114,q3,False,,0,,,,1.4169313000165857,,18,18,complete_coverage,random,107,11,8,2925.9757679073323,
,11,optical_fixed,264.31740408255513,13,11,100.0,voronoi_outer_polygon,968.9015717043841,10902.457224540529,,,0,6,7,False,112,q3,False,50,0,1,,0,1.6233235000108834,12,18,18,complete_coverage,random,106,11,8,2907.491444908106,True
,11,elastic50,250.89340407084984,11,11,100.0,circular_arc_radial,,9994.13722389674,True,18,0,6,7,False,118,q3,False,50,0,1,,0,1.4199357999896165,12,18,18,complete_coverage,random,116,11,10,2759.8274447793483,True
,11,pilot200,262.04819184042884,13,11,100.0,voronoi_outer_polygon,968.9015717043841,10452.650551223585,,,0,6,7,False,123,q3,False,50,0,1,200,0,1.520637000008719,12,18,15,complete_coverage,random,116,11,8,2882.5301102447174,True
2.0,11,active2,268.50505647357596,13,11,100.0,voronoi_outer_polygon,968.9015717043841,11067.778106046679,,,0,6,7,False,114,q3,False,50,0,1,,0,1.6557735000096727,12,18,19,complete_coverage,random,109,11,8,2953.5556212093356,True
,14,breakthrough,198.49159579340315,14,14,100.0,hexagon_analytic,,10454.411705538223,,,0,6,7,,104,q3,False,,0,,,,1.7971197000006214,,19,41,complete_coverage,random,98,14,8,2778.882341107644,
,14,optical_fixed,193.4104858569911,14,14,100.0,voronoi_outer_polygon,968.9015717043841,10428.734009989385,,,0,6,7,False,93,q3,False,50,0,1,,0,1.5747625000076368,12,19,33,complete_coverage,random,87,14,8,2707.7468019978755,True
,14,elastic50,196.36479051000993,14,14,100.0,circular_arc_radial,,10270.5353357007,True,24,0,6,7,False,105,q3,False,50,0,1,,0,2.303235500003211,12,19,40,complete_coverage,random,100,14,11,2749.107067140139,True
,14,pilot200,187.63431227033044,15,14,100.0,voronoi_outer_polygon,968.9015717043841,9654.401858923131,,,0,6,7,False,105,q3,False,50,0,1,200,0,2.2380400999973062,12,19,31,complete_coverage,random,98,14,8,2626.8803717846263,True
2.0,14,active2,195.58790282315815,14,14,100.0,voronoi_outer_polygon,968.9015717043841,10496.153197621068,,,0,6,7,False,96,q3,False,50,0,1,,0,1.972986899985699,12,19,36,complete_coverage,random,89,14,8,2738.230639524214,True
,13,breakthrough,241.27815015766583,13,13,100.0,hexagon_analytic,,11918.07976024828,,,0,6,7,,116,q3,False,,0,,,,1.6752004000009038,,20,27,complete_coverage,random,108,13,8,3136.615952049656,
,13,optical_fixed,237.80313412948175,16,13,100.0,voronoi_outer_polygon,968.9015717043841,11842.20371841631,,,0,6,7,False,109,q3,False,50,0,1,,0,1.4993583000032231,12,20,22,complete_coverage,random,104,13,8,3091.4407436832626,True
,13,elastic50,231.20582691685593,14,13,100.0,circular_arc_radial,,11283.378749595635,True,16,0,6,7,False,115,q3,False,50,0,1,,0,1.849089900002582,12,20,29,complete_coverage,random,106,13,11,3005.675749919127,True
,13,pilot200,219.71613994689085,13,13,100.0,voronoi_outer_polygon,968.9015717043841,10701.549096547904,,,0,6,7,False,109,q3,False,50,0,1,200,0,2.1840526000014506,12,20,14,complete_coverage,random,106,13,8,2856.309819309581,True
2.0,13,active2,234.4155437972367,13,13,100.0,voronoi_outer_polygon,968.9015717043841,11637.010346820389,,,0,6,7,False,110,q3,False,50,0,1,,0,1.9966469000210054,12,20,25,complete_coverage,random,105,13,8,3047.402069364077,True
,14,breakthrough,235.3924099046148,14,14,100.0,hexagon_analytic,,12772.468693323031,,,0,6,7,,113,q3,False,,0,,,,1.7302809999964666,,21,32,complete_coverage,random,106,14,8,3295.493738664607,
,14,optical_fixed,232.77095582462195,15,14,100.0,voronoi_outer_polygon,968.9015717043841,12663.966907723536,,,0,6,7,False,110,q3,False,50,0,1,,0,1.8360762000083923,12,21,32,complete_coverage,random,103,14,8,3258.7933815447072,True
,14,elastic50,237.69401653609114,16,14,100.0,circular_arc_radial,,12953.581157526382,True,23,0,6,7,False,111,q3,False,50,0,1,,0,1.7305115000053775,12,21,25,complete_coverage,random,106,14,10,3327.716231505276,True
,14,pilot200,225.94389119124,15,14,100.0,voronoi_outer_polygon,968.9015717043841,12296.072383386798,,,0,6,7,False,106,q3,False,50,0,1,200,0,1.9177201999991667,12,21,26,complete_coverage,random,101,14,8,3163.21447667736,True
2.0,14,active2,235.75047941190772,14,14,100.0,voronoi_outer_polygon,968.9015717043841,12817.53355883354,,,0,6,7,False,112,q3,False,50,0,1,,0,1.7998272000113502,12,21,33,complete_coverage,random,107,14,8,3300.506711766708,True
,10,breakthrough,339.8109156032708,10,10,100.0,hexagon_analytic,,12950.545780163542,,,0,6,7,,128,q3,False,,0,,,,1.3719112000253517,,22,22,complete_coverage,random,118,10,8,3398.109156032708,
,10,optical_fixed,336.7076927806266,10,10,100.0,voronoi_outer_polygon,968.9015717043841,12895.38463903133,,,0,6,7,False,124,q3,False,50,0,1,,0,1.2385897999920417,12,22,20,complete_coverage,random,118,10,8,3367.0769278062658,True
,10,elastic50,311.10030266003133,10,10,100.0,circular_arc_radial,,11970.015133001569,True,9,0,6,7,False,112,q3,False,50,0,1,,0,1.2149309999949764,12,22,13,complete_coverage,random,107,10,14,3111.003026600313,True
,10,pilot200,326.102393648365,11,10,100.0,voronoi_outer_polygon,968.9015717043841,12605.11968241825,,,0,6,7,False,115,q3,False,50,0,1,200,0,1.1270052999898326,12,22,11,complete_coverage,random,112,10,8,3261.0239364836502,True
2.0,10,active2,333.03748896990436,11,10,100.0,voronoi_outer_polygon,968.9015717043841,12601.874448495219,,,0,6,7,False,127,q3,False,50,0,1,,0,1.307067999994615,12,22,21,complete_coverage,random,122,10,8,3330.3748896990437,True
,10,breakthrough,317.37026411454315,10,10,100.0,hexagon_analytic,,12013.513205727158,,,0,6,7,,121,q3,False,,0,,,,1.1964344000152778,,23,17,complete_coverage,random,116,10,8,3173.7026411454317,
,10,optical_fixed,314.57324583361344,10,10,100.0,voronoi_outer_polygon,968.9015717043841,11958.66229168067,,,0,6,7,False,118,q3,False,50,0,1,,0,1.0891192999843042,12,23,16,complete_coverage,random,114,10,8,3145.732458336134,True
,10,elastic50,296.4699241848026,10,10,100.0,circular_arc_radial,,11023.496209240131,True,20,0,6,7,False,119,q3,False,50,0,1,,0,1.1703839999972843,12,23,18,complete_coverage,random,115,10,16,2964.6992418480263,True
,10,pilot200,298.7087269635446,11,10,100.0,voronoi_outer_polygon,968.9015717043841,11030.436348177234,,,0,6,7,False,122,q3,False,50,0,1,200,0,1.16765660000965,12,23,16,complete_coverage,random,118,10,8,2987.0872696354463,True
2.0,10,active2,314.7940854957434,10,10,100.0,voronoi_outer_polygon,968.9015717043841,11999.704274787175,,,0,6,7,False,117,q3,False,50,0,1,,0,1.2840721000102349,12,23,15,complete_coverage,random,113,10,8,3147.940854957434,True
,11,breakthrough,261.61017105903096,11,11,100.0,hexagon_analytic,,10873.5594082467,,,0,6,7,,109,q3,False,,0,,,,1.252289900003234,,24,15,complete_coverage,random,103,11,8,2877.7118816493407,
,11,optical_fixed,256.97035855781183,11,11,100.0,voronoi_outer_polygon,968.9015717043841,10748.369720679651,,,0,6,7,False,104,q3,False,50,0,1,,0,1.2858657999895513,12,24,14,complete_coverage,random,102,11,8,2826.67394413593,True
,11,elastic50,254.0385332867764,11,11,100.0,circular_arc_radial,,10617.1193307727,True,23,0,6,7,False,103,q3,False,50,0,1,,0,1.319955499988282,12,24,13,complete_coverage,random,101,11,10,2794.4238661545405,True
,11,pilot200,247.6311084369616,11,11,100.0,voronoi_outer_polygon,968.9015717043841,9939.710964032885,,,0,6,7,False,114,q3,False,50,0,1,200,0,1.5390333000104874,12,24,11,complete_coverage,random,111,11,8,2723.9421928065776,True
2.0,11,active2,260.26322456921264,12,11,100.0,voronoi_outer_polygon,968.9015717043841,10779.477351306698,,,0,6,7,False,109,q3,False,50,0,1,,0,2.035063600022113,12,24,17,complete_coverage,random,104,11,8,2862.895470261339,True
,15,breakthrough,238.74652481790525,15,15,100.0,hexagon_analytic,,14150.989361342896,,,0,6,7,,114,q3,False,,0,,,,3.1276380000053905,,25,34,complete_coverage,random,106,15,8,3581.197872268579,
,15,optical_fixed,236.85948354483926,15,15,100.0,voronoi_outer_polygon,968.9015717043841,14059.461265862943,,,0,6,7,False,112,q3,False,50,0,1,,0,1.5730763000028674,12,25,36,complete_coverage,random,106,15,8,3552.892253172589,True
,15,elastic50,213.91031643760823,15,15,100.0,circular_arc_radial,,12358.273732820613,True,18,0,6,7,False,111,q3,False,50,0,1,,0,1.272727000003215,12,25,34,complete_coverage,random,107,15,13,3208.6547465641233,True
,15,pilot200,206.1145497012994,17,15,100.0,voronoi_outer_polygon,968.9015717043841,11658.591227597459,,,0,6,7,False,115,q3,False,50,0,1,200,0,1.2706280999991577,12,25,23,complete_coverage,random,104,15,8,3091.718245519491,True
2.0,15,active2,239.50388505402478,16,15,100.0,voronoi_outer_polygon,968.9015717043841,14097.791379051858,,,0,6,7,False,117,q3,False,50,0,1,,0,1.1862815000058617,12,25,39,complete_coverage,random,110,15,8,3592.5582758103715,True
,16,breakthrough,226.3702420067343,16,16,100.0,hexagon_analytic,,14359.619360538734,,,0,6,7,,113,q3,False,,0,,,,1.1872318999958225,,26,22,complete_upper_bound,random,105,16,8,3621.9238721077486,
,16,optical_fixed,231.69836460869593,18,16,100.0,hexagon_analytic,,14805.86916869567,,,0,6,7,False,111,q3,False,50,0,1,,0,1.3196427999937441,12,26,25,complete_upper_bound,random,105,16,8,3707.173833739135,True
,16,elastic50,234.61355706049838,17,16,100.0,circular_arc_radial,,15059.084564839864,True,31,0,6,7,False,111,q3,False,50,0,1,,0,1.3151273999828845,12,26,25,complete_upper_bound,random,104,16,8,3753.816912967974,True
,16,pilot200,209.53193592573996,17,16,100.0,hexagon_analytic,,13102.554874059198,,,0,6,7,False,109,q3,False,50,0,1,200,0,1.1672488000185695,12,26,25,complete_upper_bound,random,104,16,8,3352.5109748118393,True
2.0,16,active2,236.51129554231784,20,16,100.0,hexagon_analytic,,14935.903643385427,,,0,6,7,False,119,q3,False,50,0,1,,0,1.344075899978634,12,26,28,complete_upper_bound,random,110,16,8,3784.1807286770854,True
,16,breakthrough,216.13691276344485,16,16,100.0,hexagon_analytic,,13655.953021075587,,,0,6,7,,109,q3,False,,0,,,,1.1984909000166226,,27,34,complete_upper_bound,random,102,16,8,3458.1906042151177,
,16,optical_fixed,212.39857974077415,17,16,100.0,hexagon_analytic,,13541.88637926193,,,0,6,7,False,102,q3,False,50,0,1,,0,1.223890900000697,12,27,32,complete_upper_bound,random,97,16,8,3398.3772758523864,True
,16,elastic50,223.9895869348124,16,16,100.0,circular_arc_radial,,14264.166954784989,True,17,0,6,7,False,110,q3,False,50,0,1,,0,1.5767724999750499,12,27,38,complete_upper_bound,random,101,16,12,3583.8333909569983,True
,16,pilot200,190.8938297610893,18,16,100.0,hexagon_analytic,,11566.506380887145,,,0,6,7,False,110,q3,False,50,0,1,200,0,1.3025044000241905,12,27,30,complete_upper_bound,random,105,16,8,3054.301276177429,True
2.0,16,active2,221.54193230214935,17,16,100.0,hexagon_analytic,,14323.354584171953,,,0,6,7,False,101,q3,False,50,0,1,,0,1.2889687000133563,12,27,31,complete_upper_bound,random,92,16,8,3544.6709168343896,True
,15,breakthrough,221.70661101268232,15,15,100.0,hexagon_analytic,,12952.995825951173,,,0,6,7,,111,q3,False,,0,,,,1.1593719000229612,,28,23,complete_coverage,random,105,15,8,3325.5991651902345,
,15,optical_fixed,218.26759586466363,15,15,100.0,voronoi_outer_polygon,968.9015717043841,12815.069689849774,,,0,6,7,False,107,q3,False,50,0,1,,0,1.1280360000091605,12,28,23,complete_coverage,random,101,15,8,3274.0139379699544,True
,15,elastic50,224.41235703109493,15,15,100.0,circular_arc_radial,,13245.926777332115,True,22,0,6,7,False,108,q3,False,50,0,1,,0,1.1279704000044148,12,28,23,complete_coverage,random,102,15,15,3366.185355466424,True
,15,pilot200,195.97848007977848,17,15,100.0,voronoi_outer_polygon,968.9015717043841,11118.386005983388,,,0,6,7,False,107,q3,False,50,0,1,200,0,1.0770596000074875,12,28,19,complete_coverage,random,100,15,8,2939.6772011966773,True
2.0,15,active2,220.9730862249184,15,15,100.0,voronoi_outer_polygon,968.9015717043841,12922.981466868881,,,0,6,7,False,110,q3,False,50,0,1,,0,1.4727126999932807,12,28,25,complete_coverage,random,105,15,8,3314.596293373776,True
,14,breakthrough,229.4746189635116,14,14,100.0,hexagon_analytic,,12098.223327445814,,,0,6,7,,121,q3,False,,0,,,,1.0207350999990012,,29,28,complete_coverage,random,118,14,8,3212.6446654891624,
,14,optical_fixed,226.28492938149586,16,14,100.0,voronoi_outer_polygon,968.9015717043841,11989.94505670471,,,0,6,7,False,116,q3,False,50,0,1,,0,1.0253883000114001,12,29,25,complete_coverage,random,114,14,8,3167.989011340942,True
,14,elastic50,218.10195328415406,15,14,100.0,circular_arc_radial,,11472.136729890784,True,16,0,6,7,False,115,q3,False,50,0,1,,0,1.0347993999894243,12,29,25,complete_coverage,random,111,14,12,3053.427345978157,True
,14,pilot200,218.58002608689705,14,14,100.0,voronoi_outer_polygon,968.9015717043841,11640.60182608279,,,0,6,7,False,111,q3,False,50,0,1,200,0,1.120095099991886,12,29,20,complete_coverage,random,107,14,8,3060.1203652165586,True
2.0,14,active2,227.27896284635838,15,14,100.0,voronoi_outer_polygon,968.9015717043841,12084.527399245088,,,0,6,7,False,116,q3,False,50,0,1,,0,1.123099499993259,12,29,25,complete_coverage,random,112,14,8,3181.9054798490174,True
,12,breakthrough,261.7138705167465,12,12,100.0,hexagon_analytic,,12142.832231004793,,,0,6,7,,110,q3,False,,0,,,,0.9088616000080947,,30,24,complete_coverage,random,102,12,8,3140.566446200958,
,12,optical_fixed,259.0202740430893,13,12,100.0,voronoi_outer_polygon,968.9015717043841,12111.216442585357,,,0,6,7,False,105,q3,False,50,0,1,,0,0.9687362000113353,12,30,21,complete_coverage,random,98,12,8,3108.243288517071,True
,12,elastic50,250.04286760305664,12,12,100.0,circular_arc_radial,,11607.572056183402,True,19,0,6,7,False,104,q3,False,50,0,1,,0,0.9691437000001315,12,30,21,complete_coverage,random,99,12,11,3000.5144112366797,True
,12,pilot200,246.56690235988864,15,12,100.0,voronoi_outer_polygon,968.9015717043841,11194.014141593321,,,0,6,7,False,110,q3,False,50,0,1,200,0,0.9812019999953918,12,30,19,complete_coverage,random,101,12,8,2958.8028283186636,True
2.0,12,active2,259.55490279990977,12,12,100.0,voronoi_outer_polygon,968.9015717043841,12093.294167994589,,,0,6,7,False,107,q3,False,50,0,1,,0,1.0680155000009108,12,30,24,complete_coverage,random,101,12,8,3114.658833598917,True
,10,breakthrough,314.2978961685555,10,10,100.0,hexagon_analytic,,11834.894808427782,,,0,6,7,,122,q3,False,,0,,,,0.7492034000169951,,31,15,complete_coverage,random,116,10,8,3142.978961685555,
,10,optical_fixed,310.5441936411205,12,10,100.0,voronoi_outer_polygon,968.9015717043841,11697.209682056018,,,0,6,7,False,119,q3,False,50,0,1,,0,0.9040767999831587,12,31,14,complete_coverage,random,115,10,8,3105.441936411205,True
,10,elastic50,309.0557493939309,11,10,100.0,circular_arc_radial,,11642.787469696546,True,9,0,6,7,False,119,q3,False,50,0,1,,0,1.1189457000000402,12,31,14,complete_coverage,random,114,10,13,3090.557493939309,True
,10,pilot200,294.1384579565879,12,10,100.0,voronoi_outer_polygon,968.9015717043841,10846.922897829389,,,0,6,7,False,120,q3,False,50,0,1,200,0,1.2261674999899697,12,31,11,complete_coverage,random,116,10,8,2941.384579565879,True
2.0,10,active2,312.485182676304,13,10,100.0,voronoi_outer_polygon,968.9015717043841,11679.2591338152,,,0,6,7,False,123,q3,False,50,0,1,,0,1.1195382000005338,12,31,15,complete_coverage,random,115,10,8,3124.85182676304,True
,16,breakthrough,211.1962257463265,16,16,100.0,hexagon_analytic,,13490.69805970612,,,0,6,7,,101,q3,False,,0,,,,1.5870237000053748,,32,34,complete_upper_bound,random,96,16,8,3379.139611941224,
,16,optical_fixed,207.75922507420614,16,16,100.0,hexagon_analytic,,13265.738005936493,,,0,6,7,False,99,q3,False,50,0,1,,0,1.6708954999921843,12,32,33,complete_upper_bound,random,96,16,8,3324.1476011872983,True
,16,elastic50,200.59999966573574,17,16,100.0,circular_arc_radial,,12522.999973258864,True,17,0,6,7,False,105,q3,False,50,0,1,,0,1.9272327000217047,12,32,38,complete_upper_bound,random,97,16,12,3209.599994651772,True
,16,pilot200,194.11710118903966,16,16,100.0,hexagon_analytic,,12004.368095123169,,,0,6,7,False,105,q3,False,50,0,1,200,0,1.6577306000108365,12,32,28,complete_upper_bound,random,100,16,8,3105.8736190246345,True
2.0,16,active2,204.616300410176,16,16,100.0,hexagon_analytic,,12999.304032814087,,,0,6,7,False,100,q3,False,50,0,1,,0,1.7261243000102695,12,32,34,complete_upper_bound,random,94,16,8,3273.860806562816,True
,14,breakthrough,216.35960915846562,14,14,100.0,hexagon_analytic,,11510.172641092595,,,0,6,7,,111,q3,False,,0,,,,1.443552799988538,,33,25,complete_coverage,random,102,14,8,3029.0345282185185,
,14,optical_fixed,215.46841563845103,17,14,100.0,voronoi_outer_polygon,968.9015717043841,11427.78909469157,,,0,6,7,False,110,q3,False,50,0,1,,0,1.5030803000263404,12,33,25,complete_coverage,random,102,14,8,3016.5578189383145,True
,14,elastic50,226.76941754300813,14,14,100.0,circular_arc_radial,,12413.859228010568,True,14,0,6,7,False,105,q3,False,50,0,1,,0,2.038559099979466,12,33,29,complete_coverage,random,97,14,12,3174.771845602114,True
,14,pilot200,217.54348306824676,14,14,100.0,voronoi_outer_polygon,968.9015717043841,11748.043814777275,,,0,6,7,False,106,q3,False,50,0,1,200,0,1.373529399977997,12,33,23,complete_coverage,random,96,14,8,3045.6087629554545,True
2.0,14,active2,216.38005786061603,15,14,100.0,voronoi_outer_polygon,968.9015717043841,11531.604050243119,,,0,6,7,False,110,q3,False,50,0,1,,0,1.1544603999936953,12,33,25,complete_coverage,random,100,14,8,3029.3208100486245,True
,10,breakthrough,306.61903033115743,10,10,100.0,hexagon_analytic,,11655.951516557869,,,0,6,7,,115,q3,False,,0,,,,0.7972514999855775,,34,18,complete_coverage,random,110,10,8,3066.190303311574,
,10,optical_fixed,304.18591103337945,10,10,100.0,voronoi_outer_polygon,968.9015717043841,11584.295551668973,,,0,6,7,False,113,q3,False,50,0,1,,0,0.8403481999994256,12,34,19,complete_coverage,random,110,10,8,3041.8591103337944,True
,10,elastic50,283.6122934669603,10,10,100.0,circular_arc_radial,,10570.614673348013,True,12,0,6,7,False,113,q3,False,50,0,1,,0,0.8571503999992274,12,34,21,complete_coverage,random,107,10,17,2836.1229346696027,True
,10,pilot200,301.38871134262445,10,10,100.0,voronoi_outer_polygon,968.9015717043841,11219.43556713122,,,0,6,7,False,121,q3,False,50,0,1,200,0,0.7675630000012461,12,34,16,complete_coverage,random,115,10,8,3013.8871134262445,True
2.0,10,active2,307.46631753679765,10,10,100.0,voronoi_outer_polygon,968.9015717043841,11658.315876839884,,,0,6,7,False,116,q3,False,50,0,1,,0,0.8221543999970891,12,34,21,complete_coverage,random,113,10,8,3074.6631753679767,True
,15,breakthrough,222.4594391505413,15,15,100.0,hexagon_analytic,,12624.457936290597,,,0,6,7,,124,q3,False,,0,,,,1.2340795999916736,,35,36,complete_coverage,random,117,15,8,3336.8915872581197,
,15,optical_fixed,219.8574703656747,16,15,100.0,voronoi_outer_polygon,968.9015717043841,12599.310277425602,,,0,6,7,False,118,q3,False,50,0,1,,0,1.1128095999883953,12,35,32,complete_coverage,random,110,15,8,3297.8620554851204,True
,15,elastic50,203.10212184096923,16,15,100.0,circular_arc_radial,,11667.659138072695,True,14,0,6,7,False,107,q3,False,50,0,1,,0,1.133588199998485,12,35,20,complete_coverage,random,100,15,15,3046.5318276145385,True
,15,pilot200,206.96249638371506,16,15,100.0,voronoi_outer_polygon,968.9015717043841,11967.187228778628,,,0,6,7,False,107,q3,False,50,0,1,200,0,1.2736960999900475,12,35,18,complete_coverage,random,98,15,8,3104.437445755726,True
2.0,15,active2,220.8277860114229,15,15,100.0,voronoi_outer_polygon,968.9015717043841,12697.083950856715,,,0,6,7,False,117,q3,False,50,0,1,,0,1.1969613999826834,12,35,32,complete_coverage,random,113,15,8,3312.416790171343,True
,15,breakthrough,219.6763624018345,15,15,100.0,hexagon_analytic,,12635.727180137581,,,0,6,7,,116,q3,False,,0,,,,1.0837051999988034,,36,25,complete_coverage,random,113,15,8,3295.1454360275175,
,15,optical_fixed,216.3625121780233,17,15,100.0,voronoi_outer_polygon,968.9015717043841,12477.188413351749,,,0,6,7,False,112,q3,False,50,0,1,,0,1.3253967000055127,12,36,25,complete_coverage,random,109,15,8,3245.4376826703497,True
,15,elastic50,230.2078683004387,16,15,100.0,circular_arc_radial,,13535.590122532898,True,8,0,6,7,False,112,q3,False,50,0,1,,0,1.5879588999960106,12,36,26,complete_coverage,random,108,15,14,3453.1180245065802,True
,15,pilot200,212.2837263056899,16,15,100.0,voronoi_outer_polygon,968.9015717043841,12246.279472926735,,,0,6,7,False,110,q3,False,50,0,1,200,0,1.2370427999994718,12,36,22,complete_coverage,random,107,15,8,3184.2558945853484,True
2.0,15,active2,221.2990778966412,18,15,100.0,voronoi_outer_polygon,968.9015717043841,12717.430842248092,,,0,6,7,False,116,q3,False,50,0,1,,0,1.13586729997769,12,36,26,complete_coverage,random,112,15,8,3319.4861684496177,True
,12,breakthrough,282.65840756016127,12,12,100.0,hexagon_analytic,,13199.504453609676,,,0,6,7,,116,q3,False,,0,,,,0.8737660000042524,,37,19,complete_coverage,random,112,12,8,3391.9008907219354,
,12,optical_fixed,280.6878098443938,13,12,100.0,voronoi_outer_polygon,968.9015717043841,13156.268590663629,,,0,6,7,False,113,q3,False,50,0,1,,0,0.8888002999883611,12,37,18,complete_coverage,random,109,12,8,3368.2537181327257,True
,12,elastic50,281.31192527322804,14,12,100.0,circular_arc_radial,,13153.715516393688,True,10,0,6,7,False,114,q3,False,50,0,1,,0,0.879658499994548,12,37,17,complete_coverage,random,109,12,14,3375.7431032787367,True
,12,pilot200,268.01146462750097,13,12,100.0,voronoi_outer_polygon,968.9015717043841,12130.687877650056,,,0,6,7,False,122,q3,False,50,0,1,200,0,0.874863600009121,12,37,15,complete_coverage,random,117,12,8,3216.1375755300114,True
2.0,12,active2,281.10732641905673,12,12,100.0,voronoi_outer_polygon,968.9015717043841,13221.43958514341,,,0,6,7,False,112,q3,False,50,0,1,,0,0.9328757000039332,12,37,18,complete_coverage,random,109,12,8,3373.287917028681,True
,11,breakthrough,279.20636666816426,11,11,100.0,hexagon_analytic,,11641.350166749033,,,0,6,7,,116,q3,False,,0,,,,0.818824299989501,,38,15,complete_coverage,random,108,11,8,3071.270033349807,
,11,optical_fixed,276.6782859415888,11,11,100.0,voronoi_outer_polygon,968.9015717043841,11527.305726787385,,,0,6,7,False,115,q3,False,50,0,1,,0,0.9642695999937132,12,38,15,complete_coverage,random,108,11,8,3043.4611453574767,True
,11,elastic50,271.7817497426318,11,11,100.0,circular_arc_radial,,11312.996235844745,True,18,0,6,7,False,113,q3,False,50,0,1,,0,0.8694207999797072,12,38,13,complete_coverage,random,107,11,15,2989.59924716895,True
,11,pilot200,268.16821207439546,11,11,100.0,voronoi_outer_polygon,968.9015717043841,11079.25166409175,,,0,6,7,False,114,q3,False,50,0,1,200,0,1.0123849000083283,12,38,20,complete_coverage,random,109,11,8,2949.85033281835,True
2.0,11,active2,272.0131025467155,11,11,100.0,voronoi_outer_polygon,968.9015717043841,11215.720640069358,,,0,6,7,False,117,q3,False,50,0,1,,0,0.8998480000009295,12,38,17,complete_coverage,random,109,11,8,2992.1441280138706,True
,14,breakthrough,241.33891762332217,14,14,100.0,hexagon_analytic,,13098.724233632543,,,0,6,7,,116,q3,False,,0,,,,1.0693752999941353,,39,17,complete_coverage,random,109,14,8,3378.7448467265103,
,14,optical_fixed,240.143485444375,15,14,100.0,voronoi_outer_polygon,968.9015717043841,13060.043981106239,,,0,6,7,False,114,q3,False,50,0,1,,0,1.1844744999834802,12,39,17,complete_coverage,random,107,14,8,3362.0087962212497,True
,14,elastic50,242.06051105739365,14,14,100.0,circular_arc_radial,,13144.235774017552,True,20,0,6,7,False,116,q3,False,50,0,1,,0,1.1051443000033032,12,39,19,complete_coverage,random,110,14,12,3388.8471548035113,True
,14,pilot200,228.62625633069598,15,14,100.0,voronoi_outer_polygon,968.9015717043841,12198.837943148714,,,0,6,7,False,116,q3,False,50,0,1,200,0,1.0605613000225276,12,39,15,complete_coverage,random,108,14,8,3200.767588629744,True
2.0,14,active2,251.55131085810171,14,14,100.0,voronoi_outer_polygon,968.9015717043841,13713.591760067126,,,0,6,7,False,119,q3,False,50,0,1,,0,1.553009800001746,12,39,21,complete_coverage,random,114,14,8,3521.718352013424,True
,16,breakthrough,206.4127574175709,16,16,100.0,hexagon_analytic,,13098.020593405674,,,0,6,7,,101,q3,False,,0,,,,2.0427942000096664,,40,35,complete_upper_bound,random,98,16,8,3302.6041186811344,
,16,optical_fixed,205.05583519018552,16,16,100.0,hexagon_analytic,,13039.466815214842,,,0,6,7,False,99,q3,False,50,0,1,,0,1.745447299996158,12,40,35,complete_upper_bound,random,98,16,8,3280.8933630429683,True
,16,elastic50,196.09807481294715,17,16,100.0,circular_arc_radial,,12287.845985035772,True,16,0,6,7,False,100,q3,False,50,0,1,,0,1.4670953000022564,12,40,37,complete_upper_bound,random,97,16,14,3137.5691970071543,True
,16,pilot200,176.35956475949214,16,16,100.0,hexagon_analytic,,10823.76518075937,,,0,6,7,False,97,q3,False,50,0,1,200,0,1.6816273000149522,12,40,22,complete_upper_bound,random,92,16,8,2821.7530361518743,True
2.0,16,active2,204.40900978511172,17,16,100.0,hexagon_analytic,,12947.720782808941,,,0,6,7,False,100,q3,False,50,0,1,,0,1.7683911999920383,12,40,34,complete_upper_bound,random,98,16,8,3270.5441565617875,True
