actual_cleared,algorithm,average_time_s,clear_attempts,cleared,coverage_cell_m,coverage_certificate,coverage_worst_m,distance_m,fallback_count,fixed_nodes_visited,full_scan_count,joint,measures,mode,official_validated,pending_tracks,runtime_s,seed,shared_measures,status,stress,switches,total,uncovered_cells,virtual_time_s,visibility
11,breakthrough,278.93599590968023,11,11,100.0,hexagon_analytic,,11641.47977503241,0,6,7,,115,q3,False,0,0.9058288999949582,1,14,complete_coverage,random,110,11,8,3068.2959550064825,
11,visibility,271.8291289847503,11,11,100.0,hexagon_analytic,,11250.602094161264,0,6,7,False,115,q3,False,0,0.8656496000185143,1,14,complete_coverage,random,110,11,8,2990.120418832253,True
11,ultimate,316.16344695597905,11,11,100.0,voronoi_outer_polygon,970.436641670086,10788.989582578854,0,0,15,True,212,q3,False,0,1.0492766000097618,1,13,complete_coverage,random,205,11,5,3477.79791651577,True
14,breakthrough,235.8246168183703,14,14,100.0,hexagon_analytic,,12732.723177285918,0,6,7,,116,q3,False,0,1.2637251999985892,2,26,complete_coverage,random,105,14,8,3301.544635457184,
14,visibility,234.7434440173907,14,14,100.0,hexagon_analytic,,12737.041081217349,0,6,7,False,113,q3,False,0,1.2328342999971937,2,23,complete_coverage,random,104,14,8,3286.4082162434697,True
14,ultimate,231.89051453583517,14,14,100.0,voronoi_outer_polygon,943.154382549966,10967.336017508467,0,0,13,True,165,q3,False,0,1.1749655000166968,2,23,complete_coverage,random,158,14,2,3246.4672035016924,True
13,breakthrough,245.23904747087394,13,13,100.0,hexagon_analytic,,11985.538085606804,0,6,7,,122,q3,False,0,1.124973800004227,3,17,complete_coverage,random,116,13,8,3188.1076171213613,
13,visibility,248.5307119932106,13,13,100.0,hexagon_analytic,,12199.496279558689,0,6,7,False,122,q3,False,0,1.067808799998602,3,16,complete_coverage,random,116,13,8,3230.899255911738,True
13,ultimate,311.44705577748084,13,13,100.0,voronoi_outer_polygon,959.4389798992696,13749.058625536256,0,0,16,True,206,q3,False,0,1.3473216999846045,3,16,complete_coverage,random,204,13,2,4048.811725107251,True
15,breakthrough,216.18103391418586,15,15,100.0,hexagon_analytic,,12498.577543563937,0,6,7,,112,q3,False,0,1.0972440000041388,4,30,complete_coverage,random,108,15,8,3242.715508712788,
15,visibility,209.15420020912904,15,15,100.0,hexagon_analytic,,12066.565015684679,0,6,7,False,109,q3,False,0,1.0770719000138342,4,27,complete_coverage,random,104,15,8,3137.3130031369355,True
15,ultimate,226.08899157437574,15,15,100.0,voronoi_outer_polygon,968.9015717043841,10991.674368078186,0,0,15,True,188,q3,False,0,1.1946650999889243,4,39,complete_coverage,random,178,15,1,3391.3348736156363,True
11,breakthrough,297.0603877578623,11,11,100.0,hexagon_analytic,,12388.321326682424,0,6,7,,124,q3,False,0,0.8218598999956157,5,14,complete_coverage,random,115,11,8,3267.664265336485,
11,visibility,297.0603877578623,11,11,100.0,hexagon_analytic,,12388.321326682424,0,6,7,False,124,q3,False,0,0.9362448000174481,5,14,complete_coverage,random,115,11,8,3267.664265336485,True
11,ultimate,327.43311104603157,11,11,100.0,voronoi_outer_polygon,979.0079682037278,10898.821107531736,0,0,16,True,229,q3,False,0,0.9053580999898259,5,19,complete_coverage,random,222,11,4,3601.764221506347,True
10,breakthrough,308.85547644622676,10,10,100.0,hexagon_analytic,,11652.773822311336,0,6,7,,119,q3,False,0,0.7919297000044025,6,13,complete_coverage,random,113,10,8,3088.5547644622675,
10,visibility,308.85547644622676,10,10,100.0,hexagon_analytic,,11652.773822311336,0,6,7,False,119,q3,False,0,0.8584403999848291,6,13,complete_coverage,random,113,10,8,3088.5547644622675,True
10,ultimate,406.114526452783,10,10,100.0,voronoi_outer_polygon,874.5000628940359,13315.726322639146,0,0,15,True,226,q3,False,0,0.7874316000088584,6,12,complete_coverage,random,218,10,0,4061.14526452783,True
13,breakthrough,244.12389838351368,13,13,100.0,hexagon_analytic,,12468.053394928393,0,6,7,,104,q3,False,0,0.9681343999982346,7,27,complete_coverage,random,95,13,8,3173.6106789856776,
13,visibility,244.12389838351368,13,13,100.0,hexagon_analytic,,12468.053394928393,0,6,7,False,104,q3,False,0,0.949364499974763,7,27,complete_coverage,random,95,13,8,3173.6106789856776,True
13,ultimate,253.2471051213585,13,13,100.0,voronoi_outer_polygon,968.901571704384,11301.061832888303,0,0,14,True,163,q3,False,0,1.8728037999826483,7,25,complete_coverage,random,152,13,0,3292.2123665776603,True
16,breakthrough,217.98109213662443,16,16,100.0,hexagon_analytic,,13653.487370929959,0,6,7,,114,q3,False,0,1.2474218000133988,8,25,complete_upper_bound,random,107,16,8,3487.697474185991,
16,visibility,207.06017828718487,16,16,100.0,hexagon_analytic,,12724.81426297479,0,6,7,False,116,q3,False,0,1.1593833999941126,8,27,complete_upper_bound,random,108,16,8,3312.962852594958,True
16,ultimate,249.75114475379908,16,16,100.0,not_yet_complete,,14380.091580303928,0,0,15,True,174,q3,False,0,1.32179869999527,8,29,complete_upper_bound,random,170,16,0,3996.0183160607853,True
14,breakthrough,256.98598678547955,14,14,100.0,hexagon_analytic,,14364.019074983566,0,6,7,,111,q3,False,0,1.26805549999699,9,21,complete_coverage,random,100,14,8,3597.8038149967138,
14,visibility,240.8656122291702,14,14,100.0,hexagon_analytic,,13285.592856041912,0,6,7,False,109,q3,False,0,1.148692899994785,9,20,complete_coverage,random,100,14,8,3372.118571208383,True
14,ultimate,264.82309685755644,14,14,100.0,voronoi_outer_polygon,979.8588684569617,12822.61678002895,0,0,16,True,180,q3,False,0,1.1824703000020236,9,23,complete_coverage,random,173,14,2,3707.52335600579,True
13,breakthrough,249.7759865922817,13,13,100.0,hexagon_analytic,,12640.43912849831,0,6,7,,110,q3,False,0,0.9730157000012696,10,15,complete_coverage,random,104,13,8,3247.087825699662,
13,visibility,249.7759865922817,13,13,100.0,hexagon_analytic,,12640.43912849831,0,6,7,False,110,q3,False,0,0.9590812000096776,10,15,complete_coverage,random,104,13,8,3247.087825699662,True
13,ultimate,294.58654336961376,13,13,100.0,voronoi_outer_polygon,968.9015717043836,12683.125319024894,0,0,17,True,206,q3,False,0,1.0282327000168152,10,15,complete_coverage,random,198,13,2,3829.625063804979,True
