actual_cleared,algorithm,average_time_s,clear_attempts,cleared,coverage_cell_m,coverage_certificate,coverage_worst_m,distance_m,elastic,elastic_node_updates,fallback_count,fixed_nodes_visited,full_scan_count,joint,measures,mode,official_validated,optical_trial_radius,pending_tracks,phases,pilot_m,replaced_nodes,runtime_s,scan_gain,seed,shared_measures,status,stress,switches,total,uncovered_cells,virtual_time_s,visibility
11,elastic,289.53919407033123,14,11,100.0,circular_arc_radial,,12249.655673868214,True,9,0,6,7,False,113,q3,False,150,0,1,,0,0.8723455999861471,12,1,14,complete_coverage,random,106,11,15,3184.9311347736434,True
11,elastic50,287.6300820298091,11,11,100.0,circular_arc_radial,,12244.654511639494,True,9,0,6,7,False,111,q3,False,50,0,1,,0,0.8727093999914359,12,1,14,complete_coverage,random,105,11,15,3163.9309023279,True
11,elastic0,290.643604855934,11,11,100.0,circular_arc_radial,,12295.398267076365,True,9,0,6,7,False,115,q3,False,0,0,1,,0,0.8372553999943193,12,1,16,complete_coverage,random,108,11,15,3197.0796534152737,True
11,pilot100,257.0244128066611,11,11,100.0,voronoi_outer_polygon,968.9015717043841,10511.342704366358,,,0,6,7,False,112,q3,False,50,0,1,100,0,0.8340350999787915,12,1,10,complete_coverage,random,110,11,8,2827.268540873272,True
11,pilot200,285.96026962132555,11,11,100.0,voronoi_outer_polygon,968.9015717043841,12057.814829172909,,,0,6,7,False,114,q3,False,50,0,1,200,0,0.855906499986304,12,1,12,complete_coverage,random,109,11,8,3145.562965834581,True
11,pilot300,287.40508111054544,11,11,100.0,voronoi_outer_polygon,968.9015717043841,12162.27946108,,,0,6,7,False,113,q3,False,50,0,1,300,0,0.8218191000050865,12,1,11,complete_coverage,random,109,11,8,3161.455892216,True
14,elastic,219.76818399894142,14,14,100.0,circular_arc_radial,,12023.7728799259,True,23,0,6,7,False,101,q3,False,150,0,1,,0,1.1189251999894623,12,2,22,complete_coverage,random,97,14,13,3076.75457598518,True
14,elastic50,220.70715369620422,14,14,100.0,circular_arc_radial,,12064.500758734295,True,23,0,6,7,False,102,q3,False,50,0,1,,0,1.2089547000068706,12,2,22,complete_coverage,random,97,14,13,3089.900151746859,True
14,elastic0,228.13637052184734,14,14,100.0,circular_arc_radial,,12334.545936529312,True,25,0,6,7,False,111,q3,False,0,0,1,,0,1.089661400008481,12,2,22,complete_coverage,random,102,14,13,3193.909187305863,True
14,pilot100,214.90744087652482,15,14,100.0,voronoi_outer_polygon,968.9015717043841,11498.520861356732,,,0,6,7,False,107,q3,False,50,0,1,100,0,1.190482299978612,12,2,15,complete_coverage,random,101,14,8,3008.7041722713475,True
14,pilot200,213.53572531652085,15,14,100.0,voronoi_outer_polygon,968.9015717043841,11432.500772156454,,,0,6,7,False,106,q3,False,50,0,1,200,0,1.1302538000163622,12,2,14,complete_coverage,random,100,14,8,2989.500154431292,True
14,pilot300,214.30337622852417,15,14,100.0,voronoi_outer_polygon,968.9015717043841,11456.236335996693,,,0,6,7,False,107,q3,False,50,0,1,300,0,1.1422056999872439,12,2,15,complete_coverage,random,101,14,8,3000.2472671993382,True
13,elastic,238.37700791725044,16,13,100.0,circular_arc_radial,,11554.505514621276,True,42,0,6,7,False,120,q3,False,150,0,1,,0,0.9954320999968331,12,3,17,complete_coverage,random,114,13,7,3098.9011029242556,True
13,elastic50,235.61258683210443,13,13,100.0,circular_arc_radial,,11504.818144086783,True,43,0,6,7,False,117,q3,False,50,0,1,,0,0.968605000001844,12,3,17,complete_coverage,random,112,13,7,3062.9636288173574,True
13,elastic0,245.24920339554518,13,13,100.0,circular_arc_radial,,11941.19822071044,True,36,0,6,7,False,124,q3,False,0,0,1,,0,1.014770400011912,12,3,18,complete_coverage,random,115,13,6,3188.2396441420874,True
13,pilot100,294.99687724056315,13,13,100.0,voronoi_outer_polygon,968.9015717043841,15364.797020636603,,,0,6,7,False,117,q3,False,50,0,1,100,0,0.9762919999775477,12,3,7,complete_coverage,random,112,13,8,3834.959404127321,True
13,pilot200,290.9675660888817,14,13,100.0,voronoi_outer_polygon,968.9015717043841,15057.891795777308,,,0,6,7,False,118,q3,False,50,0,1,200,0,1.0281730999995489,12,3,7,complete_coverage,random,113,13,8,3782.5783591554623,True
13,pilot300,290.8137792020333,13,13,100.0,voronoi_outer_polygon,968.9015717043841,15122.895648132162,,,0,6,7,False,116,q3,False,50,0,1,300,0,0.9989202000142541,12,3,8,complete_coverage,random,111,13,8,3780.579129626433,True
15,elastic,203.99003186199337,19,15,100.0,circular_arc_radial,,11549.252389649499,True,23,0,6,7,False,111,q3,False,150,0,1,,0,1.1855546000006143,12,4,29,complete_coverage,random,108,15,11,3059.8504779299005,True
15,elastic50,202.5312242813156,17,15,100.0,circular_arc_radial,,11479.841821098667,True,23,0,6,7,False,111,q3,False,50,0,1,,0,1.1532850000075996,12,4,31,complete_coverage,random,106,15,12,3037.9683642197338,True
15,elastic0,202.35308782889462,15,15,100.0,circular_arc_radial,,11501.481587167096,True,23,0,6,7,False,111,q3,False,0,0,1,,0,1.2566469000012148,12,4,30,complete_coverage,random,105,15,12,3035.296317433419,True
15,pilot100,211.35349445388312,15,15,100.0,voronoi_outer_polygon,968.9015717043841,11946.512084041238,,,0,6,7,False,119,q3,False,50,0,1,100,0,1.1900510000123177,12,4,31,complete_coverage,random,111,15,8,3170.3024168082466,True
15,pilot200,205.52508934623984,15,15,100.0,voronoi_outer_polygon,968.9015717043841,11594.381700967993,,,0,6,7,False,116,q3,False,50,0,1,200,0,1.1645848999905866,12,4,28,complete_coverage,random,109,15,8,3082.8763401935976,True
15,pilot300,204.83800918172793,16,15,100.0,voronoi_outer_polygon,968.9015717043841,11637.850688629596,,,0,6,7,False,112,q3,False,50,0,1,300,0,1.3573582999815699,12,4,24,complete_coverage,random,107,15,8,3072.570137725919,True
11,elastic,280.5243227227664,12,11,100.0,circular_arc_radial,,11663.83774975215,True,20,0,6,7,False,117,q3,False,150,0,1,,0,0.8567659000109416,12,5,15,complete_coverage,random,110,11,9,3085.7675499504303,True
11,elastic50,284.72096246329414,12,11,100.0,circular_arc_radial,,11774.652935481174,True,21,0,6,7,False,121,q3,False,50,0,1,,0,0.8551267999864649,12,5,15,complete_coverage,random,114,11,9,3131.9305870962353,True
11,elastic0,288.20775610025845,11,11,100.0,circular_arc_radial,,11896.426585514215,True,25,0,6,7,False,124,q3,False,0,0,1,,0,0.8494441000220831,12,5,15,complete_coverage,random,116,11,10,3170.285317102843,True
11,pilot100,290.29395992545227,13,11,100.0,voronoi_outer_polygon,968.9015717043841,12066.16779589987,,,0,6,7,False,121,q3,False,50,0,1,100,0,0.8136272999981884,12,5,12,complete_coverage,random,114,11,8,3193.2335591799747,True
11,pilot200,277.3395048966689,11,11,100.0,voronoi_outer_polygon,968.9015717043841,11463.672769316789,,,0,6,7,False,118,q3,False,50,0,1,200,0,0.9264116999984253,12,5,12,complete_coverage,random,113,11,8,3050.734553863358,True
11,pilot300,279.79701742919,11,11,100.0,voronoi_outer_polygon,968.9015717043841,11598.835958605448,,,0,6,7,False,118,q3,False,50,0,1,300,0,0.837180200003786,12,5,12,complete_coverage,random,113,11,8,3077.76719172109,True
10,elastic,301.7210289238807,12,10,100.0,circular_arc_radial,,11331.051446194027,True,12,0,6,7,False,117,q3,False,150,0,1,,0,0.7961889999860432,12,6,13,complete_coverage,random,110,10,15,3017.2102892388066,True
10,elastic50,300.186747806341,11,10,100.0,circular_arc_radial,,11294.337390317041,True,12,0,6,7,False,116,q3,False,50,0,1,,0,0.7550418999744579,12,6,13,complete_coverage,random,110,10,15,3001.8674780634096,True
10,elastic0,304.3403137756019,10,10,100.0,circular_arc_radial,,11427.015688780088,True,12,0,6,7,False,119,q3,False,0,0,1,,0,0.7300845000136178,12,6,13,complete_coverage,random,113,10,15,3043.4031377560186,True
10,pilot100,301.0389017400694,11,10,100.0,voronoi_outer_polygon,968.9015717043841,10886.945087003469,,,0,6,7,False,131,q3,False,50,0,1,100,0,0.7327145000163,12,6,11,complete_coverage,random,125,10,8,3010.389017400694,True
10,pilot200,302.83198526306523,11,10,100.0,voronoi_outer_polygon,968.9015717043841,11001.59926315326,,,0,6,7,False,130,q3,False,50,0,1,200,0,0.7489651000068989,12,6,10,complete_coverage,random,125,10,8,3028.3198526306523,True
10,pilot300,302.347639304353,11,10,100.0,voronoi_outer_polygon,968.9015717043841,11017.381965217648,,,0,6,7,False,129,q3,False,50,0,1,300,0,0.7340140999876894,12,6,9,complete_coverage,random,122,10,8,3023.4763930435297,True
13,elastic,237.27903918510935,15,13,100.0,circular_arc_radial,,11958.13754703211,True,10,0,6,7,False,105,q3,False,150,0,1,,0,0.9387762000260409,12,7,28,complete_coverage,random,97,13,13,3084.6275094064217,True
13,elastic50,235.39715921664674,13,13,100.0,circular_arc_radial,,11955.815349082039,True,10,0,6,7,False,102,q3,False,50,0,1,,0,1.0856413999863435,12,7,27,complete_coverage,random,94,13,13,3060.1630698164076,True
13,elastic0,239.64249286838017,13,13,100.0,circular_arc_radial,,12081.762036444712,True,10,0,6,7,False,107,q3,False,0,0,1,,0,1.012822699995013,12,7,27,complete_coverage,random,99,13,13,3115.3524072889422,True
13,pilot100,225.69353671293362,14,13,100.0,voronoi_outer_polygon,968.9015717043841,11220.079886340687,,,0,6,7,False,105,q3,False,50,0,1,100,0,1.0647597000061069,12,7,19,complete_coverage,random,97,13,8,2934.0159772681372,True
13,pilot200,216.49248484408255,13,13,100.0,voronoi_outer_polygon,968.9015717043841,10362.01151486537,,,0,6,7,False,114,q3,False,50,0,1,200,0,1.4218872000055853,12,7,28,complete_coverage,random,107,13,8,2814.4023029730733,True
13,pilot300,216.93601726637482,14,13,100.0,voronoi_outer_polygon,968.9015717043841,10375.841122314365,,,0,6,7,False,114,q3,False,50,0,1,300,0,1.5483629000082146,12,7,28,complete_coverage,random,107,13,8,2820.168224462873,True
16,elastic,208.95165586862663,20,16,100.0,circular_arc_radial,,12871.132469490134,True,19,0,6,7,False,114,q3,False,150,0,1,,0,1.7517018999787979,12,8,25,complete_upper_bound,random,107,16,12,3343.226493898026,True
16,elastic50,206.93669187918942,17,16,100.0,circular_arc_radial,,12804.935350335152,True,19,0,6,7,False,112,q3,False,50,0,1,,0,1.605495099996915,12,8,25,complete_upper_bound,random,107,16,12,3310.987070067031,True
16,elastic0,208.8551780626108,16,16,100.0,circular_arc_radial,,12898.414245008862,True,18,0,6,7,False,115,q3,False,0,0,1,,0,1.6632671000261325,12,8,25,complete_upper_bound,random,107,16,12,3341.682849001773,True
16,pilot100,196.32359223683025,18,16,100.0,hexagon_analytic,,11740.887378946423,,,0,6,7,False,119,q3,False,50,0,1,100,0,1.6089709000079893,12,8,24,complete_upper_bound,random,112,16,8,3141.177475789284,True
16,pilot200,192.90638538819272,18,16,100.0,not_yet_complete,,12087.510831055417,,,0,5,6,False,98,q3,False,50,0,1,200,0,1.6222521000017878,12,8,23,complete_upper_bound,random,93,16,103,3086.5021662110835,True
16,pilot300,197.83873731702735,18,16,100.0,hexagon_analytic,,11892.098985362187,,,0,6,7,False,118,q3,False,50,0,1,300,0,1.6539455000020098,12,8,25,complete_upper_bound,random,111,16,8,3165.4197970724376,True
14,elastic,237.74448269534878,16,14,100.0,circular_arc_radial,,13177.11378867441,True,26,0,6,7,False,104,q3,False,150,0,1,,0,1.698587699997006,12,9,20,complete_coverage,random,97,14,15,3328.422757734883,True
14,elastic50,238.7134460554874,14,14,100.0,circular_arc_radial,,13249.94122388411,True,27,0,6,7,False,105,q3,False,50,0,1,,0,1.527911800018046,12,9,20,complete_coverage,random,97,14,15,3341.9882447768236,True
14,elastic0,240.6000181487516,14,14,100.0,circular_arc_radial,,13327.001270412606,True,28,0,6,7,False,107,q3,False,0,0,1,,0,1.500844300026074,12,9,20,complete_coverage,random,98,14,15,3368.400254082522,True
14,pilot100,234.95493150784185,16,14,100.0,voronoi_outer_polygon,968.9015717043841,12751.845205548929,,,0,6,7,False,112,q3,False,50,0,1,100,0,1.5544600999855902,12,9,17,complete_coverage,random,103,14,8,3289.369041109786,True
14,pilot200,235.56290783402756,16,14,100.0,voronoi_outer_polygon,968.9015717043841,12829.403548381928,,,0,6,7,False,111,q3,False,50,0,1,200,0,1.2478818999952637,12,9,17,complete_coverage,random,101,14,8,3297.880709676386,True
14,pilot300,240.62458369850452,16,14,100.0,voronoi_outer_polygon,968.9015717043841,13088.720858895314,,,0,6,7,False,114,q3,False,50,0,1,300,0,1.007219699997222,12,9,20,complete_coverage,random,105,14,8,3368.7441717790634,True
13,elastic,268.87836979514896,15,13,100.0,circular_arc_radial,,13862.094036684677,True,22,0,6,7,False,109,q3,False,150,0,1,,0,0.9754112999944482,12,10,15,complete_coverage,random,107,13,14,3495.4188073369364,True
13,elastic50,267.2809799606484,13,13,100.0,circular_arc_radial,,13823.263697442144,True,24,0,6,7,False,108,q3,False,50,0,1,,0,0.9463028000027407,12,10,15,complete_coverage,random,105,13,14,3474.6527394884292,True
13,elastic0,269.5052993528187,13,13,100.0,circular_arc_radial,,13892.844457933214,True,24,0,6,7,False,111,q3,False,0,0,1,,0,0.9338625999807846,12,10,15,complete_coverage,random,105,13,14,3503.568891586643,True
13,pilot100,249.99066911257776,13,13,100.0,voronoi_outer_polygon,968.9015717043841,12604.393492317551,,,0,6,7,False,111,q3,False,50,0,1,100,0,0.9300881999952253,12,10,15,complete_coverage,random,109,13,8,3249.878698463511,True
13,pilot200,251.3609469373115,14,13,100.0,voronoi_outer_polygon,968.9015717043841,12663.461550925244,,,0,6,7,False,112,q3,False,50,0,1,200,0,1.0809632999880705,12,10,16,complete_coverage,random,107,13,8,3267.6923101850493,True
13,pilot300,253.91620440158118,14,13,100.0,voronoi_outer_polygon,968.9015717043841,12829.553286102775,,,0,6,7,False,112,q3,False,50,0,1,300,0,1.0678224000148475,12,10,15,complete_coverage,random,107,13,8,3300.9106572205555,True
