actual_cleared,algorithm,average_time_s,clear_attempts,cleared,coverage_cell_m,coverage_certificate,coverage_worst_m,distance_m,fallback_count,fixed_nodes_visited,full_scan_count,hex_radius,joint,measures,mode,official_validated,optical_trial_radius,pending_tracks,phases,replaced_nodes,rotate,runtime_s,scan_gain,seed,shared_measures,status,stress,switches,total,uncovered_cells,virtual_time_s,visibility
11,v2,311.000327949625,11,11,100.0,voronoi_outer_polygon,968.9015717043841,13165.018037229378,0,0,8,,True,123,q3,False,0,0,1,,,1.0816163000126835,12,1,11,complete_coverage,random,118,11,8,3421.003607445875,True
11,combined,290.7674058552525,12,11,100.0,voronoi_outer_polygon,968.9015717043839,11947.207322038881,0,0,8,,True,126,q3,False,50,0,6,,,1.8432336999976542,12,1,13,complete_coverage,random,121,11,4,3198.4414644077774,True
11,r1200,318.2516887565586,12,11,100.0,hexagon_analytic,,13638.84288161072,0,6,7,1200,False,120,q3,False,50,0,1,,True,1.1029086999769788,12,1,13,complete_coverage,random,115,11,6,3500.768576322145,True
11,r1450,332.36676234636104,12,11,100.0,hexagon_analytic,,14360.171929049853,0,6,7,1450,False,122,q3,False,50,0,1,,True,1.0620355999853928,12,1,15,complete_coverage,random,116,11,0,3656.0343858099714,True
11,r1650,322.8830981044263,11,11,100.0,hexagon_analytic,,13883.570395743453,0,6,7,1650,False,121,q3,False,50,0,1,,True,0.9946723000030033,12,1,13,complete_coverage,random,115,11,2,3551.7140791486895,True
11,v4,269.54451167933405,11,11,100.0,voronoi_outer_polygon,968.9015717043841,11204.948142363372,0,6,7,,False,112,q3,False,50,0,1,0,,1.1255971000064164,12,1,13,complete_coverage,random,109,11,8,2964.9896284726747,True
11,optical_fixed,269.54451167933405,11,11,100.0,voronoi_outer_polygon,968.9015717043841,11204.948142363372,0,6,7,,False,112,q3,False,50,0,1,0,,1.1131194999907166,12,1,13,complete_coverage,random,109,11,8,2964.9896284726747,True
11,v4_no_optical,271.8291289847503,11,11,100.0,voronoi_outer_polygon,968.9015717043841,11250.602094161264,0,6,7,,False,115,q3,False,0,0,1,0,,1.1316922999976669,12,1,14,complete_coverage,random,110,11,8,2990.120418832253,True
11,trial50,269.54451167933405,11,11,100.0,voronoi_outer_polygon,968.9015717043841,11204.948142363372,0,6,7,,False,112,q3,False,50,0,1,0,,1.0718268000055104,12,1,13,complete_coverage,random,109,11,8,2964.9896284726747,True
11,trial150,270.7073225071726,13,11,100.0,voronoi_outer_polygon,968.9015717043841,11223.902737894494,0,6,7,,False,113,q3,False,150,0,1,0,,1.1508963000087533,12,1,13,complete_coverage,random,107,11,8,2977.7805475788987,True
11,trial300,271.79939782427135,14,11,100.0,voronoi_outer_polygon,968.9015717043841,11208.966880334925,0,6,7,,False,115,q3,False,300,0,1,0,,1.0678611999901477,12,1,14,complete_coverage,random,109,11,8,2989.793376066985,True
14,v2,234.83042776521387,14,14,100.0,voronoi_outer_polygon,968.9015717043839,12618.129943564976,0,0,8,,True,117,q3,False,0,0,1,,,1.6628939000074752,12,2,21,complete_coverage,random,109,14,5,3287.625988712994,True
14,combined,213.50326074274554,15,14,100.0,voronoi_outer_polygon,987.3308910804024,11035.228251992186,0,0,7,,True,119,q3,False,50,0,6,,,2.160446599998977,12,2,25,complete_coverage,random,114,14,6,2989.0456503984374,True
14,r1200,219.52518819963024,15,14,100.0,hexagon_analytic,,11741.763173974114,0,6,7,1200,False,109,q3,False,50,0,1,,True,1.4076433000154793,12,2,26,complete_coverage,random,107,14,12,3073.352634794823,True
14,r1450,226.97105172020275,15,14,100.0,hexagon_analytic,,12362.973620414195,0,6,7,1450,False,106,q3,False,50,0,1,,True,1.3292621999862604,12,2,22,complete_coverage,random,102,14,0,3177.5947240828386,True
14,r1650,246.41698712299927,14,14,100.0,hexagon_analytic,,13789.189098609944,0,6,7,1650,False,104,q3,False,50,0,1,,True,1.2991956000041682,12,2,21,complete_coverage,random,102,14,2,3449.83781972199,True
14,v4,228.06957607506348,16,14,100.0,voronoi_outer_polygon,968.9015717043841,12524.870325254444,0,6,7,,False,103,q3,False,50,0,1,0,,1.3329517999954987,12,2,21,complete_coverage,random,97,14,8,3192.974065050889,True
14,optical_fixed,228.06957607506348,16,14,100.0,voronoi_outer_polygon,968.9015717043841,12524.870325254444,0,6,7,,False,103,q3,False,50,0,1,0,,1.3970894000085536,12,2,21,complete_coverage,random,97,14,8,3192.974065050889,True
14,v4_no_optical,234.7434440173907,14,14,100.0,voronoi_outer_polygon,968.9015717043841,12737.041081217349,0,6,7,,False,113,q3,False,0,0,1,0,,1.4910794000024907,12,2,23,complete_coverage,random,104,14,8,3286.4082162434697,True
14,trial50,228.06957607506348,16,14,100.0,voronoi_outer_polygon,968.9015717043841,12524.870325254444,0,6,7,,False,103,q3,False,50,0,1,0,,1.3815640999819152,12,2,21,complete_coverage,random,97,14,8,3192.974065050889,True
14,trial150,227.25697517725413,16,14,100.0,voronoi_outer_polygon,968.9015717043841,12492.98826240779,0,6,7,,False,102,q3,False,150,0,1,0,,1.196736600017175,12,2,21,complete_coverage,random,97,14,8,3181.597652481558,True
14,trial300,227.25697517725413,16,14,100.0,voronoi_outer_polygon,968.9015717043841,12492.98826240779,0,6,7,,False,102,q3,False,300,0,1,0,,1.0919477000134066,12,2,21,complete_coverage,random,97,14,8,3181.597652481558,True
13,v2,309.6060017535656,13,13,100.0,voronoi_outer_polygon,973.6682303431658,15759.39011398176,0,0,9,,True,136,q3,False,0,0,1,,,1.221463900001254,12,3,14,complete_coverage,random,128,13,3,4024.8780227963525,True
13,combined,263.66437068491734,13,13,100.0,voronoi_outer_polygon,981.7546385480679,13328.184094519622,0,0,7,,True,117,q3,False,50,0,6,,,1.6364694999938365,12,3,11,complete_coverage,random,112,13,7,3427.6368189039254,True
13,r1200,273.77686019304997,13,13,100.0,hexagon_analytic,,14100.495912548246,0,6,7,1200,False,113,q3,False,50,0,1,,True,1.0137579999864101,12,3,14,complete_coverage,random,109,13,6,3559.0991825096494,True
13,r1450,268.2159394313209,13,13,100.0,hexagon_analytic,,13754.03606303586,0,6,7,1450,False,113,q3,False,50,0,1,,True,0.9441271999967285,12,3,13,complete_coverage,random,106,13,0,3486.807212607172,True
13,r1650,269.013496680412,13,13,100.0,hexagon_analytic,,13615.877284226777,0,6,7,1650,False,119,q3,False,50,0,1,,True,0.9612937000056263,12,3,14,complete_coverage,random,114,13,2,3497.175456845356,True
13,v4,247.22463552321398,15,13,100.0,voronoi_outer_polygon,968.9015717043841,12119.601309008904,0,6,7,,False,121,q3,False,50,0,1,0,,0.9721312000183389,12,3,16,complete_coverage,random,114,13,8,3213.9202618017816,True
13,optical_fixed,247.22463552321398,15,13,100.0,voronoi_outer_polygon,968.9015717043841,12119.601309008904,0,6,7,,False,121,q3,False,50,0,1,0,,0.9621004999789875,12,3,16,complete_coverage,random,114,13,8,3213.9202618017816,True
13,v4_no_optical,248.5307119932106,13,13,100.0,voronoi_outer_polygon,968.9015717043841,12199.496279558689,0,6,7,,False,122,q3,False,0,0,1,0,,1.0044366999936756,12,3,16,complete_coverage,random,116,13,8,3230.899255911738,True
13,trial50,247.22463552321398,15,13,100.0,voronoi_outer_polygon,968.9015717043841,12119.601309008904,0,6,7,,False,121,q3,False,50,0,1,0,,0.9659558999992441,12,3,16,complete_coverage,random,114,13,8,3213.9202618017816,True
13,trial150,247.30960899194133,18,13,100.0,voronoi_outer_polygon,968.9015717043841,12080.124584476182,0,6,7,,False,121,q3,False,150,0,1,0,,1.0424381000048015,12,3,16,complete_coverage,random,114,13,8,3215.0249168952373,True
13,trial300,247.17369851943357,18,13,100.0,voronoi_outer_polygon,968.9015717043841,12071.290403763176,0,6,7,,False,121,q3,False,300,0,1,0,,0.9748994999972638,12,3,16,complete_coverage,random,114,13,8,3213.2580807526365,True
15,v2,215.1962122166978,15,15,100.0,voronoi_outer_polygon,997.0682931648963,12054.715916252333,0,0,8,,True,125,q3,False,0,0,1,,,1.229599300015252,12,4,27,complete_coverage,random,117,15,6,3227.943183250467,True
15,combined,259.7384468062001,15,15,100.0,voronoi_outer_polygon,968.9015717043839,15675.383510465002,0,0,9,,True,115,q3,False,50,0,6,,,1.8339123999758158,12,4,24,complete_coverage,random,111,15,4,3896.076702093001,True
15,r1200,204.44989770168533,15,15,100.0,hexagon_analytic,,11643.742327626403,0,6,7,1200,False,112,q3,False,50,0,1,,True,1.3662384999915957,12,4,36,complete_coverage,random,103,15,6,3066.74846552528,True
15,r1450,219.6266312485121,15,15,100.0,hexagon_analytic,,13001.997343638408,0,6,7,1450,False,104,q3,False,50,0,1,,True,1.147929099999601,12,4,29,complete_coverage,random,99,15,0,3294.3994687276813,True
15,r1650,240.90431493158482,16,15,100.0,hexagon_analytic,,14227.823619868866,0,6,7,1650,False,116,q3,False,50,0,1,,True,1.2665429999760818,12,4,32,complete_coverage,random,110,15,2,3613.5647239737723,True
15,v4,208.1579913727662,17,15,100.0,voronoi_outer_polygon,968.9015717043841,12016.849352957463,0,6,7,,False,107,q3,False,50,0,1,0,,1.2023538000066765,12,4,26,complete_coverage,random,103,15,8,3122.369870591493,True
15,optical_fixed,208.1579913727662,17,15,100.0,voronoi_outer_polygon,968.9015717043841,12016.849352957463,0,6,7,,False,107,q3,False,50,0,1,0,,1.2116509999905247,12,4,26,complete_coverage,random,103,15,8,3122.369870591493,True
15,v4_no_optical,209.15420020912904,15,15,100.0,voronoi_outer_polygon,968.9015717043841,12066.565015684679,0,6,7,,False,109,q3,False,0,0,1,0,,1.4491507999773603,12,4,27,complete_coverage,random,104,15,8,3137.3130031369355,True
15,trial50,208.1579913727662,17,15,100.0,voronoi_outer_polygon,968.9015717043841,12016.849352957463,0,6,7,,False,107,q3,False,50,0,1,0,,1.5669626999879256,12,4,26,complete_coverage,random,103,15,8,3122.369870591493,True
15,trial150,208.74076572978495,18,15,100.0,voronoi_outer_polygon,968.9015717043841,12040.557429733877,0,6,7,,False,107,q3,False,150,0,1,0,,1.1592154999962077,12,4,26,complete_coverage,random,104,15,8,3131.1114859467743,True
15,trial300,208.74076572978495,18,15,100.0,voronoi_outer_polygon,968.9015717043841,12040.557429733877,0,6,7,,False,107,q3,False,300,0,1,0,,1.1765551999851596,12,4,26,complete_coverage,random,104,15,8,3131.1114859467743,True
11,v2,315.66149534503427,11,11,100.0,voronoi_outer_polygon,968.9015717043841,12996.382243976881,0,0,8,,True,138,q3,False,0,0,1,,,0.9014201999816578,12,5,13,complete_coverage,random,128,11,6,3472.276448795377,True
11,combined,302.3871798880868,12,11,100.0,voronoi_outer_polygon,982.8911582845591,12376.294893844775,0,0,9,,True,133,q3,False,50,0,6,,,1.5987077000027057,12,5,17,complete_coverage,random,128,11,6,3326.2589787689544,True
11,r1200,293.3499849290727,12,11,100.0,hexagon_analytic,,12264.249171099,0,6,7,1200,False,120,q3,False,50,0,1,,True,0.8206988000019919,12,5,12,complete_coverage,random,116,11,12,3226.8498342198,True
11,r1450,300.5933945670782,11,11,100.0,hexagon_analytic,,12792.636701189296,0,6,7,1450,False,116,q3,False,50,0,1,,True,0.8532814000209328,12,5,11,complete_coverage,random,113,11,0,3306.52734023786,True
11,r1650,309.46839449552016,12,11,100.0,hexagon_analytic,,13245.76169725361,0,6,7,1650,False,117,q3,False,50,0,1,,True,0.8205458000011276,12,5,11,complete_coverage,random,112,11,2,3404.1523394507217,True
11,v4,293.25464718122544,13,11,100.0,voronoi_outer_polygon,968.9015717043841,12249.005594967395,0,6,7,,False,120,q3,False,50,0,1,0,,0.8670182999921963,12,5,14,complete_coverage,random,115,11,8,3225.8011189934796,True
11,optical_fixed,293.25464718122544,13,11,100.0,voronoi_outer_polygon,968.9015717043841,12249.005594967395,0,6,7,,False,120,q3,False,50,0,1,0,,0.8164720000058878,12,5,14,complete_coverage,random,115,11,8,3225.8011189934796,True
11,v4_no_optical,297.0603877578623,11,11,100.0,voronoi_outer_polygon,968.9015717043841,12388.321326682424,0,6,7,,False,124,q3,False,0,0,1,0,,0.884799399995245,12,5,14,complete_coverage,random,115,11,8,3267.664265336485,True
11,trial50,293.25464718122544,13,11,100.0,voronoi_outer_polygon,968.9015717043841,12249.005594967395,0,6,7,,False,120,q3,False,50,0,1,0,,0.9025993999966886,12,5,14,complete_coverage,random,115,11,8,3225.8011189934796,True
11,trial150,289.6689450644666,13,11,100.0,voronoi_outer_polygon,968.9015717043841,12136.79197854566,0,6,7,,False,117,q3,False,150,0,1,0,,0.9518939999979921,12,5,14,complete_coverage,random,113,11,8,3186.3583957091323,True
11,trial300,289.10325333190355,13,11,100.0,voronoi_outer_polygon,968.9015717043841,12105.678933254694,0,6,7,,False,117,q3,False,300,0,1,0,,0.862336599995615,12,5,14,complete_coverage,random,113,11,8,3180.1357866509393,True
10,v2,308.85547644622676,10,10,100.0,voronoi_outer_polygon,968.9015717043841,11652.773822311336,0,0,7,,True,119,q3,False,0,0,1,,,1.0246581999817863,12,6,13,complete_coverage,random,113,10,8,3088.5547644622675,True
10,combined,311.2337668238198,10,10,100.0,voronoi_outer_polygon,981.2077624858165,11311.688341190988,0,0,8,,True,135,q3,False,50,0,6,,,1.3570554000034463,12,6,12,complete_coverage,random,125,10,5,3112.3376682381977,True
10,r1200,322.59202924239133,10,10,100.0,hexagon_analytic,,12204.601462119563,0,6,7,1200,False,124,q3,False,50,0,1,,True,0.7589482000039425,12,6,10,complete_coverage,random,115,10,12,3225.9202924239135,True
10,r1450,334.2499702634673,10,10,100.0,hexagon_analytic,,12792.498513173361,0,6,7,1450,False,124,q3,False,50,0,1,,True,0.8410841999866534,12,6,10,complete_coverage,random,114,10,0,3342.4997026346728,True
10,r1650,317.59906652880466,10,10,100.0,hexagon_analytic,,12119.95332644023,0,6,7,1650,False,118,q3,False,50,0,1,,True,0.7008920999942347,12,6,10,complete_coverage,random,112,10,2,3175.9906652880463,True
10,v4,306.5323524436327,11,10,100.0,voronoi_outer_polygon,968.9015717043841,11571.617622181635,0,6,7,,False,117,q3,False,50,0,1,0,,0.7718155999900773,12,6,13,complete_coverage,random,113,10,8,3065.323524436327,True
10,optical_fixed,306.5323524436327,11,10,100.0,voronoi_outer_polygon,968.9015717043841,11571.617622181635,0,6,7,,False,117,q3,False,50,0,1,0,,0.7333097999799065,12,6,13,complete_coverage,random,113,10,8,3065.323524436327,True
10,v4_no_optical,308.85547644622676,10,10,100.0,voronoi_outer_polygon,968.9015717043841,11652.773822311336,0,6,7,,False,119,q3,False,0,0,1,0,,0.7870523000019602,12,6,13,complete_coverage,random,113,10,8,3088.5547644622675,True
10,trial50,306.5323524436327,11,10,100.0,voronoi_outer_polygon,968.9015717043841,11571.617622181635,0,6,7,,False,117,q3,False,50,0,1,0,,0.7445823000161909,12,6,13,complete_coverage,random,113,10,8,3065.323524436327,True
10,trial150,307.32994775138377,12,10,100.0,voronoi_outer_polygon,968.9015717043841,11571.497387569187,0,6,7,,False,118,q3,False,150,0,1,0,,0.9356848000024911,12,6,13,complete_coverage,random,113,10,8,3073.2994775138377,True
10,trial300,305.9158177006218,12,10,100.0,voronoi_outer_polygon,968.9015717043841,11525.79088503109,0,6,7,,False,117,q3,False,300,0,1,0,,0.8114614000078291,12,6,13,complete_coverage,random,113,10,8,3059.158177006218,True
13,v2,244.12389838351368,13,13,100.0,voronoi_outer_polygon,968.9015717043841,12468.053394928393,0,0,7,,True,104,q3,False,0,0,1,,,1.121368199994322,12,7,27,complete_coverage,random,95,13,8,3173.6106789856776,True
13,combined,231.49307371380155,13,13,100.0,voronoi_outer_polygon,968.9015717043841,11072.0497913971,0,0,9,,True,123,q3,False,50,0,6,,,1.7957821000018157,12,7,26,complete_coverage,random,115,13,5,3009.40995827942,True
13,r1200,218.76129706166046,13,13,100.0,hexagon_analytic,,10619.484309007934,0,6,7,1200,False,110,q3,False,50,0,1,,True,0.9809029000170995,12,7,26,complete_coverage,random,105,13,6,2843.896861801586,True
13,r1450,235.83811371486186,13,13,100.0,hexagon_analytic,,11974.477391466018,0,6,7,1450,False,102,q3,False,50,0,1,,True,1.0471013999776915,12,7,24,complete_coverage,random,96,13,0,3065.895478293204,True
13,r1650,257.09176768917007,14,13,100.0,hexagon_analytic,,13160.964899796056,0,6,7,1650,False,108,q3,False,50,0,1,,True,0.9660023000033107,12,7,23,complete_coverage,random,102,13,2,3342.1929799592112,True
13,v4,244.05805279803252,14,13,100.0,voronoi_outer_polygon,968.9015717043841,12488.773431872116,0,6,7,,False,103,q3,False,50,0,1,0,,0.9995665999886114,12,7,26,complete_coverage,random,92,13,8,3172.754686374423,True
13,optical_fixed,244.05805279803252,14,13,100.0,voronoi_outer_polygon,968.9015717043841,12488.773431872116,0,6,7,,False,103,q3,False,50,0,1,0,,0.9637613999948371,12,7,26,complete_coverage,random,92,13,8,3172.754686374423,True
13,v4_no_optical,244.12389838351368,13,13,100.0,voronoi_outer_polygon,968.9015717043841,12468.053394928393,0,6,7,,False,104,q3,False,0,0,1,0,,1.6740789999894332,12,7,27,complete_coverage,random,95,13,8,3173.6106789856776,True
13,trial50,244.05805279803252,14,13,100.0,voronoi_outer_polygon,968.9015717043841,12488.773431872116,0,6,7,,False,103,q3,False,50,0,1,0,,1.679025699995691,12,7,26,complete_coverage,random,92,13,8,3172.754686374423,True
13,trial150,244.01837223146174,15,13,100.0,voronoi_outer_polygon,968.9015717043841,12436.194195045013,0,6,7,,False,104,q3,False,150,0,1,0,,1.6073573000030592,12,7,27,complete_coverage,random,94,13,8,3172.2388390090027,True
13,trial300,245.00414235009177,17,13,100.0,voronoi_outer_polygon,968.9015717043841,12440.269252755967,0,6,7,,False,105,q3,False,300,0,1,0,,1.4709514999995008,12,7,27,complete_coverage,random,95,13,8,3185.053850551193,True
16,v2,210.2294055084514,16,16,100.0,not_yet_complete,,13008.352440676112,0,0,7,,True,115,q3,False,0,0,1,,,1.797137899993686,12,8,24,complete_upper_bound,random,107,16,25,3363.6704881352225,True
16,combined,209.4166601003824,17,16,100.0,not_yet_complete,,12943.332808030586,0,0,7,,True,114,q3,False,50,0,6,,,2.731898400001228,12,8,31,complete_upper_bound,random,109,16,52,3350.666561606118,True
16,r1200,215.4810162466261,16,16,100.0,hexagon_analytic,,13453.48129973009,0,6,7,1200,False,114,q3,False,50,0,1,,True,1.7220781999931205,12,8,37,complete_upper_bound,random,107,16,6,3447.6962599460176,True
16,r1450,213.79804524220123,16,16,100.0,hexagon_analytic,,13748.843619376099,0,6,7,1450,False,99,q3,False,50,0,1,,True,1.692824700003257,12,8,22,complete_upper_bound,random,96,16,0,3420.7687238752196,True
16,r1650,244.74558270794356,18,16,100.0,hexagon_analytic,,16239.646616635477,0,6,7,1650,False,98,q3,False,50,0,1,,True,1.6696623000025284,12,8,21,complete_upper_bound,random,92,16,2,3915.929323327097,True
16,v4,206.24730123633077,18,16,100.0,hexagon_analytic,,12654.784098906459,0,6,7,,False,115,q3,False,50,0,1,0,,1.6042181999946479,12,8,27,complete_upper_bound,random,108,16,8,3299.9568197812923,True
16,optical_fixed,206.24730123633077,18,16,100.0,hexagon_analytic,,12654.784098906459,0,6,7,,False,115,q3,False,50,0,1,0,,1.2578467999992426,12,8,27,complete_upper_bound,random,108,16,8,3299.9568197812923,True
16,v4_no_optical,207.06017828718487,16,16,100.0,hexagon_analytic,,12724.81426297479,0,6,7,,False,116,q3,False,0,0,1,0,,1.1857539000047836,12,8,27,complete_upper_bound,random,108,16,8,3312.962852594958,True
16,trial50,206.24730123633077,18,16,100.0,hexagon_analytic,,12654.784098906459,0,6,7,,False,115,q3,False,50,0,1,0,,1.4429897000081837,12,8,27,complete_upper_bound,random,108,16,8,3299.9568197812923,True
16,trial150,209.2691752758759,22,16,100.0,hexagon_analytic,,12721.534022070073,0,6,7,,False,119,q3,False,150,0,1,0,,1.2346585000050254,12,8,27,complete_upper_bound,random,111,16,8,3348.3068044140146,True
16,trial300,209.2691752758759,22,16,100.0,hexagon_analytic,,12721.534022070073,0,6,7,,False,119,q3,False,300,0,1,0,,1.2795523999957368,12,8,27,complete_upper_bound,random,111,16,8,3348.3068044140146,True
14,v2,240.8656122291702,14,14,100.0,voronoi_outer_polygon,968.9015717043841,13285.592856041912,0,0,7,,True,109,q3,False,0,0,1,,,1.2702721000241581,12,9,20,complete_coverage,random,100,14,8,3372.118571208383,True
14,combined,247.58307232395592,14,14,100.0,voronoi_outer_polygon,972.580702216605,13675.815062676915,0,0,8,,True,111,q3,False,50,0,6,,,1.9673464999941643,12,9,21,complete_coverage,random,106,14,5,3466.1630125353827,True
14,r1200,240.714250904879,14,14,100.0,hexagon_analytic,,13399.997563341527,0,6,7,1200,False,105,q3,False,50,0,1,,True,1.0648786000092514,12,9,18,complete_coverage,random,95,14,6,3369.999512668306,True
14,r1450,258.6343255427404,15,14,100.0,hexagon_analytic,,14564.402787991829,0,6,7,1450,False,107,q3,False,50,0,1,,True,1.0645445999980439,12,9,17,complete_coverage,random,100,14,0,3620.8805575983656,True
14,r1650,262.39480091520767,15,14,100.0,hexagon_analytic,,15172.636064064529,0,6,7,1650,False,95,q3,False,50,0,1,,True,1.0438507000217214,12,9,15,complete_coverage,random,91,14,4,3673.5272128129072,True
14,v4,239.46459684427026,16,14,100.0,voronoi_outer_polygon,968.9015717043841,13207.521779098915,0,6,7,,False,107,q3,False,50,0,1,0,,1.1461922000162303,12,9,20,complete_coverage,random,100,14,8,3352.5043558197835,True
14,optical_fixed,239.46459684427026,16,14,100.0,voronoi_outer_polygon,968.9015717043841,13207.521779098915,0,6,7,,False,107,q3,False,50,0,1,0,,1.026036399998702,12,9,20,complete_coverage,random,100,14,8,3352.5043558197835,True
14,v4_no_optical,240.8656122291702,14,14,100.0,voronoi_outer_polygon,968.9015717043841,13285.592856041912,0,6,7,,False,109,q3,False,0,0,1,0,,1.0687363000179175,12,9,20,complete_coverage,random,100,14,8,3372.118571208383,True
14,trial50,239.46459684427026,16,14,100.0,voronoi_outer_polygon,968.9015717043841,13207.521779098915,0,6,7,,False,107,q3,False,50,0,1,0,,1.127820800000336,12,9,20,complete_coverage,random,100,14,8,3352.5043558197835,True
14,trial150,239.5443326328339,17,14,100.0,voronoi_outer_polygon,968.9015717043841,13198.103284298375,0,6,7,,False,107,q3,False,150,0,1,0,,1.0345053999917582,12,9,20,complete_coverage,random,100,14,8,3353.620656859675,True
14,trial300,240.30525149800604,18,14,100.0,voronoi_outer_polygon,968.9015717043841,13231.367604860421,0,6,7,,False,107,q3,False,300,0,1,0,,1.0677767000161111,12,9,19,complete_coverage,random,101,14,8,3364.2735209720845,True
13,v2,253.18111181603095,13,13,100.0,voronoi_outer_polygon,968.9015717043841,12616.772268042007,0,0,8,,True,118,q3,False,0,0,1,,,1.466709800006356,12,10,12,complete_coverage,random,113,13,4,3291.3544536084023,True
13,combined,261.8839335731193,15,13,100.0,voronoi_outer_polygon,972.7342516892296,12967.455682252752,0,0,9,,True,125,q3,False,50,0,6,,,1.7219348000071477,12,10,14,complete_coverage,random,115,13,4,3404.491136450551,True
13,r1200,247.1520581232189,13,13,100.0,hexagon_analytic,,12544.883778009225,0,6,7,1200,False,107,q3,False,50,0,1,,True,0.9148148000240326,12,10,15,complete_coverage,random,104,13,8,3212.9767556018455,True
13,r1450,252.60664351584953,13,13,100.0,hexagon_analytic,,12699.431828530218,0,6,7,1450,False,114,q3,False,50,0,1,,True,0.9940261000010651,12,10,15,complete_coverage,random,109,13,0,3283.8863657060438,True
13,r1650,276.0267026562147,13,13,100.0,hexagon_analytic,,14271.735672653955,0,6,7,1650,False,112,q3,False,50,0,1,,True,0.9255640000046697,12,10,11,complete_coverage,random,109,13,2,3588.3471345307908,True
13,v4,247.1520581232189,13,13,100.0,voronoi_outer_polygon,968.9015717043841,12544.883778009225,0,6,7,,False,107,q3,False,50,0,1,0,,1.077233799995156,12,10,15,complete_coverage,random,104,13,8,3212.9767556018455,True
13,optical_fixed,247.1520581232189,13,13,100.0,voronoi_outer_polygon,968.9015717043841,12544.883778009225,0,6,7,,False,107,q3,False,50,0,1,0,,0.9485026999900583,12,10,15,complete_coverage,random,104,13,8,3212.9767556018455,True
13,v4_no_optical,249.7759865922817,13,13,100.0,voronoi_outer_polygon,968.9015717043841,12640.43912849831,0,6,7,,False,110,q3,False,0,0,1,0,,0.9991311999910977,12,10,15,complete_coverage,random,104,13,8,3247.087825699662,True
13,trial50,247.1520581232189,13,13,100.0,voronoi_outer_polygon,968.9015717043841,12544.883778009225,0,6,7,,False,107,q3,False,50,0,1,0,,1.5111860999895725,12,10,15,complete_coverage,random,104,13,8,3212.9767556018455,True
13,trial150,248.8087549209658,15,13,100.0,voronoi_outer_polygon,968.9015717043841,12567.569069862777,0,6,7,,False,109,q3,False,150,0,1,0,,1.344346499972744,12,10,15,complete_coverage,random,105,13,8,3234.5138139725555,True
13,trial300,247.76880533116002,15,13,100.0,voronoi_outer_polygon,968.9015717043841,12529.972346525403,0,6,7,,False,108,q3,False,300,0,1,0,,0.9946124999842141,12,10,15,complete_coverage,random,104,13,8,3220.99446930508,True
