local_x,local_y,worst_diameter_m
700,-700,117.33550432320746
700,-675,119.08113777773362
700,-650,121.00996552897237
700,-625,123.14287114779755
700,-600,125.5039401112449
700,-575,128.12108285120172
700,-550,131.0268082510119
700,-525,134.25919184675945
700,-500,137.8630985639209
725,-675,116.01022692205174
725,-650,117.82326923080876
725,-625,119.83179927192732
725,-600,122.05900588113569
725,-575,124.56810313862006
725,-550,127.28145477143903
725,-525,130.34476598301782
725,-500,133.81104638156003
750,-650,114.70042003886326
750,-625,116.58627093479845
750,-600,118.68134487230701
750,-575,121.01150627608197
750,-550,123.60692149158614
750,-525,126.5029699048255
750,-500,129.74139553746787
775,-625,113.40743805748235
775,-600,115.39631584783992
775,-575,117.56158464215122
775,-550,120.0046108290926
775,-525,122.73529321128125
775,-500,125.83146619585871
800,-600,112.14914074531447
800,-575,114.18339157502471
800,-550,116.47599618932509
800,-525,119.04330626160396
800,-500,121.92392190755866
825,-550,113.02262492542754
825,-525,115.42866438911582
825,-500,118.13350549853716
850,-525,111.89311189189851
850,-500,114.42442553899343
