x,y
5.999086170938348,-0.10471443862370107
6.0,0.0
5.999086170938348,0.10471443862370107
99.98476951563913,-1.7452406437283512
100.0,0.0
99.98476951563913,1.7452406437283512
199.96953903127826,-3.4904812874567024
200.0,0.0
199.96953903127826,3.4904812874567024
299.9543085469174,-5.235721931185053
300.0,0.0
299.9543085469174,5.235721931185053
399.9390780625565,-6.980962574913405
400.0,0.0
399.9390780625565,6.980962574913405
499.92384757819565,-8.726203218641755
500.0,0.0
499.92384757819565,8.726203218641755
599.9086170938348,-10.471443862370107
600.0,0.0
599.9086170938348,10.471443862370107
699.8933866094739,-12.216684506098458
700.0,0.0
699.8933866094739,12.216684506098458
799.878156125113,-13.96192514982681
800.0,0.0
799.878156125113,13.96192514982681
899.8629256407521,-15.707165793555161
900.0,0.0
899.8629256407521,15.707165793555161
999.8476951563913,-17.45240643728351
1000.0,0.0
999.8476951563913,17.45240643728351
1099.8324646720305,-19.197647081011862
1100.0,0.0
1099.8324646720305,19.197647081011862
1199.8172341876696,-20.942887724740213
1200.0,0.0
1199.8172341876696,20.942887724740213
1299.8020037033086,-22.688128368468565
1300.0,0.0
1299.8020037033086,22.688128368468565
1399.7867732189477,-24.433369012196916
1400.0,0.0
1399.7867732189477,24.433369012196916
1499.771542734587,-26.178609655925268
1500.0,0.0
1499.771542734587,26.178609655925268
