channel,x,y,radius,direction,cleared
4,535.9812709439959,565.3444696788744,1347.0268570936228,,True
9,-1056.4254008587504,1204.2626711153148,1046.065628122289,,True
3,-18.838026064733366,1550.9020749362153,1070.655124736796,,True
6,167.2238519182435,929.2368392672478,1218.5426921107687,,True
12,-744.6438014405603,-1415.4261475819374,1459.6893581769666,,True
16,-1286.3147837619254,-574.6768912552221,1084.7828889035516,,True
17,-1185.6154817218012,-808.5361638822069,1488.8749954222378,,True
10,-116.74993430925537,112.78797775546063,1336.1608304599927,,True
5,913.4236532401989,-65.20441466929763,1108.793158653446,,True
1,-1221.5605409648556,-20.866561309233028,1167.3242756770176,,True
2,-1727.4894381109857,263.74984301719877,1338.5351887140005,,True
18,1043.0565035566822,-936.9857928115722,1439.878600943166,,True
