order,x,y
0,0.0,0.0
1,-600,0
2,-1200,0
3,-1800,0
4,-1800,-600
5,-1800,-1200
6,-1800,-1800
7,-1200,-1800
8,-1200,-1200
9,-1200,-600
10,-600,-600
11,-600,-1200
12,-600,-1800
13,0,-1800
14,0,-1200
15,0,-600
16,600,-600
17,600,-1200
18,600,-1800
19,1200,-1800
20,1200,-1200
21,1200,-600
22,1200,0
23,600,0
24,600,600
25,0,600
26,-600,600
27,-1200,600
28,-1800,600
29,-1800,1200
30,-1800,1800
31,-1200,1800
32,-1200,1200
33,-600,1200
34,-600,1800
35,0,1800
36,0,1200
37,600,1200
38,600,1800
39,1200,1800
40,1200,1200
41,1200,600
42,1800,600
43,1800,0
44,1800,-600
45,1800,-1200
46,1800,-1800
47,1800,1200
48,1800,1800
