actual_cleared,algorithm,average_time_s,clear_attempts,cleared,coverage_certificate,dataset,directional,distance_m,failed_clears,fallback_count,full_scan_count,local_pipeline_wall_s,measures,mesh_nodes,mode,official_validated,pending_nodes,pending_tracks,recoveries,route_calls,seed,selected_candidate,shared_measures,status,strategy_wall_s_excluding_init,stress,switches,total,virtual_time_s
11,candidate,616.6460198510423,23,11,32_triangles_exact_coordinate_checks,development,7,22600.531091807312,12,2,25,2.3669121999992058,364,25,q4,False,0,0,0,35,1,ring_multi_optical,23,complete_coverage,2.3164026000304148,random,352,11,6783.106218361465
11,original,1573.2651304134654,262,11,,development,7,63289.5821727403,251,5,,1.7062697999645025,651,,q4,False,,,,,1,,,complete_coverage,1.668565200001467,random,585,11,17305.91643454812
14,candidate,422.69293718695826,31,14,32_triangles_exact_coordinate_checks,development,5,21828.505603087084,17,2,25,3.762017900007777,241,25,q4,False,0,0,0,38,2,ring_multi_optical,36,complete_coverage,3.738188599993009,random,226,14,5917.701120617416
14,original,1323.4619313963342,269,14,,development,5,74767.33519774294,255,5,,2.0064333000336774,469,,q4,False,,,,,2,,,complete_coverage,2.0034999000490643,random,395,14,18528.46703954868
13,candidate,466.17136543992626,40,13,32_triangles_exact_coordinate_checks,development,6,21296.13875359519,27,6,25,3.1599894000100903,279,25,q4,False,0,0,0,37,3,ring_multi_optical,34,complete_coverage,3.140590799972415,random,260,13,6060.227750719041
13,original,1197.1712057303512,105,13,,development,6,61871.12837247268,92,5,,1.8453491000109352,486,,q4,False,,,,,3,,,complete_coverage,1.8435447000083514,random,418,13,15563.225674494564
15,candidate,430.513710548259,60,15,32_triangles_exact_coordinate_checks,development,8,24213.52829111941,45,3,25,3.8460197999957018,237,25,q4,False,0,0,2,39,4,ring_multi_optical,30,complete_coverage,3.8247376999934204,random,220,15,6457.705658223885
15,original,1060.784644589418,100,15,,development,8,65133.84834420635,85,2,,2.0800008999649435,438,,q4,False,,,,,4,,,complete_coverage,2.078426500025671,random,365,15,15911.769668841269
11,candidate,581.5091854585836,39,11,32_triangles_exact_coordinate_checks,development,7,21488.00520022206,28,5,25,2.6241620000218973,329,25,q4,False,0,0,0,35,5,ring_multi_optical,17,complete_coverage,2.6024587000138126,random,315,11,6396.601040044419
11,original,1441.7894121113336,159,11,,development,7,58998.41766612309,148,4,,1.605707699956838,604,,q4,False,,,,,5,,,complete_coverage,1.6034610000206158,random,541,11,15859.68353322467
10,candidate,616.4626696978404,27,10,32_triangles_exact_coordinate_checks,development,5,20443.133484892027,17,2,25,2.6694005000172183,331,25,q4,False,0,0,0,34,6,ring_multi_optical,30,complete_coverage,2.6418678000336513,random,320,10,6164.626696978404
10,original,1528.3565717696722,155,10,,development,5,57552.828588483484,145,4,,1.4882169000338763,558,,q4,False,,,,,6,,,complete_coverage,1.4854849999537691,random,498,10,15283.565717696722
13,candidate,464.2899486554635,22,13,32_triangles_exact_coordinate_checks,development,7,21583.84666260512,9,2,25,3.2126253999886103,274,25,q4,False,0,0,0,37,7,ring_multi_optical,35,complete_coverage,3.1877658999874257,random,257,13,6035.769332521026
13,original,1327.6577411705887,277,13,,development,7,67752.75317608792,264,6,,1.823085100040771,487,,q4,False,,,,,7,,,complete_coverage,1.8194172999938019,random,417,13,17259.550635217653
16,candidate,354.18685200626396,22,16,32_triangles_exact_coordinate_checks,development,6,21034.94816050111,6,3,22,4.238963700016029,229,25,q4,False,3,0,0,37,8,ring_multi_optical,38,complete_upper_bound,4.2138881999999285,random,217,16,5666.989632100223
16,original,1055.0729299156797,255,16,,development,6,69730.83439325444,239,4,,2.2914156999904662,368,,q4,False,,,,,8,,,complete_upper_bound,2.290418500022497,random,298,16,16881.166878650874
14,candidate,444.46116021074624,30,14,32_triangles_exact_coordinate_checks,development,6,22017.281214752238,16,3,25,3.2889028000063263,285,25,q4,False,0,0,0,38,9,ring_multi_optical,24,complete_coverage,3.262285200005863,random,276,14,6222.456242950448
14,original,1212.6832363836834,198,14,,development,6,67617.82654685748,184,3,,1.9132950999774039,484,,q4,False,,,,,9,,,complete_coverage,1.9111399999819696,random,412,14,16977.565309371566
13,candidate,476.1818850791899,28,13,32_triangles_exact_coordinate_checks,development,7,22436.822530147336,15,2,25,3.5573454999830574,268,25,q4,False,0,0,2,37,10,ring_multi_optical,32,complete_coverage,3.5316483000060543,random,253,13,6190.364506029468
13,original,1302.5965561758928,258,13,,development,7,66743.77615143282,245,5,,1.9660542999627069,475,,q4,False,,,,,10,,,complete_coverage,1.9631020000088029,random,410,13,16933.755230286606
12,candidate,544.0312720083829,34,12,32_triangles_exact_coordinate_checks,development,9,22886.876320502965,22,4,25,2.8975732999970205,307,25,q4,False,0,0,0,36,11,ring_multi_optical,34,complete_coverage,2.8710358000244014,random,290,12,6528.375264100594
12,original,1519.213869825552,367,12,,development,9,70887.83218953275,355,7,,1.7187203000066802,499,,q4,False,,,,,11,,,complete_coverage,1.7160119999898598,random,433,12,18230.566437906622
10,candidate,649.1765993024135,16,10,32_triangles_exact_coordinate_checks,development,3,22028.829965120665,6,3,25,2.150123400031589,339,25,q4,False,0,0,0,34,12,ring_multi_optical,20,complete_coverage,2.118332999991253,random,323,10,6491.765993024134
10,original,1369.3257565944716,17,10,,development,3,49796.28782972357,7,1,,1.3009393000393175,621,,q4,False,,,,,12,,,complete_coverage,1.299018999969121,random,558,10,13693.257565944716
15,candidate,401.35424353382234,32,15,32_triangles_exact_coordinate_checks,development,5,22811.56826503667,17,4,25,3.9408820000244305,224,25,q4,False,0,0,2,39,13,ring_multi_optical,30,complete_coverage,3.917769199993927,random,212,15,6020.313653007335
15,original,1197.6443959948335,238,15,,development,5,72988.32969961215,223,4,,2.007230899995193,450,,q4,False,,,,,13,,,complete_coverage,2.0055668000131845,random,373,15,17964.665939922503
15,candidate,388.35970784785513,33,15,32_triangles_exact_coordinate_checks,development,9,21576.97808858913,18,4,25,3.901384999975562,233,25,q4,False,0,0,0,39,14,ring_multi_optical,39,complete_coverage,3.8777399999671616,random,216,15,5825.395617717827
15,original,1122.5909552873943,196,15,,development,9,71179.32164655431,181,6,,2.027222900011111,343,,q4,False,,,,,14,,,complete_coverage,2.0260183999780566,random,270,15,16838.864329310916
10,candidate,660.5301864455616,39,10,32_triangles_exact_coordinate_checks,development,5,21961.50932227809,29,4,25,2.4259770999778993,348,25,q4,False,0,0,0,34,15,ring_multi_optical,24,complete_coverage,2.4005063999793492,random,336,10,6605.301864455617
10,original,1481.4441493967652,122,10,,development,5,54337.2074698383,112,3,,1.3784589999704622,604,,q4,False,,,,,15,,,complete_coverage,1.3763448999961838,random,541,10,14814.441493967652
15,candidate,441.609216139246,46,15,32_triangles_exact_coordinate_checks,development,8,24150.691210443445,31,4,25,3.625785399985034,274,25,q4,False,0,0,0,39,16,ring_multi_optical,35,complete_coverage,3.6116031000274234,random,256,15,6624.138242088689
15,original,1157.6609132971487,291,15,,development,8,71509.56849728574,276,5,,2.3217684000264853,372,,q4,False,,,,,16,,,complete_coverage,2.3193055000156164,random,300,15,17364.91369945723
15,candidate,435.38840871692463,23,15,32_triangles_exact_coordinate_checks,development,9,23524.130653769345,8,3,25,3.336038000008557,290,25,q4,False,0,0,0,39,17,ring_multi_optical,39,complete_coverage,3.3098687999881804,random,277,15,6530.82613075387
15,original,1158.4507547767853,247,15,,development,9,70403.80660825863,232,6,,2.083878400037065,433,,q4,False,,,,,17,,,complete_coverage,2.0819315999979153,random,360,15,17376.76132165178
11,candidate,552.0280532838864,35,11,32_triangles_exact_coordinate_checks,development,7,20511.54293061376,24,3,25,2.6510396000230685,309,25,q4,False,0,0,0,35,18,ring_multi_optical,24,complete_coverage,2.6276934999623336,random,298,11,6072.30858612275
11,original,1601.1847369270379,346,11,,development,7,66100.16053098654,335,6,,1.611615100002382,566,,q4,False,,,,,18,,,complete_coverage,1.6088728999602608,random,503,11,17613.032106197417
14,candidate,406.0710642683961,22,14,32_triangles_exact_coordinate_checks,development,6,20829.974498787706,8,2,25,3.835110899992287,240,25,q4,False,0,0,0,38,19,ring_multi_optical,53,complete_coverage,3.808279599994421,random,225,14,5684.994899757546
14,original,1158.9803168348737,161,14,,development,6,67313.62217844106,147,3,,2.0580541999661364,387,,q4,False,,,,,19,,,complete_coverage,2.056477200007066,random,317,14,16225.724435688233
13,candidate,453.0754981282686,29,13,32_triangles_exact_coordinate_checks,development,5,20819.907378337455,16,4,25,3.131886499992106,272,25,q4,False,0,0,0,37,20,ring_multi_optical,30,complete_coverage,3.107097000000067,random,253,13,5889.981475667491
13,original,1269.9947401913012,121,13,,development,5,65759.65811243438,108,2,,1.8099674999830313,507,,q4,False,,,,,20,,,complete_coverage,1.808245700027328,random,434,13,16509.931622486914
14,candidate,450.2511814774115,57,14,32_triangles_exact_coordinate_checks,development,9,22647.582703418797,43,6,25,3.6132159999688156,265,25,q4,False,0,0,2,38,21,ring_multi_optical,40,complete_coverage,3.5891915000393055,random,250,14,6303.5165406837605
14,original,1343.5035432202353,340,14,,development,9,75925.24802541612,326,7,,1.9513141000061296,441,,q4,False,,,,,21,,,complete_coverage,1.9476988000096753,random,371,14,18809.049605083295
10,candidate,620.992544778752,10,10,32_triangles_exact_coordinate_checks,development,6,20704.627238937606,0,0,25,2.1134042000048794,339,25,q4,False,0,0,0,34,22,ring_multi_optical,21,complete_coverage,2.0864617000333965,random,324,10,6209.925447787519
10,original,1624.798169493388,139,10,,development,6,59159.90847466917,129,4,,1.2694906999822706,674,,q4,False,,,,,22,,,complete_coverage,1.2670242000021972,random,609,10,16247.98169493388
10,candidate,622.295346598911,24,10,32_triangles_exact_coordinate_checks,development,4,20284.767329945542,14,4,25,2.086962000001222,349,25,q4,False,0,0,0,34,23,ring_multi_optical,32,complete_coverage,2.062541200022679,random,329,10,6222.95346598911
10,original,1485.771781300101,126,10,,development,4,54788.58906500509,116,2,,1.3094104999909177,594,,q4,False,,,,,23,,,complete_coverage,1.3070772000355646,random,532,10,14857.71781300101
11,candidate,593.6921026247363,42,11,32_triangles_exact_coordinate_checks,development,7,22353.065644360482,31,4,25,2.1190787999657914,321,25,q4,False,0,0,0,35,24,ring_multi_optical,20,complete_coverage,2.0845069999923,random,307,11,6530.613128872099
11,original,1523.6486251096371,195,11,,development,7,62960.6743810297,184,3,,1.3211873000254855,605,,q4,False,,,,,24,,,complete_coverage,1.3177371000056155,random,536,11,16760.134876206008
15,candidate,396.52203514217285,19,15,32_triangles_exact_coordinate_checks,development,4,21614.152635662962,4,3,25,3.007627799990587,259,25,q4,False,0,0,0,39,25,ring_multi_optical,37,complete_coverage,2.985463900025934,random,243,15,5947.830527132593
15,original,1070.6161040524275,110,15,,development,4,67151.2078039319,95,2,,1.759430899983272,390,,q4,False,,,,,25,,,complete_coverage,1.7580008000368252,random,319,15,16059.241560786413
16,candidate,350.70238762824687,32,16,32_triangles_exact_coordinate_checks,development,7,21061.191010259747,16,5,23,3.706688200007193,214,25,q4,False,2,0,1,38,26,ring_multi_optical,52,complete_upper_bound,3.686559199995827,random,201,16,5611.23820205195
16,original,928.0635190371346,127,16,,development,7,62005.08152297064,111,3,,1.9506773999892175,350,,q4,False,,,,,26,,,complete_upper_bound,1.9492719999980181,random,285,16,14849.016304594154
16,candidate,304.55501454849514,27,16,32_triangles_exact_coordinate_checks,development,9,17929.401163879582,11,3,19,3.896550200006459,197,25,q4,False,6,0,2,34,27,ring_multi_optical,53,complete_upper_bound,3.86967329995241,random,189,16,4872.880232775922
16,original,790.8364425952935,231,16,,development,9,53036.91540762328,215,6,,1.8357562000164762,227,,q4,False,,,,,27,,,complete_upper_bound,1.8336945999762975,random,186,16,12653.383081524697
15,candidate,376.2855684425194,22,15,32_triangles_exact_coordinate_checks,development,8,20141.417633188958,7,1,25,3.486534300027415,256,25,q4,False,0,0,0,39,28,ring_multi_optical,43,complete_coverage,3.4614798999973573,random,240,15,5644.283526637791
15,original,1076.1453929470606,127,15,,development,8,67375.90447102941,112,6,,1.6803989000036381,388,,q4,False,,,,,28,,,complete_coverage,1.679374699946493,random,316,15,16142.18089420591
14,candidate,433.28791892320095,34,14,32_triangles_exact_coordinate_checks,development,8,21535.154324624065,20,1,25,3.615577900025528,273,25,q4,False,0,0,0,38,29,ring_multi_optical,52,complete_coverage,3.5952033000066876,random,264,14,6066.030864924814
14,original,1325.2059241688403,314,14,,development,8,75229.41469181853,300,6,,2.0035306000499986,435,,q4,False,,,,,29,,,complete_coverage,2.002388399967458,random,362,14,18552.882938363764
12,candidate,538.4495638845707,34,12,32_triangles_exact_coordinate_checks,development,10,23281.973833074244,22,3,25,3.343509499973152,283,25,q4,False,0,0,2,36,30,ring_multi_optical,27,complete_coverage,3.3167430000030436,random,264,12,6461.394766614849
12,original,1391.6212220574719,294,12,,development,10,64797.27332344807,282,7,,1.6810817999648862,483,,q4,False,,,,,30,,,complete_coverage,1.6788541999994777,random,419,12,16699.454664689663
10,candidate,631.434245823557,50,10,32_triangles_exact_coordinate_checks,development,4,21226.71229117785,40,5,25,2.72094610001659,319,25,q4,False,0,0,2,34,31,ring_multi_optical,27,complete_coverage,2.6963978999992833,random,304,10,6314.34245823557
10,original,1592.243169149312,168,10,,development,4,57817.15845746549,158,4,,1.478926500014495,650,,q4,False,,,,,31,,,complete_coverage,1.4762264000019059,random,585,10,15922.43169149312
16,candidate,412.1651877703734,78,16,32_triangles_exact_coordinate_checks,development,12,23848.215021629858,62,8,22,3.719908300030511,263,25,q4,False,3,0,3,37,32,ring_multi_optical,41,complete_upper_bound,3.6951453000074252,random,244,16,6594.643004325974
16,original,1148.2861601627108,428,16,,development,12,74137.89281301647,412,10,,2.1171300999703817,383,,q4,False,,,,,32,,,complete_upper_bound,2.1157506000017747,random,314,16,18372.578562603372
14,candidate,443.90591300486307,18,14,32_triangles_exact_coordinate_checks,development,7,21913.4139103404,4,1,25,3.557952600007411,294,25,q4,False,0,0,0,38,33,ring_multi_optical,47,complete_coverage,3.534795599989593,random,280,14,6214.682782068083
14,original,1230.721904053415,256,14,,development,7,68955.53328373896,242,5,,2.030599899997469,452,,q4,False,,,,,33,,,complete_coverage,2.0285659999935888,random,383,14,17230.106656747812
10,candidate,637.4356617788303,23,10,32_triangles_exact_coordinate_checks,development,6,21201.783088941516,13,2,25,2.3620613000239246,344,25,q4,False,0,0,1,34,34,ring_multi_optical,26,complete_coverage,2.3438989000278525,random,325,10,6374.356617788303
10,original,1626.6190035450024,233,10,,development,6,60145.950177249906,223,4,,1.435544200008735,597,,q4,False,,,,,34,,,complete_coverage,1.431730099953711,random,533,10,16266.190035450025
15,candidate,415.503956863726,26,15,32_triangles_exact_coordinate_checks,development,9,22317.796764779447,11,6,25,3.5453616000013426,279,25,q4,False,0,0,0,39,35,ring_multi_optical,43,complete_coverage,3.5212222999543883,random,266,15,6232.55935295589
15,original,1155.1716804019911,229,15,,development,9,71347.87603014914,214,6,,2.264349700009916,402,,q4,False,,,,,35,,,complete_coverage,2.2626399000291713,random,331,15,17327.575206029866
15,candidate,404.0875771502271,37,15,32_triangles_exact_coordinate_checks,development,10,22016.568286267033,22,5,25,3.8438801000011154,256,25,q4,False,0,0,2,39,36,ring_multi_optical,30,complete_coverage,3.816785199975129,random,237,15,6061.313657253407
15,original,1285.2633516131489,399,15,,development,10,78104.75137098579,384,7,,2.025998900004197,417,,q4,False,,,,,36,,,complete_coverage,2.0233502000337467,random,346,15,19278.950274197232
12,candidate,522.707083868111,27,12,32_triangles_exact_coordinate_checks,development,6,21222.425032086667,15,4,25,3.3208200000226498,323,25,q4,False,0,0,2,36,37,ring_multi_optical,27,complete_coverage,3.293191700009629,random,308,12,6272.4850064173315
12,original,1409.5156657087034,219,12,,development,6,64360.93994252211,207,6,,1.6254048999981023,571,,q4,False,,,,,37,,,complete_coverage,1.6229959999909624,random,506,12,16914.18798850444
11,candidate,552.3559940795557,11,11,32_triangles_exact_coordinate_checks,development,5,20854.57967437556,0,0,25,3.205787400016561,310,25,q4,False,0,0,0,35,38,ring_multi_optical,32,complete_coverage,3.1778627000167035,random,300,11,6075.915934875112
11,original,1456.2627596040459,191,11,,development,5,60619.45177822242,180,5,,1.842006599996239,561,,q4,False,,,,,38,,,complete_coverage,1.8398594999453053,random,495,11,16018.890355644506
14,candidate,445.86449254929477,50,14,32_triangles_exact_coordinate_checks,development,6,22925.514478450623,36,4,25,3.3924047999898903,249,25,q4,False,0,0,0,38,39,ring_multi_optical,39,complete_coverage,3.366015699983109,random,234,14,6242.102895690126
14,original,1090.5257696805807,65,14,,development,6,63166.80387764066,51,2,,2.1640679000411183,414,,q4,False,,,,,39,,,complete_coverage,2.162192000017967,random,341,14,15267.36077552813
16,candidate,375.8267973764614,43,16,32_triangles_exact_coordinate_checks,development,9,21996.143790116912,27,5,23,3.0666989000164904,245,25,q4,False,2,0,0,38,40,ring_multi_optical,50,complete_upper_bound,3.0331664000405,random,228,16,6013.228758023382
16,original,885.7034963244826,240,16,,development,9,58691.27970595832,224,6,,2.0456091000232846,289,,q4,False,,,,,40,,,complete_upper_bound,2.0439488000120036,random,236,16,14171.255941191721
