actual_cleared,adaptive_replacements,algorithm,average_time_s,clear_attempts,cleared,directional,distance_m,failed_clears,fallback_count,full_scan_count,measures,mesh_nodes,mode,official_validated,pending_nodes,pending_tracks,recoveries,route_calls,runtime_s,seed,shared_measures,status,stress,switches,total,virtual_time_s
11,0,pilot100,638.3669993414956,12,11,7,23560.18496378225,1,0,25,378,25,q4,False,0,0,0,35,3.8776151000056416,1,21,complete_coverage,random,362,11,7022.036992756452
11,0,pilot200,638.3669993414956,12,11,7,23560.18496378225,1,0,25,378,25,q4,False,0,0,0,35,3.598249999980908,1,21,complete_coverage,random,362,11,7022.036992756452
11,0,pilot300,638.3669993414956,12,11,7,23560.18496378225,1,0,25,378,25,q4,False,0,0,0,35,3.8149260000209324,1,21,complete_coverage,random,362,11,7022.036992756452
11,0,pilot100_multi,625.4917400781342,15,11,7,22852.04570429737,4,1,25,377,25,q4,False,0,0,0,35,4.906888799974695,1,26,complete_coverage,random,358,11,6880.409140859476
11,0,pilot200_optical,633.7794967503806,20,11,7,23477.87232127093,9,4,25,368,25,q4,False,0,0,0,35,3.033565699995961,1,17,complete_coverage,random,354,11,6971.574464254187
11,0,rotated,638.3669993414956,12,11,7,23560.18496378225,1,0,25,378,25,q4,False,0,0,0,35,3.1268840999691747,1,21,complete_coverage,random,362,11,7022.036992756452
11,0,rotate_pilot,638.3669993414956,12,11,7,23560.18496378225,1,0,25,378,25,q4,False,0,0,0,35,3.0012182999635115,1,21,complete_coverage,random,362,11,7022.036992756452
14,0,pilot100,459.84667559248084,22,14,5,22494.26729147366,8,2,25,312,25,q4,False,0,0,1,38,5.405834199977107,2,32,complete_coverage,random,285,14,6437.853458294731
14,0,pilot200,461.2125975263648,22,14,5,22579.881826845543,8,2,25,312,25,q4,False,0,0,1,38,4.33287250000285,2,32,complete_coverage,random,287,14,6456.976365369107
14,0,pilot300,461.77619431962177,22,14,5,22629.333602373525,8,2,25,312,25,q4,False,0,0,1,38,4.903029300039634,2,32,complete_coverage,random,285,14,6464.866720474704
14,0,pilot100_multi,440.9132429826515,16,14,5,21718.927008785613,2,1,25,295,25,q4,False,0,0,2,38,6.739910800009966,2,34,complete_coverage,random,278,14,6172.785401757122
14,0,pilot200_optical,453.2663353354855,47,14,5,21993.643473483942,33,3,25,298,25,q4,False,0,0,0,38,4.331712100014556,2,33,complete_coverage,random,288,14,6345.728694696797
14,0,rotated,468.4533544720074,34,14,5,23926.734813040475,20,2,25,279,25,q4,False,0,0,1,38,3.881701000034809,2,31,complete_coverage,random,248,14,6558.346962608103
14,0,rotate_pilot,469.98782337649214,42,14,5,23144.147636354395,28,3,25,305,25,q4,False,0,0,1,38,4.823521199985407,2,27,complete_coverage,random,272,14,6579.82952727089
13,0,pilot100,494.8932251953443,17,13,6,22613.05963769739,4,2,25,311,25,q4,False,0,0,2,37,4.202228799986187,3,30,complete_coverage,random,279,13,6433.611927539476
13,0,pilot200,487.9379180171524,17,13,6,22260.964671114903,4,2,25,307,25,q4,False,0,0,1,37,4.2000313000171445,3,30,complete_coverage,random,279,13,6343.192934222981
13,0,pilot300,472.823237494263,13,13,6,21468.510437127097,0,0,25,301,25,q4,False,0,0,2,37,4.6917193999979645,3,36,complete_coverage,random,283,13,6146.702087425419
13,0,pilot100_multi,495.05761192030906,17,13,6,22748.744774820098,4,2,25,307,25,q4,False,0,0,2,37,7.814491500030272,3,36,complete_coverage,random,274,13,6435.748954964018
13,0,pilot200_optical,475.8242640768193,43,13,6,21633.577164993254,30,5,25,287,25,q4,False,0,0,0,37,3.8370914999977686,3,28,complete_coverage,random,269,13,6185.715432998651
13,0,rotated,490.41862052086833,22,13,6,22447.21033385643,9,2,25,303,25,q4,False,0,0,0,37,3.957566700002644,3,33,complete_coverage,random,279,13,6375.442066771288
13,0,rotate_pilot,493.12526629676967,22,13,6,22568.142309290015,9,2,25,305,25,q4,False,0,0,0,37,3.470267100026831,3,32,complete_coverage,random,280,13,6410.628461858006
15,0,pilot100,443.3449999728694,19,15,8,24330.874997965188,4,2,25,286,25,q4,False,0,0,2,39,4.2451173000154085,4,51,complete_coverage,random,267,15,6650.174999593041
15,0,pilot200,459.4073510469683,19,15,8,26245.551328522615,4,1,25,264,25,q4,False,0,0,4,39,4.645355099986773,4,32,complete_coverage,random,235,15,6891.110265704525
15,0,pilot300,434.2566304594265,19,15,8,23934.247284456975,4,1,25,276,25,q4,False,0,0,0,39,4.790363800013438,4,48,complete_coverage,random,260,15,6513.8494568913975
15,0,pilot100_multi,429.0003546126752,21,15,8,23760.026595950632,6,3,25,271,25,q4,False,0,0,0,39,8.126519899989944,4,32,complete_coverage,random,235,15,6435.005319190128
15,0,pilot200_optical,441.6840355529288,53,15,8,24921.30266646965,38,6,25,245,25,q4,False,0,0,2,39,5.158684900030494,4,31,complete_coverage,random,227,15,6625.260533293932
15,0,rotated,420.0328837883139,23,15,8,22837.466284123533,8,2,25,277,25,q4,False,0,0,1,39,4.012293600011617,4,35,complete_coverage,random,249,15,6300.493256824709
15,0,rotate_pilot,405.22001915083837,16,15,8,22806.50143631289,1,0,25,242,25,q4,False,0,0,0,39,4.1722628000425175,4,33,complete_coverage,random,229,15,6078.300287262576
11,0,pilot100,579.8973112383242,11,11,7,22474.35211810783,0,1,25,308,25,q4,False,0,0,0,35,2.9505548999877647,5,36,complete_coverage,random,289,11,6378.870423621566
11,0,pilot200,580.1297384190913,11,11,7,22547.135613050024,0,1,25,306,25,q4,False,0,0,0,35,3.2048247000202537,5,35,complete_coverage,random,287,11,6381.4271226100045
11,0,pilot300,596.279477120217,12,11,7,22945.37124161193,1,1,25,322,25,q4,False,0,0,1,35,3.357382999965921,5,38,complete_coverage,random,302,11,6559.074248322388
11,0,pilot100_multi,602.3869790541207,12,11,7,23326.283847976636,1,2,25,322,25,q4,False,0,0,1,35,4.875289799994789,5,36,complete_coverage,random,293,11,6626.256769595328
11,0,pilot200_optical,572.135072345078,13,11,7,22327.428978979286,2,2,25,297,25,q4,False,0,0,0,35,2.8805776000372134,5,33,complete_coverage,random,282,11,6293.485795795858
11,0,rotated,617.5638786347791,13,11,7,23481.013324912867,2,1,25,342,25,q4,False,0,0,3,35,3.0933307000086643,5,47,complete_coverage,random,326,11,6793.202664982571
11,0,rotate_pilot,604.7900363324716,18,11,7,23688.45199828594,7,1,25,310,25,q4,False,0,0,0,35,3.1677604999858886,5,36,complete_coverage,random,289,11,6652.690399657187
10,0,pilot100,601.7347358699435,11,10,5,20596.73679349717,1,0,25,311,25,q4,False,0,0,1,34,2.798896500025876,6,19,complete_coverage,random,290,10,6017.347358699435
10,0,pilot200,603.3593203594017,11,10,5,20652.96601797009,1,0,25,312,25,q4,False,0,0,1,34,2.5684569999575615,6,20,complete_coverage,random,290,10,6033.593203594018
10,0,pilot300,615.5945756294401,11,10,5,20894.728781471997,1,0,25,324,25,q4,False,0,0,3,34,2.408474700001534,6,21,complete_coverage,random,304,10,6155.945756294401
10,0,pilot100_multi,601.7347358699435,11,10,5,20596.73679349717,1,0,25,311,25,q4,False,0,0,1,34,5.647955099993851,6,19,complete_coverage,random,290,10,6017.347358699435
10,0,pilot200_optical,598.8021121102106,13,10,5,20495.105605510536,3,2,25,308,25,q4,False,0,0,0,34,6.770001400029287,6,19,complete_coverage,random,290,10,5988.021121102106
10,0,rotated,608.8149191022617,14,10,5,20420.74595511309,4,1,25,327,25,q4,False,0,0,0,34,3.940927100018598,6,31,complete_coverage,random,307,10,6088.149191022617
10,0,rotate_pilot,668.0639632539726,14,10,5,22173.19816269863,4,1,25,367,25,q4,False,0,0,0,34,3.684726600011345,6,29,complete_coverage,random,349,10,6680.639632539725
13,0,pilot100,517.6502778211949,21,13,7,23872.268058377653,8,1,25,315,25,q4,False,0,0,1,37,3.7023382000043057,7,25,complete_coverage,random,291,13,6729.4536116755335
13,0,pilot200,497.4338230617759,13,13,7,22893.198499015434,0,0,25,306,25,q4,False,0,0,0,37,3.313168900029268,7,31,complete_coverage,random,293,13,6466.639699803087
13,0,pilot300,518.6143743556603,19,13,7,24079.93433311791,6,1,25,311,25,q4,False,0,0,0,37,4.781698699982371,7,24,complete_coverage,random,288,13,6741.986866623584
13,0,pilot100_multi,508.6776728899533,22,13,7,23559.048737846988,9,2,25,307,25,q4,False,0,0,4,37,4.906905700045172,7,22,complete_coverage,random,274,13,6612.809747569393
13,0,pilot200_optical,497.4338230617759,13,13,7,22893.198499015434,0,0,25,306,25,q4,False,0,0,0,37,4.45535150001524,7,31,complete_coverage,random,293,13,6466.639699803087
13,0,rotated,536.9579738264688,20,13,7,25242.26829872048,7,2,25,311,25,q4,False,0,0,2,37,4.340060100017581,7,44,complete_coverage,random,291,13,6980.453659744094
13,0,rotate_pilot,517.8916846153353,17,13,7,24442.9594999968,4,2,25,299,25,q4,False,0,0,0,37,5.053645799984224,7,22,complete_coverage,random,272,13,6732.591899999359
16,0,pilot100,348.9704151315871,17,16,6,21077.633210526976,1,0,20,219,25,q4,False,5,0,6,35,6.388432700012345,8,39,complete_upper_bound,random,190,16,5583.526642105394
16,0,pilot200,341.18022522598824,26,16,6,19674.41801807904,10,1,20,240,25,q4,False,5,0,5,35,6.249200399965048,8,39,complete_upper_bound,random,214,16,5458.883603615812
16,0,pilot300,360.7274162033953,25,16,6,21463.19329627162,9,2,19,233,25,q4,False,6,0,4,34,4.762126100016758,8,35,complete_upper_bound,random,207,16,5771.638659254325
16,0,pilot100_multi,327.63817734683704,16,16,6,19626.05418774697,0,0,19,209,25,q4,False,6,0,1,34,8.376022899989039,8,34,complete_upper_bound,random,192,16,5242.210837549393
16,0,pilot200_optical,323.1230033088099,48,16,6,18459.8402647048,32,5,20,219,25,q4,False,5,0,0,35,4.295676800014917,8,36,complete_upper_bound,random,207,16,5169.968052940959
16,0,rotated,330.0837110455001,23,16,6,19481.69688364001,7,2,16,218,25,q4,False,9,0,1,31,4.079923000012059,8,41,complete_upper_bound,random,194,16,5281.339376728001
16,0,rotate_pilot,328.1190810248407,17,16,6,19619.526481987254,1,1,18,210,25,q4,False,7,0,0,33,5.3585309000336565,8,42,complete_upper_bound,random,193,16,5249.905296397451
14,0,pilot100,442.4069490551568,16,14,6,20873.48643386099,2,2,25,328,25,q4,False,0,0,2,38,5.488197600003332,9,33,complete_coverage,random,303,14,6193.697286772195
14,0,pilot200,443.30677711738605,16,14,6,20931.47439821703,2,2,25,328,25,q4,False,0,0,2,38,6.048423799977172,9,34,complete_coverage,random,304,14,6206.294879643405
14,0,pilot300,446.03596175920245,16,14,6,21122.517323144177,2,2,25,328,25,q4,False,0,0,2,38,8.138100100040901,9,34,complete_coverage,random,304,14,6244.503464628834
14,0,pilot100_multi,442.4069490551568,16,14,6,20873.48643386099,2,2,25,328,25,q4,False,0,0,2,38,8.879954100004397,9,33,complete_coverage,random,303,14,6193.697286772195
14,0,pilot200_optical,424.8074478512141,26,14,6,20151.52134958499,12,4,25,304,25,q4,False,0,0,0,38,5.1264505999861285,9,27,complete_coverage,random,291,14,5947.304269916997
14,0,rotated,479.7533823915292,17,14,6,24937.73676740704,3,1,25,280,25,q4,False,0,0,6,38,4.179043900046963,9,29,complete_coverage,random,250,14,6716.547353481409
14,0,rotate_pilot,457.1051579158397,22,14,6,22082.36105410877,8,2,25,321,25,q4,False,0,0,4,38,4.993826000019908,9,19,complete_coverage,random,284,14,6399.472210821756
13,0,pilot100,503.84964714033146,16,13,7,23885.227064121544,3,1,25,288,25,q4,False,0,0,4,37,4.1715349000296555,10,21,complete_coverage,random,259,13,6550.045412824309
13,0,pilot200,507.1872841196664,16,13,7,24072.173467778317,3,1,25,289,25,q4,False,0,0,4,37,4.179497999954037,10,22,complete_coverage,random,260,13,6593.434693555663
13,0,pilot300,501.89800186907644,17,13,7,23383.370121489956,4,2,25,300,25,q4,False,0,0,2,37,4.6336787000182085,10,35,complete_coverage,random,271,13,6524.674024297994
13,0,pilot100_multi,471.6352293126737,13,13,7,22261.289905323792,0,0,25,272,25,q4,False,0,0,4,37,7.187363900011405,10,27,complete_coverage,random,254,13,6131.257981064758
13,0,pilot200_optical,496.34416654857534,33,13,7,23472.37082565741,20,5,25,275,25,q4,False,0,0,2,37,6.5379473000066355,10,21,complete_coverage,random,258,13,6452.47416513148
13,0,rotated,522.059799542192,15,13,7,24593.886970242485,2,1,25,303,25,q4,False,0,0,4,37,3.9532867000089027,10,32,complete_coverage,random,282,13,6786.777394048496
13,0,rotate_pilot,475.90604393041855,13,13,7,21928.892855477206,0,1,25,293,25,q4,False,0,0,0,37,7.487372100003995,10,20,complete_coverage,random,271,13,6186.778571095441
