actual_cleared,algorithm,average_time_s,clear_attempts,cleared,directional,distance_m,failed_clears,fallback_count,full_scan_count,measures,mesh_nodes,mode,official_validated,pending_nodes,pending_tracks,recoveries,route_calls,runtime_s,seed,shared_measures,status,stress,switches,total,virtual_time_s
11,original,1573.2651304134654,262,11,7,63289.5821727403,251,5,,651,,q4,False,,,,,1.070484799973201,1,,complete_coverage,random,585,11,17305.91643454812
11,nearest,933.1894602151347,26,11,7,37755.42031183241,15,3,31,445,31,q4,False,0,0,0,41,1.173028199991677,1,13,complete_coverage,random,389,11,10265.08406236648
11,twoopt,919.6529732967197,26,11,7,37075.91353131957,15,3,31,443,31,q4,False,0,0,0,41,1.0441069999942556,1,12,complete_coverage,random,386,11,10116.182706263917
11,multistart,871.7456371316159,27,11,7,34916.01004223887,16,3,31,425,31,q4,False,0,0,2,41,2.8627817000378855,1,21,complete_coverage,random,378,11,9589.202008447775
11,anneal,871.7456371316159,27,11,7,34916.01004223887,16,3,31,425,31,q4,False,0,0,2,41,2.660085900046397,1,21,complete_coverage,random,378,11,9589.202008447775
11,exact,871.7456371316159,27,11,7,34916.01004223887,16,3,31,425,31,q4,False,0,0,2,41,3.655440100003034,1,21,complete_coverage,random,378,11,9589.202008447775
11,square,1035.8251161495637,33,11,7,36970.381388226,22,3,45,655,45,q4,False,0,0,1,55,1.0422148000216112,1,29,complete_coverage,random,604,11,11394.076277645201
11,optical,913.3778713080384,79,11,7,37060.78292194208,68,6,31,400,31,q4,False,0,0,0,41,1.0135001000016928,1,8,complete_coverage,random,376,11,10047.156584388422
11,strip,919.6529732967197,26,11,7,37075.91353131957,15,3,31,443,31,q4,False,0,0,0,41,0.935913699970115,1,12,complete_coverage,random,386,11,10116.182706263917
11,no_shared,954.3072462148307,26,11,7,39121.89854181569,15,3,31,440,31,q4,False,0,0,0,41,1.0777870999881998,1,0,complete_coverage,random,373,11,10497.379708363138
11,phase30,885.054906743172,15,11,7,34353.01987087446,4,2,31,471,31,q4,False,0,0,0,41,1.075933600019198,1,25,complete_coverage,random,443,11,9735.603974174892
11,dense,965.0901445291136,22,11,7,35999.957949101234,11,4,37,563,37,q4,False,0,0,3,47,0.9541486999951303,1,23,complete_coverage,random,513,11,10615.991589820249
11,trial100,915.0431248774147,27,11,7,37142.3718682578,16,3,31,430,31,q4,False,0,0,0,41,1.0182264000177383,1,11,complete_coverage,random,384,11,10065.474373651561
11,no_trial,926.5044320989074,26,11,7,37162.743765439925,15,6,31,454,31,q4,False,0,0,2,41,1.5626319000148214,1,12,complete_coverage,random,389,11,10191.548753087982
14,original,1323.4619313963342,269,14,5,74767.33519774294,255,5,,469,,q4,False,,,,,1.9386375999893062,2,,complete_coverage,random,395,14,18528.46703954868
14,nearest,702.5458558592085,19,14,5,38143.20991014461,5,3,31,360,31,q4,False,0,0,2,44,1.4846950999926776,2,32,complete_coverage,random,322,14,9835.64198202892
14,twoopt,669.3171258412659,17,14,5,35462.19880888862,3,2,31,371,31,q4,False,0,0,2,44,1.6138981999829412,2,41,complete_coverage,random,344,14,9370.439761777723
14,multistart,636.0357076540092,20,14,5,33057.49953578063,6,2,31,372,31,q4,False,0,0,0,44,2.616148200002499,2,38,complete_coverage,random,345,14,8904.499907156129
14,anneal,636.0357076540092,20,14,5,33057.49953578063,6,2,31,372,31,q4,False,0,0,0,44,3.283977999992203,2,38,complete_coverage,random,345,14,8904.499907156129
14,exact,636.0357076540092,20,14,5,33057.49953578063,6,2,31,372,31,q4,False,0,0,0,44,3.0971164999646135,2,38,complete_coverage,random,345,14,8904.499907156129
14,square,724.0899454390375,19,14,5,36256.29618073259,5,3,45,473,45,q4,False,0,0,2,58,1.94021829997655,2,46,complete_coverage,random,436,14,10137.259236146525
14,optical,657.2764078206256,43,14,5,34919.3485474438,29,4,31,347,31,q4,False,0,0,2,44,1.534481799986679,2,34,complete_coverage,random,326,14,9201.86970948876
14,strip,680.789736263995,43,14,5,35925.28153847964,29,3,31,369,31,q4,False,0,0,0,44,1.4467385999741964,2,41,complete_coverage,random,344,14,9531.05630769593
14,no_shared,812.1961094699312,43,14,5,44503.72766289514,29,10,31,401,31,q4,False,0,0,2,44,1.49695919995429,2,0,complete_coverage,random,308,14,11370.745532579038
14,phase30,607.6280390220144,19,14,5,31878.962731541003,5,1,31,345,31,q4,False,0,0,1,44,1.4144867000286467,2,34,complete_coverage,random,321,14,8506.792546308201
14,dense,695.7463607193898,15,14,5,34952.24525035729,1,2,37,453,37,q4,False,0,0,0,50,1.385275400010869,2,35,complete_coverage,random,412,14,9740.449050071458
14,trial100,666.6162676944431,16,14,5,35343.13873861102,2,2,31,369,31,q4,False,0,0,2,44,1.3824871000251733,2,41,complete_coverage,random,343,14,9332.627747722203
14,no_trial,671.8511664192544,16,14,5,35464.58164934781,2,2,31,378,31,q4,False,0,0,3,44,1.946187200024724,2,41,complete_coverage,random,347,14,9405.91632986956
13,original,1197.1712057303512,105,13,6,61871.12837247268,92,5,,486,,q4,False,,,,,2.492991900013294,3,,complete_coverage,random,418,13,15563.225674494564
13,nearest,730.8426581426985,22,13,6,37304.77277927538,9,3,31,333,31,q4,False,0,0,3,43,2.5314449000288732,3,20,complete_coverage,random,283,13,9500.95455585508
13,twoopt,741.7460488135068,21,13,6,37308.49317287794,8,2,31,355,31,q4,False,0,0,0,43,1.668764200003352,3,28,complete_coverage,random,317,13,9642.698634575589
13,multistart,708.5268297156815,16,13,6,35989.243931519275,3,1,31,328,31,q4,False,0,0,0,43,2.8602646000217646,3,35,complete_coverage,random,299,13,9210.848786303859
13,anneal,708.5268297156815,16,13,6,35989.243931519275,3,1,31,328,31,q4,False,0,0,0,43,3.2244513999903575,3,35,complete_coverage,random,299,13,9210.848786303859
13,exact,708.5268297156815,16,13,6,35989.243931519275,3,1,31,328,31,q4,False,0,0,0,43,4.6411225000047125,3,35,complete_coverage,random,299,13,9210.848786303859
13,square,801.8354633944944,18,13,6,35689.30512064209,5,1,45,540,45,q4,False,0,0,1,57,2.178972400026396,3,49,complete_coverage,random,506,13,10423.861024128426
13,optical,728.7662457111903,27,13,6,36829.80597122737,14,3,31,338,31,q4,False,0,0,0,43,1.7369387000217102,3,26,complete_coverage,random,311,13,9473.961194245474
13,strip,741.7460488135068,21,13,6,37308.49317287794,8,2,31,355,31,q4,False,0,0,0,43,1.7718213999760337,3,28,complete_coverage,random,317,13,9642.698634575589
13,no_shared,877.1226859272384,30,13,6,44662.97458527054,17,10,31,408,31,q4,False,0,0,0,43,1.3447426999919116,3,0,complete_coverage,random,314,13,11402.594917054099
13,phase30,749.9751486318187,24,13,6,36363.384661068216,11,4,31,405,31,q4,False,0,0,0,43,1.343065499968361,3,29,complete_coverage,random,354,13,9749.676932213642
13,dense,755.8026224405706,30,13,6,37552.170458637076,17,2,37,373,37,q4,False,0,0,3,49,1.6951118999859318,3,31,complete_coverage,random,334,13,9825.434091727418
13,trial100,736.738078455362,16,13,6,37272.97509959854,3,0,31,347,31,q4,False,0,0,0,43,1.3647051999578252,3,27,complete_coverage,random,314,13,9577.595019919707
13,no_trial,742.6674814489616,20,13,6,37313.3862941825,7,2,31,357,31,q4,False,0,0,0,43,1.2684788999613374,3,28,complete_coverage,random,321,13,9654.6772588365
15,original,1060.784644589418,100,15,8,65133.84834420635,85,2,,438,,q4,False,,,,,1.275577099993825,4,,complete_coverage,random,365,15,15911.769668841269
15,nearest,655.5739485539053,22,15,8,39018.04614154291,7,2,31,330,31,q4,False,0,0,11,45,1.3942525999736972,4,34,complete_coverage,random,284,15,9833.60922830858
15,twoopt,630.712071983309,35,15,8,36723.40539874811,20,2,31,337,31,q4,False,0,0,13,45,1.709855199966114,4,41,complete_coverage,random,296,15,9460.681079749635
15,multistart,601.6545082483107,22,15,8,35524.0881186233,7,1,31,309,31,q4,False,0,0,3,45,3.097852500039153,4,42,complete_coverage,random,279,15,9024.81762372466
15,anneal,625.8203539766397,34,15,8,36581.526548247966,19,3,31,332,31,q4,False,0,0,11,45,7.401210299984086,4,35,complete_coverage,random,279,15,9387.305309649595
15,exact,601.6545082483107,22,15,8,35524.0881186233,7,1,31,309,31,q4,False,0,0,3,45,7.479583799955435,4,42,complete_coverage,random,279,15,9024.81762372466
15,square,644.6282148968459,16,15,8,37192.1161172634,1,0,45,365,45,q4,False,0,0,5,59,2.467813099967316,4,52,complete_coverage,random,328,15,9669.423223452688
15,optical,594.1212440961673,69,15,8,34559.093307212475,54,6,31,298,31,q4,False,0,0,2,45,5.143884600023739,4,30,complete_coverage,random,273,15,8911.818661442509
15,strip,627.3739376816676,126,15,8,36113.04532612508,111,5,31,301,31,q4,False,0,0,0,45,5.371329999994487,4,30,complete_coverage,random,275,15,9410.609065225013
15,no_shared,726.7821713375664,34,15,8,43248.66285031751,19,8,31,369,31,q4,False,0,0,9,45,3.1850588000379503,4,0,complete_coverage,random,275,15,10901.732570063496
15,phase30,611.9865157425087,22,15,8,35393.98868068815,7,1,31,340,31,q4,False,0,0,3,45,2.719389299978502,4,31,complete_coverage,random,305,15,9179.79773613763
15,dense,639.3747750162935,21,15,8,35918.10812622201,6,1,37,391,37,q4,False,0,0,4,51,2.4061443000100553,4,45,complete_coverage,random,359,15,9590.621625244403
15,trial100,629.1324940610965,34,15,8,36679.93705458218,19,2,31,335,31,q4,False,0,0,13,45,3.2771747999941,4,41,complete_coverage,random,294,15,9436.987410916448
15,no_trial,637.232850923058,34,15,8,36807.4638192293,19,4,31,351,31,q4,False,0,0,11,45,2.4564192999969237,4,47,complete_coverage,random,310,15,9558.49276384587
11,original,1441.7894121113336,159,11,7,58998.41766612309,148,4,,604,,q4,False,,,,,1.1169142999569885,5,,complete_coverage,random,541,11,15859.68353322467
11,nearest,888.0060841699395,25,11,7,37410.33462934666,14,4,31,373,31,q4,False,0,0,0,41,1.5139729999937117,5,16,complete_coverage,random,324,11,9768.066925869334
11,twoopt,832.5643560381828,11,11,7,33531.03958210006,0,0,31,403,31,q4,False,0,0,0,41,2.1435566999716684,5,19,complete_coverage,random,382,11,9158.207916420011
11,multistart,849.1565069994723,19,11,7,33868.60788497099,8,2,31,420,31,q4,False,0,0,0,41,4.3137849000049755,5,20,complete_coverage,random,388,11,9340.721576994196
11,anneal,849.1565069994723,19,11,7,33868.60788497099,8,2,31,420,31,q4,False,0,0,0,41,4.525768299994525,5,20,complete_coverage,random,388,11,9340.721576994196
11,exact,851.1221552731964,20,11,7,33936.71854002583,9,2,31,421,31,q4,False,0,0,0,41,5.378161500033457,5,19,complete_coverage,random,388,11,9362.34370800516
11,square,958.5137405180536,11,11,7,36598.25572849292,0,0,45,534,45,q4,False,0,0,2,55,2.210024899977725,5,32,complete_coverage,random,499,11,10543.65114569859
11,optical,831.4528904098927,14,11,7,33489.90897254409,3,1,31,401,31,q4,False,0,0,0,41,2.158724299981259,5,19,complete_coverage,random,379,11,9145.98179450882
11,strip,832.5643560381828,11,11,7,33531.03958210006,0,0,31,403,31,q4,False,0,0,0,41,2.2640067000174895,5,19,complete_coverage,random,382,11,9158.207916420011
11,no_shared,1011.367203895907,31,11,7,42075.19621427485,20,7,31,445,31,q4,False,0,0,0,41,2.1175480999518186,5,0,complete_coverage,random,370,11,11125.039242854977
11,phase30,882.8955940814103,16,11,7,35994.25767447755,5,1,31,412,31,q4,False,0,0,0,41,1.7103342000045814,5,32,complete_coverage,random,383,11,9711.851534895513
11,dense,950.51675346036,21,11,7,39698.4214403198,10,2,37,412,37,q4,False,0,0,0,47,2.387599000008777,5,12,complete_coverage,random,371,11,10455.68428806396
11,trial100,831.7501489490755,11,11,7,33516.25819219915,0,0,31,402,31,q4,False,0,0,0,41,2.124484100029804,5,19,complete_coverage,random,381,11,9149.251638439831
11,no_trial,854.2660919207635,13,11,7,34219.635055641986,2,2,31,421,31,q4,False,0,0,0,41,2.238398800021969,5,21,complete_coverage,random,387,11,9396.927011128399
10,original,1528.3565717696722,155,10,5,57552.828588483484,145,4,,558,,q4,False,,,,,1.7287577000097372,6,,complete_coverage,random,498,10,15283.565717696722
10,nearest,904.0172038515641,16,10,5,33320.860192578206,6,1,31,391,31,q4,False,0,0,4,40,1.8766504000523128,6,21,complete_coverage,random,353,10,9040.17203851564
10,twoopt,943.8157535300686,19,10,5,33645.787676503445,9,2,31,444,31,q4,False,0,0,0,40,2.18963390000863,6,31,complete_coverage,random,412,10,9438.157535300687
10,multistart,878.8483802828084,11,10,5,32522.419014140414,1,0,31,376,31,q4,False,0,0,3,40,4.888141000003088,6,38,complete_coverage,random,351,10,8788.483802828085
10,anneal,878.8483802828084,11,10,5,32522.419014140414,1,0,31,376,31,q4,False,0,0,3,40,5.65784410003107,6,38,complete_coverage,random,351,10,8788.483802828085
10,exact,878.8483802828084,11,10,5,32522.419014140414,1,0,31,376,31,q4,False,0,0,3,40,5.452726699993946,6,38,complete_coverage,random,351,10,8788.483802828085
10,square,1006.8231222184171,11,10,5,33851.15611092083,1,1,45,547,45,q4,False,0,0,2,54,1.9537717999774031,6,33,complete_coverage,random,510,10,10068.231222184171
10,optical,938.6080137030151,33,10,5,33695.400685150744,23,3,31,425,31,q4,False,0,0,0,40,1.1263857000158168,6,28,complete_coverage,random,403,10,9386.08013703015
10,strip,943.8157535300686,19,10,5,33645.787676503445,9,2,31,444,31,q4,False,0,0,0,40,1.2559473000001162,6,31,complete_coverage,random,412,10,9438.157535300687
10,no_shared,1144.1873554392175,38,10,5,42884.367771960904,28,9,31,470,31,q4,False,0,0,1,40,1.1846228000358678,6,0,complete_coverage,random,381,10,11441.873554392176
10,phase30,973.5805640476761,20,10,5,36454.02820238381,10,3,31,401,31,q4,False,0,0,4,40,1.6195662000100128,6,24,complete_coverage,random,360,10,9735.805640476761
10,dense,988.8362794090932,10,10,5,35131.81397045466,0,0,37,475,37,q4,False,0,0,4,46,1.5927488000015728,6,19,complete_coverage,random,437,10,9888.362794090932
10,trial100,943.1130791542457,17,10,5,33715.653957712275,7,1,31,441,31,q4,False,0,0,0,40,1.6303598000085913,6,31,complete_coverage,random,412,10,9431.130791542457
10,no_trial,944.603370675567,18,10,5,33650.16853377837,8,2,31,446,31,q4,False,0,0,0,40,2.095110399997793,6,32,complete_coverage,random,412,10,9446.03370675567
13,original,1327.6577411705887,277,13,7,67752.75317608792,264,6,,487,,q4,False,,,,,2.2835054000024684,7,,complete_coverage,random,417,13,17259.550635217653
13,nearest,790.1925015122132,41,13,7,40287.512598293826,28,4,31,352,31,q4,False,0,0,5,43,2.435516399971675,7,29,complete_coverage,random,306,13,10272.502519658772
13,twoopt,747.0473013915794,40,13,7,37293.074590452656,27,3,31,359,31,q4,False,0,0,7,43,2.5501985999871977,7,38,complete_coverage,random,312,13,9711.614918090532
13,multistart,674.4673751599532,15,13,7,33470.379385396955,2,1,31,339,31,q4,False,0,0,6,43,6.994343500002287,7,40,complete_coverage,random,308,13,8768.075877079393
13,anneal,674.4673751599532,15,13,7,33470.379385396955,2,1,31,339,31,q4,False,0,0,6,43,8.706680200004485,7,40,complete_coverage,random,308,13,8768.075877079393
13,exact,674.4673751599532,15,13,7,33470.379385396955,2,1,31,339,31,q4,False,0,0,6,43,9.387803299992811,7,40,complete_coverage,random,308,13,8768.075877079393
13,square,800.1496693832049,14,13,7,38594.72850990829,1,0,45,441,45,q4,False,0,0,2,57,3.63425990001997,7,40,complete_coverage,random,410,13,10401.945701981664
13,optical,716.9501592607313,74,13,7,35926.76035194755,61,5,31,319,31,q4,False,0,0,3,43,2.5215456999721937,7,29,complete_coverage,random,292,13,9320.352070389506
13,strip,751.6565878475466,99,13,7,37177.67821009055,86,5,31,341,31,q4,False,0,0,0,43,2.3858877000166103,7,37,complete_coverage,random,308,13,9771.535642018105
13,no_shared,883.1764333566666,57,13,7,45951.46816818332,44,9,31,364,31,q4,False,0,0,6,43,2.2020313999964856,7,0,complete_coverage,random,274,13,11481.293633636666
13,phase30,755.9934327733298,25,13,7,38874.57313026644,12,2,31,331,31,q4,False,0,0,0,43,1.9905147000099532,7,31,complete_coverage,random,297,13,9827.914626053287
13,dense,767.9963923650877,17,13,7,37084.76550373068,4,2,37,422,37,q4,False,0,0,4,49,1.9033469000132754,7,35,complete_coverage,random,380,13,9983.95310074614
13,trial100,747.0473013915794,40,13,7,37293.074590452656,27,3,31,359,31,q4,False,0,0,7,43,1.94623339996906,7,38,complete_coverage,random,312,13,9711.614918090532
13,no_trial,749.7291908568509,38,13,7,37327.3974056953,25,3,31,365,31,q4,False,0,0,7,43,1.9836767999804579,7,42,complete_coverage,random,316,13,9746.479481139062
16,original,1055.0729299156797,255,16,6,69730.83439325444,239,4,,368,,q4,False,,,,,2.4490740000037476,8,,complete_upper_bound,random,298,16,16881.166878650874
16,nearest,633.5855439221156,35,16,6,41736.84351376926,19,7,31,285,31,q4,False,0,0,11,46,2.6700917999842204,8,39,complete_upper_bound,random,228,16,10137.368702753849
16,twoopt,526.0967130803845,29,16,6,32242.73704643078,13,4,25,316,31,q4,False,6,0,5,40,2.637372899975162,8,38,complete_upper_bound,random,270,16,8417.547409286151
16,multistart,525.4400692823824,18,16,6,33480.20554259058,2,1,29,276,31,q4,False,2,0,2,44,11.676800000015646,8,57,complete_upper_bound,random,245,16,8407.041108518119
16,anneal,525.4400692823824,18,16,6,33480.20554259058,2,1,29,276,31,q4,False,2,0,2,44,8.488430099969264,8,57,complete_upper_bound,random,245,16,8407.041108518119
16,exact,525.4400692823824,18,16,6,33480.20554259058,2,1,29,276,31,q4,False,2,0,2,44,7.021043699991424,8,57,complete_upper_bound,random,245,16,8407.041108518119
16,square,577.9412913811276,20,16,6,32955.303310490184,4,1,43,432,45,q4,False,2,0,3,58,4.313514000037685,8,69,complete_upper_bound,random,404,16,9247.060662098042
16,optical,499.8297818180145,69,16,6,30751.382545441145,53,7,25,271,31,q4,False,6,0,1,40,3.3738906999933533,8,30,complete_upper_bound,random,253,16,7997.276509088232
16,strip,519.1027918556789,59,16,6,31673.22334845429,43,4,25,300,31,q4,False,6,0,0,40,3.336839900002815,8,36,complete_upper_bound,random,262,16,8305.644669690862
16,no_shared,592.2925834350997,70,16,6,37608.406674808,54,12,21,303,31,q4,False,10,0,2,36,3.630575899966061,8,0,complete_upper_bound,random,198,16,9476.681334961595
16,phase30,492.63140631808017,20,16,6,30675.512505446408,4,2,24,280,31,q4,False,7,0,0,39,4.387730800022837,8,53,complete_upper_bound,random,255,16,7882.102501089283
16,dense,311.3999208297871,32,16,6,18886.993666382965,16,3,14,184,37,q4,False,23,0,0,29,3.417291399964597,8,37,complete_upper_bound,random,157,16,4982.398733276594
16,trial100,530.2928491909162,28,16,6,32653.427935273307,12,2,25,314,31,q4,False,6,0,7,40,3.3757069000275806,8,36,complete_upper_bound,random,268,16,8484.685587054659
16,no_trial,532.7209090470827,28,16,6,32562.67272376662,12,4,25,325,31,q4,False,6,0,3,40,3.351823000004515,8,38,complete_upper_bound,random,270,16,8523.534544753324
14,original,1212.6832363836834,198,14,6,67617.82654685748,184,3,,484,,q4,False,,,,,2.459807700011879,9,,complete_coverage,random,412,14,16977.565309371566
14,nearest,626.07380306849,18,14,6,34560.16621479429,4,2,31,300,31,q4,False,0,0,0,44,2.7628329999861307,9,27,complete_coverage,random,271,14,8765.03324295886
14,twoopt,658.7050065019306,17,14,6,34959.35045513515,3,3,31,365,31,q4,False,0,0,0,44,2.8735188000136986,9,36,complete_coverage,random,326,14,9221.870091027029
14,multistart,648.0799950461745,23,14,6,34935.5996532322,9,1,31,336,31,q4,False,0,0,4,44,6.585671399952844,9,37,complete_coverage,random,309,14,9073.119930646444
14,anneal,648.0799950461745,23,14,6,34935.5996532322,9,1,31,336,31,q4,False,0,0,4,44,10.13129749998916,9,37,complete_coverage,random,309,14,9073.119930646444
14,exact,648.0799950461745,23,14,6,34935.5996532322,9,1,31,336,31,q4,False,0,0,4,44,9.247814900008962,9,37,complete_coverage,random,309,14,9073.119930646444
14,square,717.7861655479213,17,14,6,37610.03158835445,3,0,45,414,45,q4,False,0,0,0,58,4.1145110000506975,9,41,complete_coverage,random,378,14,10049.006317670899
14,optical,638.3116325823692,59,14,6,34246.81428076584,45,7,31,318,31,q4,False,0,0,0,44,3.9568934999988414,9,22,complete_coverage,random,292,14,8936.362856153168
14,strip,658.7050065019306,17,14,6,34959.35045513515,3,3,31,365,31,q4,False,0,0,0,44,3.9310870999470353,9,36,complete_coverage,random,326,14,9221.870091027029
14,no_shared,746.0676670617956,28,14,6,41289.73669432568,14,5,31,359,31,q4,False,0,0,0,44,3.7733806999749504,9,0,complete_coverage,random,280,14,10444.947338865139
14,phase30,630.4615093430264,16,14,6,34922.30565401184,2,1,31,299,31,q4,False,0,0,2,44,4.110089800029527,9,34,complete_coverage,random,271,14,8826.461130802369
14,dense,704.6344664143188,17,14,6,36324.41264900234,3,2,37,425,37,q4,False,0,0,1,50,3.996704099990893,9,46,complete_coverage,random,396,14,9864.882529800463
14,trial100,656.5590402961482,18,14,6,35064.13282073038,4,2,31,355,31,q4,False,0,0,0,44,3.907704300014302,9,34,complete_coverage,random,322,14,9191.826564146075
14,no_trial,677.9625670981768,21,14,6,35797.379696872384,7,7,31,383,31,q4,False,0,0,1,44,3.8092872999841347,9,36,complete_coverage,random,326,14,9491.475939374475
13,original,1302.5965561758928,258,13,7,66743.77615143282,245,5,,475,,q4,False,,,,,3.8754196999943815,10,,complete_coverage,random,410,13,16933.755230286606
13,nearest,807.0796075483343,29,13,7,40350.17449064172,16,4,31,393,31,q4,False,0,0,4,43,7.177397599967662,10,39,complete_coverage,random,344,13,10492.034898128346
13,twoopt,686.6150108064711,21,13,7,33919.97570242062,8,3,31,349,31,q4,False,0,0,3,43,9.662782399973366,10,34,complete_coverage,random,308,13,8925.995140484125
13,multistart,690.9107392408282,16,13,7,34854.198050653824,3,2,31,329,31,q4,False,0,0,3,43,20.1575514000142,10,22,complete_coverage,random,292,13,8981.839610130766
13,anneal,658.9837101656456,15,13,7,32978.94116076696,2,1,31,323,31,q4,False,0,0,3,43,19.037781200022437,10,21,complete_coverage,random,285,13,8566.788232153393
13,exact,696.8553861539308,16,13,7,35275.6001000055,3,2,31,328,31,q4,False,0,0,3,43,15.69355850003194,10,21,complete_coverage,random,290,13,9059.1200200011
13,square,770.609889498241,17,13,7,35629.64281738563,4,1,45,476,45,q4,False,0,0,0,57,7.840999800013378,10,43,complete_coverage,random,435,13,10017.928563477133
13,optical,670.3065728478285,49,13,7,33429.927235108844,36,4,31,313,31,q4,False,0,0,2,43,3.821608100028243,10,23,complete_coverage,random,290,13,8713.98544702177
13,strip,678.1383677664976,25,13,7,33498.99390482233,12,3,31,342,31,q4,False,0,0,0,43,4.1580046999733895,10,34,complete_coverage,random,305,13,8815.79878096447
13,no_shared,836.8591484048526,30,13,7,42930.84464631536,17,6,31,376,31,q4,False,0,0,4,43,3.753666600037832,10,0,complete_coverage,random,297,13,10879.168929263084
13,phase30,738.2958590631063,27,13,7,35994.23083910192,14,4,31,390,31,q4,False,0,0,0,43,3.838522700010799,10,33,complete_coverage,random,342,13,9597.846167820382
13,dense,771.2782737388538,19,13,7,38028.087793025494,6,1,37,395,37,q4,False,0,0,1,49,3.949398699973244,10,32,complete_coverage,random,363,13,10026.6175586051
13,trial100,684.2198590095023,20,13,7,34029.29083561764,7,2,31,339,31,q4,False,0,0,4,43,3.463750599999912,10,34,complete_coverage,random,308,13,8894.85816712353
13,no_trial,699.0575559378673,21,13,7,34408.74113596137,8,4,31,361,31,q4,False,0,0,3,43,2.6019865999696776,10,35,complete_coverage,random,312,13,9087.748227192274
